protein_id,length,A_frac,G_frac,V_frac,L_frac
NP_414542.1,21,0.047619047619047616,0.14285714285714285,0.0,0.0
NP_414543.1,820,0.11097560975609756,0.07682926829268293,0.08414634146341464,0.10853658536585366
NP_414544.1,310,0.11935483870967742,0.08709677419354839,0.07419354838709677,0.1
NP_414545.1,428,0.10981308411214953,0.06542056074766354,0.0630841121495327,0.1261682242990654
NP_414546.1,98,0.07142857142857142,0.11224489795918367,0.05102040816326531,0.07142857142857142
NP_414547.1,258,0.07364341085271318,0.05426356589147287,0.027131782945736434,0.12015503875968993
NP_414548.1,476,0.11764705882352941,0.09453781512605042,0.06932773109243698,0.11134453781512606
NP_414549.1,317,0.12302839116719243,0.05362776025236593,0.050473186119873815,0.10410094637223975
NP_414550.1,195,0.08205128205128205,0.07179487179487179,0.09230769230769231,0.10256410256410256
NP_414551.1,188,0.10638297872340426,0.14361702127659576,0.047872340425531915,0.16489361702127658
NP_414552.1,237,0.08016877637130802,0.07172995780590717,0.05907172995780591,0.16455696202531644
NP_414554.1,134,0.09701492537313433,0.04477611940298507,0.04477611940298507,0.09701492537313433
NP_414555.1,638,0.109717868338558,0.07366771159874608,0.07366771159874608,0.07523510971786834
NP_414556.1,376,0.07180851063829788,0.14095744680851063,0.06648936170212766,0.061170212765957445
NP_414557.1,370,0.12972972972972974,0.07837837837837838,0.03783783783783784,0.12702702702702703
NP_414559.1,69,0.11594202898550725,0.014492753623188406,0.14492753623188406,0.07246376811594203
NP_414560.1,388,0.12628865979381443,0.09278350515463918,0.08247422680412371,0.16494845360824742
NP_414561.1,301,0.07641196013289037,0.059800664451827246,0.06976744186046512,0.10963455149501661
NP_414562.1,167,0.03592814371257485,0.0658682634730539,0.0718562874251497,0.10778443113772455
NP_414563.1,91,0.07692307692307693,0.0989010989010989,0.054945054945054944,0.054945054945054944
NP_414564.1,87,0.21839080459770116,0.022988505747126436,0.022988505747126436,0.034482758620689655
NP_414565.1,72,0.1111111111111111,0.09722222222222222,0.041666666666666664,0.125
NP_414566.1,313,0.08945686900958466,0.0926517571884984,0.08306709265175719,0.134185303514377
NP_414567.1,938,0.09808102345415778,0.07995735607675906,0.07889125799573561,0.08208955223880597
NP_414568.1,164,0.10975609756097561,0.09146341463414634,0.07317073170731707,0.13414634146341464
NP_414569.1,149,0.08053691275167785,0.087248322147651,0.06040268456375839,0.10738255033557047
NP_414570.1,316,0.0949367088607595,0.06962025316455696,0.11708860759493671,0.07278481012658228
NP_414571.1,304,0.12828947368421054,0.07236842105263158,0.07894736842105263,0.11842105263157894
NP_414572.1,273,0.14652014652014653,0.11721611721611722,0.0695970695970696,0.08791208791208792
NP_414573.1,382,0.10209424083769633,0.08638743455497382,0.060209424083769635,0.09424083769633508
NP_414574.1,1073,0.1043802423112768,0.07735321528424977,0.08760484622553588,0.07735321528424977
NP_414576.4,131,0.04580152671755725,0.030534351145038167,0.08396946564885496,0.0916030534351145
NP_414577.2,196,0.07653061224489796,0.12244897959183673,0.09693877551020408,0.08163265306122448
NP_414578.2,261,0.13793103448275862,0.08812260536398467,0.06513409961685823,0.09578544061302682
NP_414579.4,517,0.07930367504835589,0.06576402321083172,0.059961315280464215,0.08123791102514506
NP_414580.1,405,0.09135802469135802,0.08888888888888889,0.04691358024691358,0.08148148148148149
NP_414581.1,380,0.09473684210526316,0.09210526315789473,0.060526315789473685,0.07631578947368421
NP_414582.1,504,0.07936507936507936,0.07738095238095238,0.07936507936507936,0.11507936507936507
NP_414583.2,256,0.15234375,0.05859375,0.078125,0.0859375
NP_414584.1,313,0.14376996805111822,0.07987220447284345,0.07667731629392971,0.08626198083067092
NP_414585.1,428,0.11214953271028037,0.10514018691588785,0.08177570093457943,0.10747663551401869
NP_414586.1,95,0.07368421052631578,0.10526315789473684,0.10526315789473684,0.09473684210526316
NP_414587.1,443,0.08126410835214447,0.1038374717832957,0.07223476297968397,0.12415349887133183
NP_414588.1,176,0.09090909090909091,0.07954545454545454,0.028409090909090908,0.11363636363636363
NP_414589.1,620,0.11290322580645161,0.08387096774193549,0.07258064516129033,0.1532258064516129
NP_414590.1,159,0.08176100628930817,0.06289308176100629,0.06918238993710692,0.06918238993710692
NP_414591.1,280,0.08571428571428572,0.08214285714285714,0.04642857142857143,0.13214285714285715
NP_414592.1,125,0.048,0.096,0.104,0.064
NP_414593.1,273,0.08791208791208792,0.054945054945054944,0.08791208791208792,0.0989010989010989
NP_414594.1,329,0.11246200607902736,0.0911854103343465,0.08206686930091185,0.13069908814589665
NP_414595.1,428,0.11214953271028037,0.06074766355140187,0.05841121495327103,0.08644859813084112
NP_414596.1,784,0.0625,0.06887755102040816,0.06377551020408163,0.06887755102040816
NP_414597.1,271,0.1033210332103321,0.0996309963099631,0.04797047970479705,0.08118081180811808
NP_414600.1,219,0.091324200913242,0.0502283105022831,0.0821917808219178,0.091324200913242
NP_414601.1,968,0.0878099173553719,0.05578512396694215,0.05991735537190083,0.12086776859504132
NP_414602.1,783,0.07151979565772669,0.07279693486590039,0.0561941251596424,0.10344827586206896
NP_414603.1,231,0.09090909090909091,0.08225108225108226,0.09090909090909091,0.06926406926406926
NP_414604.1,500,0.086,0.078,0.07,0.096
NP_414605.1,566,0.13957597173144876,0.07597173144876325,0.06890459363957598,0.08657243816254417
NP_414606.1,292,0.07191780821917808,0.07191780821917808,0.05136986301369863,0.10616438356164383
NP_414607.1,254,0.08267716535433071,0.09448818897637795,0.08267716535433071,0.17716535433070865
NP_414608.1,232,0.09051724137931035,0.08620689655172414,0.0603448275862069,0.15517241379310345
NP_414609.1,536,0.11194029850746269,0.061567164179104475,0.07649253731343283,0.1921641791044776
NP_414610.1,327,0.1162079510703364,0.0581039755351682,0.08256880733944955,0.11314984709480122
NP_414611.1,551,0.06715063520871144,0.0544464609800363,0.043557168784029036,0.1306715063520871
NP_414613.1,201,0.10945273631840796,0.06467661691542288,0.05970149253731343,0.08955223880597014
NP_414614.1,466,0.11802575107296137,0.10085836909871244,0.07510729613733906,0.06437768240343347
NP_414615.4,363,0.1184573002754821,0.0881542699724518,0.049586776859504134,0.09641873278236915
NP_414616.1,523,0.11663479923518165,0.06692160611854685,0.08795411089866156,0.06883365200764818
NP_414617.1,28,0.03571428571428571,0.10714285714285714,0.07142857142857142,0.17857142857142858
NP_414618.4,314,0.07961783439490445,0.03184713375796178,0.08598726114649681,0.10191082802547771
NP_414620.1,163,0.05521472392638037,0.08588957055214724,0.11042944785276074,0.11042944785276074
NP_414622.1,334,0.10179640718562874,0.041916167664670656,0.0748502994011976,0.11676646706586827
NP_414623.1,152,0.05921052631578947,0.05921052631578947,0.05921052631578947,0.16447368421052633
NP_414624.1,313,0.09584664536741214,0.07987220447284345,0.054313099041533544,0.09904153354632587
NP_414625.1,121,0.06611570247933884,0.049586776859504134,0.09090909090909091,0.14049586776859505
NP_414626.1,588,0.0935374149659864,0.0935374149659864,0.09183673469387756,0.08333333333333333
NP_414627.1,495,0.13333333333333333,0.08686868686868687,0.08888888888888889,0.10505050505050505
NP_414628.1,452,0.1415929203539823,0.08628318584070796,0.08185840707964602,0.11946902654867257
NP_414629.1,360,0.08055555555555556,0.1,0.12222222222222222,0.1361111111111111
NP_414630.1,438,0.1187214611872146,0.091324200913242,0.0776255707762557,0.1278538812785388
NP_414631.1,414,0.08454106280193237,0.0893719806763285,0.07004830917874397,0.16183574879227053
NP_414632.1,355,0.15211267605633802,0.10422535211267606,0.09295774647887324,0.08450704225352113
NP_414633.1,491,0.109979633401222,0.0835030549898167,0.07739307535641547,0.08757637474541752
NP_414634.1,306,0.10130718954248366,0.10130718954248366,0.0718954248366013,0.13398692810457516
NP_414635.1,276,0.06884057971014493,0.06159420289855073,0.07246376811594203,0.11231884057971014
NP_414636.1,420,0.08571428571428572,0.09523809523809523,0.11904761904761904,0.08571428571428572
NP_414637.1,383,0.1227154046997389,0.10966057441253264,0.09921671018276762,0.07571801566579635
NP_414638.1,305,0.10491803278688525,0.06229508196721312,0.07213114754098361,0.09508196721311475
NP_414639.2,170,0.12941176470588237,0.052941176470588235,0.03529411764705882,0.12352941176470589
NP_414640.1,901,0.08990011098779134,0.06215316315205328,0.06548279689234185,0.09100998890122086
NP_414641.1,129,0.06976744186046512,0.07751937984496124,0.05426356589147287,0.08527131782945736
NP_414643.1,65,0.03076923076923077,0.06153846153846154,0.046153846153846156,0.046153846153846156
NP_414644.1,247,0.05668016194331984,0.05263157894736842,0.05263157894736842,0.15789473684210525
NP_414645.1,206,0.14563106796116504,0.043689320388349516,0.09223300970873786,0.0970873786407767
NP_414646.1,347,0.0893371757925072,0.10662824207492795,0.0893371757925072,0.07204610951008646
NP_414648.1,400,0.1,0.0675,0.04,0.175
NP_414649.1,461,0.0911062906724512,0.06724511930585683,0.08026030368763558,0.13232104121475055
NP_414650.1,146,0.08904109589041095,0.0958904109589041,0.0821917808219178,0.08904109589041095
NP_414651.1,297,0.08754208754208755,0.07407407407407407,0.08754208754208755,0.12121212121212122
NP_414652.1,183,0.09289617486338798,0.07103825136612021,0.060109289617486336,0.07650273224043716
NP_414653.1,284,0.10211267605633803,0.07394366197183098,0.09154929577464789,0.16549295774647887
NP_414654.1,457,0.1137855579868709,0.09190371991247265,0.10065645514223195,0.11816192560175055
NP_414655.1,254,0.08661417322834646,0.03543307086614173,0.03937007874015748,0.14960629921259844
NP_414656.1,887,0.08117249154453213,0.08906426155580609,0.05749718151071026,0.07891770011273957
NP_414657.1,630,0.1523809523809524,0.08095238095238096,0.10793650793650794,0.05238095238095238
NP_414658.1,474,0.10548523206751055,0.10759493670886076,0.0949367088607595,0.07172995780590717
NP_414659.1,617,0.1085899513776337,0.03565640194489465,0.07941653160453808,0.04862236628849271
NP_414660.1,865,0.11213872832369942,0.08786127167630058,0.06705202312138728,0.10173410404624278
NP_414661.2,120,0.075,0.075,0.10833333333333334,0.08333333333333333
NP_414662.1,264,0.05303030303030303,0.041666666666666664,0.05303030303030303,0.08712121212121213
NP_414663.1,288,0.09027777777777778,0.07291666666666667,0.06597222222222222,0.07291666666666667
NP_414664.4,115,0.11304347826086956,0.05217391304347826,0.06086956521739131,0.12173913043478261
NP_414665.1,516,0.08333333333333333,0.09883720930232558,0.07170542635658915,0.10077519379844961
NP_414666.1,796,0.09296482412060302,0.0942211055276382,0.07035175879396985,0.08919597989949749
NP_414667.4,178,0.03932584269662921,0.06741573033707865,0.09550561797752809,0.09550561797752809
NP_414668.1,220,0.05454545454545454,0.07272727272727272,0.07272727272727272,0.12727272727272726
NP_414669.1,308,0.06168831168831169,0.08116883116883117,0.06818181818181818,0.13636363636363635
NP_414670.1,256,0.05859375,0.08984375,0.12109375,0.12890625
NP_414671.1,146,0.07534246575342465,0.0547945205479452,0.06164383561643835,0.11643835616438356
NP_414672.1,409,0.08801955990220049,0.061124694376528114,0.06845965770171149,0.10268948655256724
NP_414673.1,126,0.14285714285714285,0.06349206349206349,0.07936507936507936,0.03968253968253968
NP_414674.1,300,0.06,0.05,0.05333333333333334,0.12333333333333334
NP_414675.1,283,0.08480565371024736,0.0636042402826855,0.08480565371024736,0.11307420494699646
NP_414676.1,264,0.12878787878787878,0.09848484848484848,0.08712121212121213,0.09848484848484848
NP_414677.1,412,0.04611650485436893,0.09223300970873786,0.06553398058252427,0.0703883495145631
NP_414678.1,198,0.06565656565656566,0.09595959595959595,0.09090909090909091,0.07575757575757576
NP_414679.1,201,0.13432835820895522,0.05472636815920398,0.11442786069651742,0.04975124378109453
NP_414680.4,189,0.06878306878306878,0.07407407407407407,0.042328042328042326,0.06878306878306878
NP_414681.1,865,0.06242774566473988,0.08208092485549133,0.058959537572254334,0.07283236994219654
NP_414682.1,246,0.08130081300813008,0.06504065040650407,0.07317073170731707,0.07723577235772358
NP_414683.1,194,0.10824742268041238,0.10309278350515463,0.08247422680412371,0.06701030927835051
NP_414684.1,159,0.08176100628930817,0.050314465408805034,0.050314465408805034,0.13836477987421383
NP_414685.4,465,0.08387096774193549,0.053763440860215055,0.05591397849462366,0.1053763440860215
NP_414686.3,308,0.09740259740259741,0.06818181818181818,0.05844155844155844,0.1038961038961039
NP_414687.1,151,0.08609271523178808,0.046357615894039736,0.039735099337748346,0.07947019867549669
NP_414688.1,234,0.09829059829059829,0.05128205128205128,0.05128205128205128,0.09401709401709402
NP_414689.4,176,0.11363636363636363,0.056818181818181816,0.03409090909090909,0.11931818181818182
NP_414690.4,809,0.11372064276885044,0.06427688504326329,0.05686032138442522,0.15822002472187885
NP_414691.1,844,0.08056872037914692,0.07819905213270142,0.06753554502369669,0.09834123222748815
NP_414692.1,747,0.09236947791164658,0.08299866131191433,0.08032128514056225,0.06157965194109773
NP_414693.1,265,0.1018867924528302,0.09056603773584905,0.06415094339622641,0.1320754716981132
NP_414694.1,296,0.10810810810810811,0.060810810810810814,0.060810810810810814,0.13175675675675674
NP_414695.1,660,0.1303030303030303,0.09393939393939393,0.07575757575757576,0.18787878787878787
NP_414696.1,426,0.12206572769953052,0.107981220657277,0.08450704225352113,0.08450704225352113
NP_414697.1,473,0.1226215644820296,0.12050739957716702,0.06342494714587738,0.1416490486257928
NP_414698.1,114,0.05263157894736842,0.12280701754385964,0.08771929824561403,0.07894736842105263
NP_414699.1,207,0.10144927536231885,0.10628019323671498,0.14009661835748793,0.12077294685990338
NP_414700.1,266,0.11654135338345864,0.04887218045112782,0.07142857142857142,0.09774436090225563
NP_414701.1,232,0.13793103448275862,0.09482758620689655,0.09051724137931035,0.09913793103448276
NP_414702.1,505,0.06732673267326733,0.041584158415841586,0.05148514851485148,0.12475247524752475
NP_414703.1,474,0.0949367088607595,0.11181434599156118,0.08016877637130802,0.08860759493670886
NP_414704.4,385,0.07532467532467532,0.07012987012987013,0.07012987012987013,0.14545454545454545
NP_414705.1,128,0.03125,0.0390625,0.0625,0.09375
NP_414706.2,270,0.08888888888888889,0.08148148148148149,0.05925925925925926,0.1259259259259259
NP_414708.1,274,0.08759124087591241,0.0948905109489051,0.12043795620437957,0.05474452554744526
NP_414709.1,890,0.07303370786516854,0.051685393258426963,0.056179775280898875,0.13707865168539327
NP_414710.1,264,0.05303030303030303,0.08333333333333333,0.09090909090909091,0.06060606060606061
NP_414711.1,241,0.1037344398340249,0.07053941908713693,0.07053941908713693,0.08713692946058091
NP_414712.1,283,0.13780918727915195,0.08480565371024736,0.10247349823321555,0.05653710247349823
NP_414713.1,241,0.11618257261410789,0.0954356846473029,0.08713692946058091,0.11203319502074689
NP_414714.1,185,0.10270270270270271,0.032432432432432434,0.08108108108108109,0.08108108108108109
NP_414715.1,398,0.12311557788944724,0.052763819095477386,0.07788944723618091,0.10804020100502512
NP_414716.1,253,0.1067193675889328,0.07905138339920949,0.05533596837944664,0.09486166007905138
NP_414717.2,285,0.10526315789473684,0.08771929824561403,0.08771929824561403,0.17543859649122806
NP_414718.1,450,0.08444444444444445,0.09333333333333334,0.09777777777777778,0.11555555555555555
NP_414719.1,810,0.05802469135802469,0.09259259259259259,0.08148148148148149,0.07037037037037037
NP_414720.1,161,0.14285714285714285,0.043478260869565216,0.08074534161490683,0.08695652173913043
NP_414721.1,341,0.0967741935483871,0.11143695014662756,0.093841642228739,0.05865102639296188
NP_414722.1,151,0.0728476821192053,0.07947019867549669,0.09271523178807947,0.09933774834437085
NP_414723.1,262,0.09541984732824428,0.11450381679389313,0.09541984732824428,0.04580152671755725
NP_414724.1,382,0.12303664921465969,0.06282722513089005,0.07329842931937172,0.13350785340314136
NP_414725.1,198,0.1414141414141414,0.0707070707070707,0.08080808080808081,0.10606060606060606
NP_414726.1,1160,0.08793103448275862,0.08103448275862069,0.06465517241379311,0.10517241379310345
NP_414727.1,319,0.11598746081504702,0.08150470219435736,0.047021943573667714,0.10344827586206896
NP_414728.1,713,0.07012622720897616,0.07012622720897616,0.05890603085553997,0.09537166900420757
NP_414729.4,129,0.08527131782945736,0.046511627906976744,0.06201550387596899,0.10077519379844961
NP_414730.1,432,0.1111111111111111,0.06944444444444445,0.07407407407407407,0.13657407407407407
NP_414731.2,84,0.05952380952380952,0.03571428571428571,0.08333333333333333,0.13095238095238096
NP_414732.1,181,0.12154696132596685,0.022099447513812154,0.04419889502762431,0.13259668508287292
NP_414733.1,140,0.12857142857142856,0.05,0.05714285714285714,0.07857142857142857
NP_414734.1,236,0.11440677966101695,0.07203389830508475,0.046610169491525424,0.09322033898305085
NP_414735.4,274,0.09124087591240876,0.06569343065693431,0.072992700729927,0.08394160583941605
NP_414736.1,572,0.08916083916083917,0.07167832167832168,0.08566433566433566,0.08566433566433566
NP_414737.1,235,0.09361702127659574,0.06382978723404255,0.08936170212765958,0.09787234042553192
NP_414738.1,134,0.11940298507462686,0.05223880597014925,0.06716417910447761,0.07462686567164178
NP_414739.1,271,0.0959409594095941,0.07749077490774908,0.11439114391143912,0.1070110701107011
NP_414740.1,217,0.10138248847926268,0.10599078341013825,0.12442396313364056,0.11981566820276497
NP_414741.1,343,0.06705539358600583,0.0641399416909621,0.08163265306122448,0.12536443148688048
NP_414742.1,191,0.10471204188481675,0.06282722513089005,0.08376963350785341,0.07329842931937172
NP_414743.1,267,0.12359550561797752,0.04868913857677903,0.056179775280898875,0.10486891385767791
NP_414744.1,304,0.08881578947368421,0.05263157894736842,0.06907894736842106,0.10855263157894737
NP_414745.1,266,0.09774436090225563,0.04887218045112782,0.08646616541353383,0.11278195488721804
NP_414746.1,207,0.12560386473429952,0.04830917874396135,0.08695652173913043,0.08695652173913043
NP_414747.1,452,0.09955752212389381,0.07300884955752213,0.06415929203539823,0.09513274336283185
NP_414748.1,251,0.05976095617529881,0.05976095617529881,0.06772908366533864,0.10756972111553785
NP_414749.2,240,0.075,0.05,0.075,0.1375
NP_414750.1,155,0.09032258064516129,0.09032258064516129,0.05806451612903226,0.07741935483870968
NP_414751.1,243,0.1111111111111111,0.06995884773662552,0.06584362139917696,0.08641975308641975
NP_414752.1,261,0.07279693486590039,0.03065134099616858,0.06896551724137931,0.0842911877394636
NP_414754.1,256,0.12109375,0.06640625,0.06640625,0.1015625
NP_414755.1,157,0.10191082802547771,0.08280254777070063,0.05732484076433121,0.07643312101910828
NP_414756.2,814,0.09950859950859951,0.08722358722358722,0.06511056511056511,0.11793611793611794
NP_414757.1,192,0.11458333333333333,0.09895833333333333,0.0625,0.06770833333333333
NP_414758.1,255,0.058823529411764705,0.09019607843137255,0.06666666666666667,0.08235294117647059
NP_414759.1,246,0.044715447154471545,0.07723577235772358,0.06910569105691057,0.07723577235772358
NP_414760.1,92,0.05434782608695652,0.05434782608695652,0.03260869565217391,0.14130434782608695
NP_414761.1,86,0.13953488372093023,0.046511627906976744,0.05813953488372093,0.11627906976744186
NP_414762.1,249,0.08433734939759036,0.05220883534136546,0.028112449799196786,0.10843373493975904
NP_414763.1,165,0.04242424242424243,0.048484848484848485,0.06060606060606061,0.048484848484848485
NP_414766.1,351,0.08831908831908832,0.06552706552706553,0.06837606837606838,0.10826210826210826
NP_414767.1,97,0.12371134020618557,0.010309278350515464,0.030927835051546393,0.09278350515463918
NP_414768.1,132,0.09848484848484848,0.030303030303030304,0.030303030303030304,0.11363636363636363
NP_414769.1,150,0.08666666666666667,0.03333333333333333,0.06,0.04666666666666667
NP_414772.1,485,0.0865979381443299,0.0865979381443299,0.07216494845360824,0.11134020618556702
NP_414773.1,152,0.07236842105263158,0.08552631578947369,0.10526315789473684,0.07236842105263158
NP_414774.1,414,0.08454106280193237,0.06521739130434782,0.05555555555555555,0.10628019323671498
NP_414776.1,351,0.08831908831908832,0.10541310541310542,0.045584045584045586,0.06552706552706553
NP_414777.1,367,0.1226158038147139,0.1008174386920981,0.0681198910081744,0.10626702997275204
NP_414778.1,417,0.12949640287769784,0.07434052757793765,0.09112709832134293,0.10311750599520383
NP_414779.1,113,0.09734513274336283,0.035398230088495575,0.07964601769911504,0.12389380530973451
NP_414780.1,105,0.05714285714285714,0.06666666666666667,0.02857142857142857,0.12380952380952381
NP_414781.1,158,0.08860759493670886,0.04430379746835443,0.0759493670886076,0.13924050632911392
NP_414782.1,152,0.1118421052631579,0.05263157894736842,0.019736842105263157,0.07236842105263158
NP_414783.1,79,0.06329113924050633,0.0759493670886076,0.06329113924050633,0.06329113924050633
NP_414784.1,155,0.07096774193548387,0.08387096774193549,0.05806451612903226,0.06451612903225806
NP_414785.4,147,0.047619047619047616,0.034013605442176874,0.061224489795918366,0.12244897959183673
NP_414786.4,273,0.06227106227106227,0.07692307692307693,0.06593406593406594,0.10622710622710622
NP_414787.4,287,0.08013937282229965,0.059233449477351915,0.10801393728222997,0.10452961672473868
NP_414788.1,297,0.09427609427609428,0.04713804713804714,0.04040404040404041,0.16161616161616163
NP_414790.1,383,0.057441253263707574,0.057441253263707574,0.04177545691906005,0.10182767624020887
NP_414793.2,326,0.08588957055214724,0.049079754601226995,0.03680981595092025,0.09815950920245399
NP_414794.4,467,0.11777301927194861,0.08779443254817987,0.10278372591006424,0.11134903640256959
NP_414795.1,310,0.16451612903225807,0.07096774193548387,0.05161290322580645,0.13870967741935483
NP_414796.2,348,0.06321839080459771,0.08333333333333333,0.08045977011494253,0.10057471264367816
NP_414798.1,167,0.03592814371257485,0.0658682634730539,0.0718562874251497,0.09580838323353294
NP_414799.1,91,0.07692307692307693,0.0989010989010989,0.054945054945054944,0.04395604395604396
NP_414801.1,384,0.06510416666666667,0.09375,0.046875,0.08854166666666667
NP_414802.2,302,0.09933774834437085,0.08278145695364239,0.076158940397351,0.11589403973509933
NP_414803.1,655,0.11450381679389313,0.11145038167938931,0.06564885496183206,0.08549618320610687
NP_414804.1,460,0.09347826086956522,0.0782608695652174,0.09565217391304348,0.13043478260869565
NP_414805.1,536,0.05037313432835821,0.0914179104477612,0.055970149253731345,0.08395522388059702
NP_414806.1,252,0.10317460317460317,0.07936507936507936,0.051587301587301584,0.14285714285714285
NP_414807.1,334,0.11377245508982035,0.07784431137724551,0.059880239520958084,0.10778443113772455
NP_414808.1,167,0.03592814371257485,0.0658682634730539,0.0718562874251497,0.09580838323353294
NP_414809.1,91,0.07692307692307693,0.0989010989010989,0.054945054945054944,0.04395604395604396
NP_414811.1,208,0.038461538461538464,0.057692307692307696,0.04807692307692308,0.11057692307692307
NP_414812.1,232,0.02586206896551724,0.04310344827586207,0.04310344827586207,0.10344827586206896
NP_414813.1,284,0.028169014084507043,0.035211267605633804,0.08450704225352113,0.07394366197183098
NP_414814.1,146,0.13013698630136986,0.02054794520547945,0.03424657534246575,0.0684931506849315
NP_414815.1,466,0.09227467811158799,0.04721030042918455,0.04721030042918455,0.10300429184549356
NP_414817.1,318,0.11006289308176101,0.08176100628930817,0.06289308176100629,0.12578616352201258
NP_414818.1,732,0.12978142076502733,0.09699453551912568,0.06967213114754098,0.08196721311475409
NP_414819.1,318,0.1540880503144654,0.07861635220125786,0.06918238993710692,0.11320754716981132
NP_414820.1,229,0.1091703056768559,0.07860262008733625,0.06550218340611354,0.09170305676855896
NP_414821.1,204,0.08333333333333333,0.07352941176470588,0.08333333333333333,0.09803921568627451
NP_414822.1,109,0.11926605504587157,0.08256880733944955,0.027522935779816515,0.045871559633027525
NP_414823.2,236,0.059322033898305086,0.059322033898305086,0.09322033898305085,0.07627118644067797
NP_414824.1,547,0.07495429616087751,0.08226691042047532,0.056672760511883,0.0603290676416819
NP_414825.1,841,0.08323424494649227,0.1070154577883472,0.05826397146254459,0.09750297265160524
NP_414826.1,222,0.1036036036036036,0.05855855855855856,0.04504504504504504,0.11261261261261261
NP_414827.1,195,0.11794871794871795,0.10256410256410256,0.08717948717948718,0.07692307692307693
NP_414828.1,196,0.05612244897959184,0.030612244897959183,0.0663265306122449,0.07653061224489796
NP_414829.1,75,0.06666666666666667,0.05333333333333334,0.06666666666666667,0.04
NP_414830.1,87,0.034482758620689655,0.06896551724137931,0.10344827586206896,0.022988505747126436
NP_414832.2,99,0.1111111111111111,0.010101010101010102,0.020202020202020204,0.1111111111111111
NP_414833.1,288,0.09027777777777778,0.05555555555555555,0.059027777777777776,0.07291666666666667
NP_414835.2,197,0.08629441624365482,0.07614213197969544,0.06091370558375635,0.14720812182741116
NP_414837.2,78,0.11538461538461539,0.01282051282051282,0.08974358974358974,0.07692307692307693
NP_414838.2,441,0.08616780045351474,0.07936507936507936,0.08390022675736962,0.08843537414965986
NP_414839.1,284,0.09859154929577464,0.0528169014084507,0.07394366197183098,0.13028169014084506
NP_414840.1,239,0.09205020920502092,0.0794979079497908,0.08786610878661087,0.10460251046025104
NP_414841.1,475,0.09473684210526316,0.08,0.06947368421052631,0.06947368421052631
NP_414842.4,231,0.11255411255411256,0.06493506493506493,0.0735930735930736,0.11255411255411256
NP_414844.1,222,0.04954954954954955,0.03153153153153153,0.05855855855855856,0.08558558558558559
NP_414845.1,556,0.08093525179856115,0.10431654676258993,0.050359712230215826,0.07194244604316546
NP_414846.1,490,0.11224489795918367,0.09387755102040816,0.08163265306122448,0.07142857142857142
NP_414847.3,195,0.11794871794871795,0.06153846153846154,0.035897435897435895,0.1282051282051282
NP_414848.1,677,0.0827178729689808,0.07976366322008863,0.06942392909896603,0.12703101920236337
NP_414849.1,362,0.055248618784530384,0.06629834254143646,0.06906077348066299,0.09668508287292818
NP_414850.1,310,0.08064516129032258,0.06129032258064516,0.04516129032258064,0.1
NP_414851.1,165,0.10303030303030303,0.15757575757575756,0.09696969696969697,0.10909090909090909
NP_414852.1,201,0.1044776119402985,0.07462686567164178,0.04975124378109453,0.15422885572139303
NP_414853.1,287,0.0975609756097561,0.07317073170731707,0.03484320557491289,0.11498257839721254
NP_414854.1,515,0.09320388349514563,0.08932038834951456,0.06796116504854369,0.10679611650485436
NP_414855.1,472,0.11228813559322035,0.1016949152542373,0.07203389830508475,0.06779661016949153
NP_414857.1,316,0.10443037974683544,0.09177215189873418,0.09177215189873418,0.0759493670886076
NP_414858.1,460,0.09565217391304348,0.06956521739130435,0.06739130434782609,0.1108695652173913
NP_414859.1,349,0.09742120343839542,0.09455587392550144,0.08882521489971347,0.0659025787965616
NP_414860.1,271,0.04059040590405904,0.025830258302583026,0.08118081180811808,0.11808118081180811
NP_414861.2,81,0.06172839506172839,0.09876543209876543,0.024691358024691357,0.16049382716049382
NP_414862.1,223,0.09417040358744394,0.08071748878923767,0.08968609865470852,0.12556053811659193
NP_414863.1,91,0.12087912087912088,0.054945054945054944,0.06593406593406594,0.07692307692307693
NP_414864.1,528,0.10795454545454546,0.06628787878787878,0.054924242424242424,0.13068181818181818
NP_414865.1,296,0.14864864864864866,0.06418918918918919,0.07094594594594594,0.0945945945945946
NP_414867.1,389,0.08997429305912596,0.07455012853470437,0.06683804627249357,0.08997429305912596
NP_414868.1,483,0.11387163561076605,0.057971014492753624,0.07453416149068323,0.08695652173913043
NP_414869.1,628,0.09235668789808917,0.08121019108280254,0.0875796178343949,0.07484076433121019
NP_414870.1,419,0.12410501193317422,0.11933174224343675,0.10023866348448687,0.1431980906921241
NP_414871.1,427,0.09133489461358314,0.07494145199063232,0.06791569086651054,0.10070257611241218
NP_414872.3,299,0.13043478260869565,0.043478260869565216,0.06354515050167224,0.14046822742474915
NP_414873.1,219,0.136986301369863,0.0547945205479452,0.0821917808219178,0.0776255707762557
NP_414874.1,156,0.11538461538461539,0.07051282051282051,0.04487179487179487,0.14102564102564102
NP_414875.1,384,0.125,0.09895833333333333,0.08333333333333333,0.17708333333333334
NP_414876.1,203,0.03940886699507389,0.07881773399014778,0.10837438423645321,0.04433497536945813
NP_414877.1,417,0.08393285371702638,0.08633093525179857,0.06954436450839328,0.12949640287769784
NP_414878.1,1024,0.0751953125,0.0693359375,0.0625,0.09375
NP_414879.3,360,0.12222222222222222,0.06111111111111111,0.09444444444444444,0.11388888888888889
NP_414880.2,277,0.08664259927797834,0.06859205776173286,0.06498194945848375,0.1444043321299639
NP_414881.1,554,0.09205776173285199,0.06678700361010831,0.09205776173285199,0.09386281588447654
NP_414882.1,314,0.11146496815286625,0.08598726114649681,0.07643312101910828,0.10509554140127389
NP_414883.5,288,0.06944444444444445,0.09375,0.059027777777777776,0.12152777777777778
NP_414884.2,269,0.12639405204460966,0.08921933085501858,0.07806691449814127,0.09293680297397769
NP_414885.1,316,0.14873417721518986,0.07911392405063292,0.0949367088607595,0.06645569620253164
NP_414886.1,337,0.13649851632047477,0.09198813056379822,0.07418397626112759,0.09792284866468842
NP_414887.2,403,0.15384615384615385,0.12158808933002481,0.06947890818858561,0.17369727047146402
NP_414888.4,179,0.1452513966480447,0.0335195530726257,0.055865921787709494,0.1005586592178771
NP_414889.1,277,0.08664259927797834,0.06498194945848375,0.061371841155234655,0.08303249097472924
NP_414890.1,369,0.08401084010840108,0.11653116531165311,0.1111111111111111,0.05962059620596206
NP_414891.4,91,0.0989010989010989,0.04395604395604396,0.07692307692307693,0.08791208791208792
NP_414892.1,257,0.08949416342412451,0.08560311284046693,0.042801556420233464,0.10116731517509728
NP_414894.2,121,0.12396694214876033,0.0743801652892562,0.0743801652892562,0.10743801652892562
NP_414895.1,301,0.08637873754152824,0.06312292358803986,0.06312292358803986,0.09302325581395349
NP_414897.1,398,0.08040201005025126,0.08040201005025126,0.08040201005025126,0.10301507537688442
NP_414898.4,185,0.10270270270270271,0.05405405405405406,0.05405405405405406,0.0972972972972973
NP_414899.2,320,0.140625,0.0625,0.103125,0.078125
NP_414900.1,255,0.08235294117647059,0.09803921568627451,0.06274509803921569,0.15294117647058825
NP_414901.1,275,0.11636363636363636,0.08,0.08727272727272728,0.1781818181818182
NP_414902.1,283,0.08833922261484099,0.04946996466431095,0.06007067137809187,0.08833922261484099
NP_414903.4,324,0.13271604938271606,0.06790123456790123,0.05555555555555555,0.08333333333333333
NP_414906.1,288,0.09027777777777778,0.05555555555555555,0.059027777777777776,0.07291666666666667
NP_414907.2,99,0.1111111111111111,0.010101010101010102,0.020202020202020204,0.1111111111111111
NP_414909.2,207,0.04830917874396135,0.06280193236714976,0.06280193236714976,0.11594202898550725
NP_414910.1,385,0.0987012987012987,0.08571428571428572,0.06493506493506493,0.08831168831168831
NP_414911.1,406,0.08866995073891626,0.06403940886699508,0.09359605911330049,0.10591133004926108
NP_414912.1,364,0.10714285714285714,0.06043956043956044,0.06043956043956044,0.09615384615384616
NP_414913.1,102,0.08823529411764706,0.09803921568627451,0.08823529411764706,0.14705882352941177
NP_414914.2,70,0.08571428571428572,0.1,0.08571428571428572,0.11428571428571428
NP_414915.1,364,0.10714285714285714,0.07142857142857142,0.09065934065934066,0.09615384615384616
NP_414916.1,86,0.09302325581395349,0.011627906976744186,0.05813953488372093,0.1511627906976744
NP_414917.2,471,0.14225053078556263,0.09554140127388536,0.050955414012738856,0.09341825902335456
NP_414918.4,106,0.10377358490566038,0.04716981132075472,0.02830188679245283,0.11320754716981132
NP_414919.1,371,0.0889487870619946,0.07277628032345014,0.08355795148247978,0.11859838274932614
NP_414920.1,269,0.1412639405204461,0.08921933085501858,0.09293680297397769,0.06691449814126393
NP_414921.2,152,0.13815789473684212,0.05263157894736842,0.06578947368421052,0.08552631578947369
NP_414922.1,174,0.10344827586206896,0.05747126436781609,0.08620689655172414,0.09770114942528736
NP_414923.1,63,0.07936507936507936,0.031746031746031744,0.031746031746031744,0.031746031746031744
NP_414924.1,225,0.06666666666666667,0.044444444444444446,0.09777777777777778,0.15555555555555556
NP_414925.1,94,0.06382978723404255,0.0851063829787234,0.10638297872340426,0.07446808510638298
NP_414927.1,303,0.0924092409240924,0.052805280528052806,0.04950495049504951,0.12871287128712872
NP_414928.2,302,0.09602649006622517,0.1291390728476821,0.076158940397351,0.08278145695364239
NP_414930.3,394,0.12436548223350254,0.1116751269035533,0.07106598984771574,0.1446700507614213
NP_414931.1,1048,0.10687022900763359,0.03721374045801527,0.04007633587786259,0.1383587786259542
NP_414932.1,400,0.085,0.055,0.07,0.1125
NP_414933.1,229,0.048034934497816595,0.06550218340611354,0.09606986899563319,0.08733624454148471
NP_414934.1,431,0.05104408352668213,0.06960556844547564,0.06496519721577726,0.14385150812064965
NP_414935.1,439,0.12984054669703873,0.09111617312072894,0.1070615034168565,0.13895216400911162
NP_414936.1,457,0.087527352297593,0.10284463894967177,0.087527352297593,0.09190371991247265
NP_414937.2,604,0.08443708609271523,0.07450331125827815,0.06291390728476821,0.09437086092715231
NP_414938.1,193,0.07772020725388601,0.02072538860103627,0.05699481865284974,0.11917098445595854
NP_414939.1,356,0.10393258426966293,0.06179775280898876,0.07584269662921349,0.09831460674157304
NP_414940.1,375,0.04533333333333334,0.09866666666666667,0.06666666666666667,0.08266666666666667
NP_414941.1,110,0.10909090909090909,0.08181818181818182,0.1,0.1
NP_414942.1,615,0.1040650406504065,0.08130081300813008,0.07967479674796749,0.11056910569105691
NP_414943.1,323,0.0804953560371517,0.09287925696594428,0.08668730650154799,0.11764705882352941
NP_414944.1,115,0.0782608695652174,0.05217391304347826,0.043478260869565216,0.06956521739130435
NP_414945.1,294,0.06802721088435375,0.1054421768707483,0.04421768707482993,0.06462585034013606
NP_414946.4,179,0.05027932960893855,0.061452513966480445,0.0782122905027933,0.12290502793296089
NP_414947.1,149,0.053691275167785234,0.040268456375838924,0.10738255033557047,0.0738255033557047
NP_414948.1,367,0.10354223433242507,0.08174386920980926,0.07356948228882834,0.10899182561307902
NP_414949.1,156,0.1858974358974359,0.09615384615384616,0.08333333333333333,0.07692307692307693
NP_414950.1,139,0.12949640287769784,0.03597122302158273,0.09352517985611511,0.1223021582733813
NP_414951.1,325,0.11076923076923077,0.08923076923076922,0.043076923076923075,0.1476923076923077
NP_414952.1,172,0.05813953488372093,0.10465116279069768,0.0755813953488372,0.10465116279069768
NP_414953.2,324,0.08641975308641975,0.07098765432098765,0.06172839506172839,0.10493827160493827
NP_414954.1,620,0.08870967741935484,0.0967741935483871,0.06774193548387097,0.1032258064516129
NP_414955.1,299,0.14046822742474915,0.07692307692307693,0.046822742474916385,0.13043478260869565
NP_414956.1,80,0.1,0.0375,0.0375,0.1375
NP_414957.1,482,0.04564315352697095,0.07053941908713693,0.1016597510373444,0.08921161825726141
NP_414958.4,196,0.11734693877551021,0.08673469387755102,0.10714285714285714,0.10204081632653061
NP_414959.1,303,0.08250825082508251,0.0627062706270627,0.06930693069306931,0.11221122112211221
NP_414960.2,163,0.06748466257668712,0.05521472392638037,0.09202453987730061,0.07975460122699386
NP_414961.4,454,0.11894273127753303,0.09691629955947137,0.0881057268722467,0.11894273127753303
NP_414962.1,296,0.10810810810810811,0.09121621621621621,0.11148648648648649,0.11486486486486487
NP_414963.1,109,0.07339449541284404,0.06422018348623854,0.11926605504587157,0.09174311926605505
NP_414964.1,204,0.08823529411764706,0.09803921568627451,0.07352941176470588,0.11764705882352941
NP_414965.1,663,0.08144796380090498,0.09351432880844646,0.08597285067873303,0.09200603318250378
NP_414966.1,315,0.10793650793650794,0.06031746031746032,0.06031746031746032,0.0761904761904762
NP_414967.1,491,0.12219959266802444,0.09164969450101833,0.07535641547861507,0.18126272912423624
NP_414968.4,192,0.109375,0.046875,0.078125,0.078125
NP_414969.4,105,0.08571428571428572,0.047619047619047616,0.08571428571428572,0.08571428571428572
NP_414970.1,432,0.09490740740740741,0.07407407407407407,0.09722222222222222,0.07175925925925926
NP_414971.1,207,0.07729468599033816,0.07729468599033816,0.05314009661835749,0.09178743961352658
NP_414972.1,424,0.08254716981132075,0.08254716981132075,0.07311320754716981,0.10613207547169812
NP_414973.1,784,0.07908163265306123,0.06505102040816327,0.08035714285714286,0.10714285714285714
NP_414974.1,90,0.2111111111111111,0.08888888888888889,0.06666666666666667,0.05555555555555555
NP_414975.1,623,0.12038523274478331,0.07062600321027288,0.06260032102728733,0.08828250401284109
NP_414976.1,123,0.1951219512195122,0.06504065040650407,0.08130081300813008,0.0975609756097561
NP_414977.1,132,0.06818181818181818,0.045454545454545456,0.09090909090909091,0.12878787878787878
NP_414978.1,231,0.11255411255411256,0.06926406926406926,0.08225108225108226,0.1038961038961039
NP_414979.1,566,0.07243816254416961,0.054770318021201414,0.04063604240282685,0.14840989399293286
NP_414980.2,272,0.08455882352941177,0.07720588235294118,0.04779411764705882,0.15073529411764705
NP_414981.4,152,0.05921052631578947,0.046052631578947366,0.07894736842105263,0.14473684210526316
NP_414982.1,590,0.09830508474576272,0.06949152542372881,0.07796610169491526,0.12033898305084746
NP_414983.1,593,0.1045531197301855,0.06745362563237774,0.09780775716694773,0.14165261382799327
NP_414984.1,112,0.09821428571428571,0.08928571428571429,0.10714285714285714,0.08035714285714286
NP_414985.1,428,0.12850467289719625,0.14018691588785046,0.10747663551401869,0.11214953271028037
NP_414986.1,286,0.07692307692307693,0.07342657342657342,0.07342657342657342,0.10839160839160839
NP_414987.3,190,0.15789473684210525,0.03684210526315789,0.11578947368421053,0.07368421052631578
NP_414988.1,129,0.07751937984496124,0.09302325581395349,0.09302325581395349,0.09302325581395349
NP_414989.1,117,0.1111111111111111,0.05982905982905983,0.09401709401709402,0.017094017094017096
NP_414990.2,516,0.06589147286821706,0.05426356589147287,0.060077519379844964,0.1065891472868217
NP_414991.4,156,0.057692307692307696,0.038461538461538464,0.08333333333333333,0.11538461538461539
NP_414992.1,183,0.08196721311475409,0.08743169398907104,0.09836065573770492,0.07103825136612021
NP_414993.1,72,0.05555555555555555,0.0,0.041666666666666664,0.125
NP_414994.1,124,0.056451612903225805,0.024193548387096774,0.016129032258064516,0.12096774193548387
NP_414995.1,1049,0.10009532888465204,0.08484270734032412,0.09246901811248809,0.09723546234509056
NP_414996.1,397,0.11838790931989925,0.08060453400503778,0.0906801007556675,0.08564231738035265
NP_414997.1,215,0.08372093023255814,0.04186046511627907,0.046511627906976744,0.12558139534883722
NP_414998.1,1120,0.08571428571428572,0.04017857142857143,0.07142857142857142,0.1419642857142857
NP_414999.1,53,0.09433962264150944,0.0,0.09433962264150944,0.1509433962264151
NP_415000.1,175,0.1657142857142857,0.011428571428571429,0.04,0.14285714285714285
NP_415001.1,125,0.072,0.04,0.08,0.168
NP_415002.1,183,0.07650273224043716,0.10382513661202186,0.08196721311475409,0.12568306010928962
NP_415003.1,643,0.13374805598755832,0.03732503888024884,0.06687402799377916,0.12286158631415241
NP_415004.1,109,0.09174311926605505,0.09174311926605505,0.05504587155963303,0.08256880733944955
NP_415005.1,201,0.08955223880597014,0.08955223880597014,0.05472636815920398,0.09950248756218906
NP_415006.1,624,0.07532051282051282,0.04807692307692308,0.060897435897435896,0.10576923076923077
NP_415007.1,214,0.08878504672897196,0.09345794392523364,0.08878504672897196,0.07476635514018691
NP_415008.1,320,0.096875,0.065625,0.0625,0.11875
NP_415009.1,319,0.10031347962382445,0.06583072100313479,0.03761755485893417,0.12225705329153605
NP_415010.1,434,0.08755760368663594,0.06682027649769585,0.059907834101382486,0.0967741935483871
NP_415011.1,558,0.13440860215053763,0.08602150537634409,0.08781362007168458,0.16666666666666666
NP_415012.1,406,0.11330049261083744,0.10098522167487685,0.06896551724137931,0.14532019704433496
NP_415013.1,550,0.08727272727272728,0.09090909090909091,0.07272727272727272,0.08
NP_415014.1,159,0.12578616352201258,0.08176100628930817,0.0880503144654088,0.1069182389937107
NP_415015.1,264,0.0946969696969697,0.04924242424242424,0.03409090909090909,0.1590909090909091
NP_415016.4,113,0.09734513274336283,0.017699115044247787,0.07079646017699115,0.1415929203539823
NP_415017.1,834,0.14388489208633093,0.0815347721822542,0.09352517985611511,0.1079136690647482
NP_415018.1,310,0.12258064516129032,0.1,0.08387096774193549,0.10967741935483871
NP_415019.1,430,0.13023255813953488,0.08837209302325581,0.09534883720930233,0.15348837209302327
NP_415020.1,135,0.07407407407407407,0.05925925925925926,0.044444444444444446,0.1111111111111111
NP_415021.2,152,0.07236842105263158,0.1118421052631579,0.10526315789473684,0.1513157894736842
NP_415022.1,305,0.10819672131147541,0.04918032786885246,0.07868852459016394,0.07868852459016394
NP_415023.1,225,0.06222222222222222,0.05333333333333334,0.04888888888888889,0.1288888888888889
NP_415024.4,259,0.10810810810810811,0.05405405405405406,0.08108108108108109,0.12355212355212356
NP_415025.4,284,0.11619718309859155,0.045774647887323945,0.03873239436619718,0.1619718309859155
NP_415026.1,269,0.08178438661710037,0.08921933085501858,0.07434944237918216,0.09665427509293681
NP_415027.1,208,0.10576923076923077,0.04807692307692308,0.04807692307692308,0.13942307692307693
NP_415028.1,228,0.09210526315789473,0.10087719298245613,0.07017543859649122,0.16228070175438597
NP_415029.1,804,0.0945273631840796,0.07462686567164178,0.0845771144278607,0.17661691542288557
NP_415030.1,1426,0.0729312762973352,0.09467040673211781,0.05399719495091164,0.09046283309957924
NP_415031.1,122,0.05737704918032787,0.04918032786885246,0.08196721311475409,0.08196721311475409
NP_415036.1,364,0.11538461538461539,0.07417582417582418,0.04395604395604396,0.12087912087912088
NP_415037.1,308,0.08766233766233766,0.05519480519480519,0.06818181818181818,0.11363636363636363
NP_415038.1,160,0.0625,0.05625,0.08125,0.1125
NP_415039.1,271,0.09225092250922509,0.08856088560885608,0.08118081180811808,0.13653136531365315
NP_415040.1,593,0.12478920741989882,0.07419898819561552,0.09443507588532883,0.07251264755480608
NP_415041.1,258,0.08527131782945736,0.08527131782945736,0.031007751937984496,0.09689922480620156
NP_415042.1,292,0.11301369863013698,0.10273972602739725,0.07534246575342465,0.11643835616438356
NP_415044.4,484,0.09917355371900827,0.10950413223140495,0.08057851239669421,0.11570247933884298
NP_415045.1,453,0.08388520971302428,0.09713024282560706,0.08388520971302428,0.0728476821192053
NP_415046.4,433,0.07852193995381063,0.08545034642032333,0.06928406466512702,0.16859122401847576
NP_415047.1,381,0.15223097112860892,0.13123359580052493,0.08661417322834646,0.08398950131233596
NP_415048.1,261,0.06896551724137931,0.12260536398467432,0.06130268199233716,0.09578544061302682
NP_415049.1,411,0.08029197080291971,0.08029197080291971,0.072992700729927,0.0827250608272506
NP_415050.1,349,0.11461318051575932,0.09169054441260745,0.06876790830945559,0.07163323782234957
NP_415051.1,555,0.14414414414414414,0.07747747747747748,0.06666666666666667,0.11711711711711711
NP_415053.1,271,0.11808118081180811,0.0996309963099631,0.04059040590405904,0.14760147601476015
NP_415054.1,297,0.13468013468013468,0.09090909090909091,0.08080808080808081,0.1111111111111111
NP_415055.1,355,0.08732394366197183,0.07887323943661972,0.07605633802816901,0.11830985915492957
NP_415056.1,169,0.16568047337278108,0.07692307692307693,0.08875739644970414,0.08284023668639054
NP_415057.1,240,0.125,0.058333333333333334,0.07083333333333333,0.1125
NP_415058.1,164,0.06097560975609756,0.0975609756097561,0.0975609756097561,0.03048780487804878
NP_415059.1,461,0.10629067245119306,0.06724511930585683,0.06290672451193059,0.07809110629067245
NP_415060.1,173,0.06358381502890173,0.09826589595375723,0.09826589595375723,0.14450867052023122
NP_415061.2,70,0.12857142857142856,0.1,0.12857142857142856,0.07142857142857142
NP_415062.1,288,0.09375,0.08333333333333333,0.1111111111111111,0.09027777777777778
NP_415063.4,180,0.16666666666666666,0.07777777777777778,0.06666666666666667,0.07222222222222222
NP_415064.1,230,0.0782608695652174,0.05217391304347826,0.07391304347826087,0.10869565217391304
NP_415065.1,867,0.06228373702422145,0.1061130334486736,0.05767012687427912,0.08419838523644751
NP_415066.2,327,0.0856269113149847,0.06422018348623854,0.09785932721712538,0.07033639143730887
NP_415067.1,171,0.1111111111111111,0.07602339181286549,0.07602339181286549,0.11695906432748537
NP_415068.1,210,0.0380952380952381,0.04285714285714286,0.06666666666666667,0.11428571428571428
NP_415069.1,387,0.08785529715762273,0.03875968992248062,0.056847545219638244,0.08010335917312661
NP_415072.2,99,0.1111111111111111,0.010101010101010102,0.020202020202020204,0.1111111111111111
NP_415073.1,288,0.09027777777777778,0.05555555555555555,0.059027777777777776,0.07291666666666667
NP_415075.1,110,0.08181818181818182,0.10909090909090909,0.045454545454545456,0.14545454545454545
NP_415076.1,508,0.07283464566929133,0.047244094488188976,0.0531496062992126,0.10826771653543307
NP_415077.1,183,0.09289617486338798,0.1092896174863388,0.08743169398907104,0.04918032786885246
NP_415078.1,265,0.045283018867924525,0.03773584905660377,0.04905660377358491,0.12075471698113208
NP_415079.1,151,0.052980132450331126,0.059602649006622516,0.046357615894039736,0.10596026490066225
NP_415080.1,56,0.07142857142857142,0.05357142857142857,0.05357142857142857,0.125
NP_415081.1,96,0.125,0.09375,0.0625,0.07291666666666667
NP_415082.1,120,0.08333333333333333,0.058333333333333334,0.06666666666666667,0.075
NP_415083.1,127,0.07874015748031496,0.07874015748031496,0.06299212598425197,0.08661417322834646
NP_415084.2,326,0.08588957055214724,0.049079754601226995,0.03680981595092025,0.09815950920245399
NP_415086.1,71,0.09859154929577464,0.11267605633802817,0.056338028169014086,0.14084507042253522
NP_415087.1,165,0.09090909090909091,0.12121212121212122,0.06666666666666667,0.07878787878787878
NP_415088.1,153,0.16339869281045752,0.0196078431372549,0.058823529411764705,0.0784313725490196
NP_415089.1,97,0.10309278350515463,0.08247422680412371,0.08247422680412371,0.09278350515463918
NP_415090.2,136,0.03676470588235294,0.014705882352941176,0.0661764705882353,0.08823529411764706
NP_415091.1,68,0.08823529411764706,0.0,0.11764705882352941,0.07352941176470588
NP_415092.1,181,0.10497237569060773,0.06077348066298342,0.055248618784530384,0.09944751381215469
NP_415096.1,249,0.028112449799196786,0.03614457831325301,0.05622489959839357,0.08835341365461848
NP_415097.1,317,0.06309148264984227,0.10410094637223975,0.03785488958990536,0.06309148264984227
NP_415098.1,253,0.06324110671936758,0.007905138339920948,0.07509881422924901,0.13043478260869565
NP_415099.1,296,0.11148648648648649,0.060810810810810814,0.05405405405405406,0.125
NP_415100.1,990,0.1303030303030303,0.05555555555555555,0.043434343434343436,0.12121212121212122
NP_415101.1,745,0.0738255033557047,0.05906040268456376,0.08187919463087248,0.1221476510067114
NP_415102.1,480,0.07291666666666667,0.05,0.08125,0.10625
NP_415103.1,227,0.06607929515418502,0.07929515418502203,0.0881057268722467,0.14537444933920704
NP_415104.1,457,0.12691466083150985,0.0525164113785558,0.045951859956236324,0.12691466083150985
NP_415105.1,110,0.08181818181818182,0.045454545454545456,0.08181818181818182,0.05454545454545454
NP_415106.1,407,0.11793611793611794,0.06633906633906633,0.0687960687960688,0.09090909090909091
NP_415107.1,1047,0.09933142311365807,0.07449856733524356,0.09455587392550144,0.11556829035339064
NP_415108.1,458,0.09606986899563319,0.09170305676855896,0.08296943231441048,0.14192139737991266
NP_415109.1,415,0.0746987951807229,0.06506024096385542,0.060240963855421686,0.13253012048192772
NP_415110.1,217,0.12442396313364056,0.05069124423963134,0.09216589861751152,0.08755760368663594
NP_415111.1,122,0.03278688524590164,0.06557377049180328,0.05737704918032787,0.12295081967213115
NP_415112.1,82,0.10975609756097561,0.036585365853658534,0.036585365853658534,0.2682926829268293
NP_415113.1,372,0.08064516129032258,0.06720430107526881,0.06182795698924731,0.09408602150537634
NP_415114.1,370,0.12972972972972974,0.07837837837837838,0.03783783783783784,0.12702702702702703
NP_415115.2,206,0.11165048543689321,0.04854368932038835,0.05339805825242718,0.08737864077669903
NP_415116.1,746,0.07238605898123325,0.1032171581769437,0.057640750670241284,0.07238605898123325
NP_415117.2,400,0.08,0.075,0.0575,0.1
NP_415118.1,1293,0.12374323279195669,0.06496519721577726,0.060324825986078884,0.12374323279195669
NP_415119.1,377,0.09018567639257294,0.03713527851458886,0.07427055702917772,0.11671087533156499
NP_415120.1,271,0.1033210332103321,0.07749077490774908,0.05904059040590406,0.12177121771217712
NP_415121.1,330,0.13636363636363635,0.08787878787878788,0.09393939393939393,0.1787878787878788
NP_415122.1,334,0.15868263473053892,0.10778443113772455,0.08682634730538923,0.18862275449101795
NP_415123.1,416,0.12259615384615384,0.11778846153846154,0.0673076923076923,0.20432692307692307
NP_415124.1,318,0.14465408805031446,0.0660377358490566,0.03773584905660377,0.14150943396226415
NP_415125.1,391,0.10485933503836317,0.058823529411764705,0.06649616368286446,0.10485933503836317
NP_415126.1,536,0.11007462686567164,0.06716417910447761,0.06529850746268656,0.11194029850746269
NP_415127.1,285,0.10175438596491228,0.03508771929824561,0.06315789473684211,0.09824561403508772
NP_415128.1,248,0.14112903225806453,0.10483870967741936,0.08064516129032258,0.0846774193548387
NP_415129.1,137,0.072992700729927,0.10948905109489052,0.08759124087591241,0.10948905109489052
NP_415130.1,701,0.12838801711840228,0.09272467902995721,0.09985734664764621,0.12125534950071326
NP_415132.1,362,0.1270718232044199,0.07458563535911603,0.0856353591160221,0.11602209944751381
NP_415133.1,386,0.12953367875647667,0.04404145077720207,0.06217616580310881,0.10621761658031088
NP_415134.1,209,0.05263157894736842,0.05741626794258373,0.05741626794258373,0.09569377990430622
NP_415135.1,406,0.06896551724137931,0.05172413793103448,0.04187192118226601,0.0812807881773399
NP_415136.1,300,0.04,0.02666666666666667,0.04,0.13
NP_415137.2,248,0.0967741935483871,0.07258064516129033,0.056451612903225805,0.10080645161290322
NP_415138.1,187,0.10160427807486631,0.06951871657754011,0.06417112299465241,0.058823529411764705
NP_415139.2,521,0.09596928982725528,0.09404990403071017,0.07869481765834933,0.09021113243761997
NP_415140.1,142,0.07746478873239436,0.04225352112676056,0.11971830985915492,0.1056338028169014
NP_415141.1,412,0.11165048543689321,0.11165048543689321,0.08495145631067962,0.08009708737864078
NP_415143.1,136,0.10294117647058823,0.058823529411764705,0.08088235294117647,0.1323529411764706
NP_415144.1,268,0.12313432835820895,0.07462686567164178,0.041044776119402986,0.08582089552238806
NP_415145.1,487,0.09240246406570841,0.08624229979466119,0.0944558521560575,0.1375770020533881
NP_415146.1,292,0.10616438356164383,0.0958904109589041,0.0273972602739726,0.1643835616438356
NP_415147.1,183,0.1092896174863388,0.04371584699453552,0.07650273224043716,0.14207650273224043
NP_415148.1,510,0.10196078431372549,0.08235294117647059,0.09607843137254903,0.09019607843137255
NP_415149.4,302,0.1291390728476821,0.06622516556291391,0.076158940397351,0.10596026490066225
NP_415150.1,98,0.11224489795918367,0.061224489795918366,0.07142857142857142,0.12244897959183673
NP_415151.4,352,0.08522727272727272,0.04261363636363636,0.0625,0.10227272727272728
NP_415152.1,552,0.07789855072463768,0.07246376811594203,0.07246376811594203,0.1068840579710145
NP_415153.1,226,0.09292035398230089,0.061946902654867256,0.05309734513274336,0.11061946902654868
NP_415154.1,461,0.12581344902386118,0.08026030368763558,0.10412147505422993,0.11713665943600868
NP_415155.1,186,0.08064516129032258,0.08602150537634409,0.053763440860215055,0.05913978494623656
NP_415156.1,69,0.08695652173913043,0.11594202898550725,0.07246376811594203,0.028985507246376812
NP_415157.1,127,0.10236220472440945,0.11023622047244094,0.06299212598425197,0.15748031496062992
NP_415160.1,67,0.14925373134328357,0.1044776119402985,0.07462686567164178,0.14925373134328357
NP_415161.1,321,0.09657320872274143,0.056074766355140186,0.06853582554517133,0.08099688473520249
NP_415162.4,317,0.056782334384858045,0.03470031545741325,0.05362776025236593,0.11987381703470032
NP_415163.2,213,0.06572769953051644,0.07981220657276995,0.06572769953051644,0.12206572769953052
NP_415164.1,87,0.034482758620689655,0.04597701149425287,0.12643678160919541,0.09195402298850575
NP_415165.1,403,0.08684863523573201,0.08684863523573201,0.06451612903225806,0.09181141439205956
NP_415166.1,362,0.12430939226519337,0.08839779005524862,0.06906077348066299,0.06353591160220995
NP_415167.1,370,0.08378378378378379,0.0918918918918919,0.0972972972972973,0.15405405405405406
NP_415168.1,633,0.08846761453396525,0.07740916271721959,0.07740916271721959,0.08688783570300158
NP_415169.1,155,0.0967741935483871,0.07096774193548387,0.05161290322580645,0.12258064516129032
NP_415170.4,105,0.05714285714285714,0.0761904761904762,0.10476190476190476,0.09523809523809523
NP_415171.1,203,0.08866995073891626,0.059113300492610835,0.054187192118226604,0.11330049261083744
NP_415172.1,213,0.06103286384976526,0.046948356807511735,0.03755868544600939,0.13145539906103287
NP_415173.1,343,0.10787172011661808,0.043731778425655975,0.04664723032069971,0.20408163265306123
NP_415174.1,193,0.08808290155440414,0.046632124352331605,0.06735751295336788,0.10362694300518134
NP_415175.1,860,0.09186046511627907,0.06627906976744186,0.08372093023255814,0.0755813953488372
NP_415176.1,160,0.04375,0.04375,0.0875,0.10625
NP_415177.4,325,0.13538461538461538,0.07692307692307693,0.036923076923076927,0.06769230769230769
NP_415178.1,235,0.07234042553191489,0.05531914893617021,0.01276595744680851,0.10638297872340426
NP_415179.1,475,0.08,0.035789473684210524,0.04421052631578947,0.13263157894736843
NP_415180.1,184,0.10869565217391304,0.07065217391304347,0.021739130434782608,0.10326086956521739
NP_415181.1,235,0.07234042553191489,0.06808510638297872,0.03829787234042553,0.11063829787234042
NP_415182.1,483,0.09523809523809523,0.035196687370600416,0.041407867494824016,0.12629399585921325
NP_415183.1,556,0.08992805755395683,0.050359712230215826,0.07733812949640288,0.1079136690647482
NP_415184.1,311,0.09967845659163987,0.0707395498392283,0.0932475884244373,0.10932475884244373
NP_415185.1,241,0.07883817427385892,0.06224066390041494,0.1078838174273859,0.0954356846473029
NP_415186.1,224,0.09375,0.05357142857142857,0.09821428571428571,0.14285714285714285
NP_415187.1,246,0.0975609756097561,0.06910569105691057,0.07317073170731707,0.13414634146341464
NP_415188.1,302,0.09933774834437085,0.056291390728476824,0.06291390728476821,0.08609271523178808
NP_415189.2,326,0.08588957055214724,0.049079754601226995,0.03680981595092025,0.09815950920245399
NP_415190.1,512,0.087890625,0.078125,0.056640625,0.138671875
NP_415191.1,292,0.05136986301369863,0.05136986301369863,0.06506849315068493,0.08561643835616438
NP_415192.1,155,0.06451612903225806,0.05161290322580645,0.07741935483870968,0.11612903225806452
NP_415193.2,346,0.10115606936416185,0.05202312138728324,0.06647398843930635,0.09248554913294797
NP_415194.1,474,0.05907172995780591,0.06751054852320675,0.07383966244725738,0.07805907172995781
NP_415195.1,391,0.13043478260869565,0.08184143222506395,0.07672634271099744,0.12020460358056266
NP_415200.1,554,0.09747292418772563,0.06498194945848375,0.06498194945848375,0.08483754512635379
NP_415201.1,250,0.104,0.088,0.084,0.072
NP_415202.1,406,0.09359605911330049,0.07881773399014778,0.0665024630541872,0.10591133004926108
NP_415203.1,382,0.112565445026178,0.08900523560209424,0.07853403141361257,0.10209424083769633
NP_415204.1,266,0.08270676691729323,0.06390977443609022,0.07894736842105263,0.09022556390977443
NP_415205.1,648,0.1404320987654321,0.09876543209876543,0.09104938271604938,0.10030864197530864
NP_415206.1,554,0.0703971119133574,0.05956678700361011,0.0631768953068592,0.07220216606498195
NP_415207.1,468,0.11538461538461539,0.0876068376068376,0.03205128205128205,0.053418803418803416
NP_415208.1,108,0.12037037037037036,0.027777777777777776,0.06481481481481481,0.07407407407407407
NP_415209.1,148,0.06756756756756757,0.07432432432432433,0.05405405405405406,0.10810810810810811
NP_415210.1,176,0.09090909090909091,0.08522727272727272,0.03977272727272727,0.08522727272727272
NP_415211.2,97,0.08247422680412371,0.030927835051546393,0.041237113402061855,0.14432989690721648
NP_415212.1,254,0.11811023622047244,0.05511811023622047,0.08267716535433071,0.08661417322834646
NP_415213.1,181,0.10497237569060773,0.03314917127071823,0.06629834254143646,0.08287292817679558
NP_415214.1,546,0.1227106227106227,0.09706959706959707,0.07326007326007326,0.08058608058608059
NP_415215.1,164,0.04878048780487805,0.07926829268292683,0.054878048780487805,0.0975609756097561
NP_415219.1,439,0.10478359908883828,0.0979498861047836,0.10478359908883828,0.0888382687927107
NP_415220.1,732,0.08879781420765027,0.06830601092896176,0.06830601092896176,0.09836065573770492
NP_415222.1,225,0.09333333333333334,0.06666666666666667,0.07111111111111111,0.13777777777777778
NP_415223.1,894,0.11409395973154363,0.06935123042505593,0.08053691275167785,0.12863534675615212
NP_415224.1,190,0.12631578947368421,0.07894736842105263,0.07368421052631578,0.12631578947368421
NP_415225.1,682,0.1378299120234604,0.08357771260997067,0.08651026392961877,0.10850439882697947
NP_415226.1,557,0.11131059245960502,0.10053859964093358,0.08797127468581688,0.15080789946140036
NP_415228.1,68,0.11764705882352941,0.029411764705882353,0.058823529411764705,0.10294117647058823
NP_415229.1,1397,0.05869720830350752,0.09591982820329277,0.046528274874731566,0.09234073013600573
NP_415230.1,108,0.037037037037037035,0.05555555555555555,0.05555555555555555,0.1388888888888889
NP_415232.1,189,0.06878306878306878,0.047619047619047616,0.042328042328042326,0.09523809523809523
NP_415234.1,253,0.05533596837944664,0.05928853754940711,0.043478260869565216,0.07114624505928854
NP_415235.1,169,0.05917159763313609,0.04142011834319527,0.05325443786982249,0.14792899408284024
NP_415236.1,472,0.1059322033898305,0.059322033898305086,0.0635593220338983,0.09110169491525423
NP_415237.1,493,0.11156186612576065,0.09127789046653144,0.07707910750507099,0.13387423935091278
NP_415238.1,247,0.10121457489878542,0.10121457489878542,0.06882591093117409,0.10931174089068826
NP_415239.1,218,0.07339449541284404,0.09174311926605505,0.10091743119266056,0.11926605504587157
NP_415240.1,310,0.08064516129032258,0.10967741935483871,0.04516129032258064,0.11612903225806452
NP_415241.1,244,0.1762295081967213,0.0942622950819672,0.06557377049180328,0.09016393442622951
NP_415242.1,263,0.07224334600760456,0.06463878326996197,0.060836501901140684,0.13307984790874525
NP_415243.4,348,0.14080459770114942,0.08620689655172414,0.06609195402298851,0.1810344827586207
NP_415244.4,353,0.056657223796033995,0.06515580736543909,0.059490084985835696,0.07932011331444759
NP_415245.1,242,0.08677685950413223,0.05785123966942149,0.05785123966942149,0.11570247933884298
NP_415246.2,815,0.06993865030674846,0.07607361963190185,0.05521472392638037,0.07607361963190185
NP_415247.1,188,0.11170212765957446,0.0797872340425532,0.0851063829787234,0.0797872340425532
NP_415248.1,427,0.08665105386416862,0.06557377049180328,0.0468384074941452,0.08196721311475409
NP_415249.1,129,0.07751937984496124,0.07751937984496124,0.11627906976744186,0.11627906976744186
NP_415250.1,115,0.09565217391304348,0.06956521739130435,0.16521739130434782,0.1391304347826087
NP_415251.1,588,0.09523809523809523,0.10034013605442177,0.06972789115646258,0.08673469387755102
NP_415252.1,238,0.058823529411764705,0.06722689075630252,0.037815126050420166,0.1134453781512605
NP_415254.1,933,0.08252947481243302,0.07181136120042872,0.07395498392282958,0.08896034297963558
NP_415255.1,405,0.10864197530864197,0.06666666666666667,0.09135802469135802,0.10123456790123457
NP_415256.1,388,0.1211340206185567,0.11082474226804123,0.0979381443298969,0.0979381443298969
NP_415257.1,289,0.10034602076124567,0.14186851211072665,0.08304498269896193,0.04844290657439446
NP_415258.1,240,0.041666666666666664,0.03333333333333333,0.075,0.09166666666666666
NP_415259.1,658,0.13677811550151975,0.10030395136778116,0.0729483282674772,0.12917933130699089
NP_415260.1,877,0.0661345496009122,0.06043329532497149,0.0661345496009122,0.09350057012542759
NP_415261.2,522,0.10727969348659004,0.07662835249042145,0.06896551724137931,0.11685823754789272
NP_415262.1,379,0.09762532981530343,0.07651715039577836,0.10026385224274406,0.11873350923482849
NP_415263.1,97,0.10309278350515463,0.07216494845360824,0.08247422680412371,0.15463917525773196
NP_415264.1,134,0.09701492537313433,0.022388059701492536,0.11940298507462686,0.08208955223880597
NP_415265.1,230,0.12173913043478261,0.06521739130434782,0.04782608695652174,0.10869565217391304
NP_415266.1,142,0.07746478873239436,0.056338028169014086,0.13380281690140844,0.11267605633802817
NP_415267.1,421,0.3087885985748218,0.0498812351543943,0.019002375296912115,0.04513064133016627
NP_415268.1,430,0.1,0.10232558139534884,0.09302325581395349,0.07209302325581396
NP_415269.1,173,0.10982658959537572,0.09248554913294797,0.06358381502890173,0.08092485549132948
NP_415270.1,263,0.14068441064638784,0.06463878326996197,0.057034220532319393,0.07604562737642585
NP_415271.1,347,0.1239193083573487,0.05187319884726225,0.06628242074927954,0.09221902017291066
NP_415272.1,239,0.08786610878661087,0.058577405857740586,0.09205020920502092,0.1297071129707113
NP_415273.1,313,0.10223642172523961,0.06389776357827476,0.08626198083067092,0.14376996805111822
NP_415274.1,126,0.12698412698412698,0.1111111111111111,0.047619047619047616,0.05555555555555555
NP_415275.1,350,0.10857142857142857,0.08285714285714285,0.06285714285714286,0.09714285714285714
NP_415276.1,250,0.096,0.06,0.064,0.112
NP_415277.1,346,0.08670520231213873,0.08670520231213873,0.05202312138728324,0.10115606936416185
NP_415278.1,382,0.10209424083769633,0.08638743455497382,0.09424083769633508,0.07853403141361257
NP_415279.1,348,0.09482758620689655,0.04597701149425287,0.06321839080459771,0.08908045977011494
NP_415280.3,338,0.07692307692307693,0.08875739644970414,0.08579881656804733,0.07988165680473373
NP_415281.1,490,0.0673469387755102,0.07346938775510205,0.05918367346938776,0.1489795918367347
NP_415282.1,262,0.1183206106870229,0.07633587786259542,0.05725190839694656,0.13358778625954199
NP_415283.1,49,0.04081632653061224,0.12244897959183673,0.14285714285714285,0.14285714285714285
NP_415284.1,257,0.16342412451361868,0.07003891050583658,0.0933852140077821,0.08171206225680934
NP_415285.1,229,0.10480349344978165,0.08733624454148471,0.08296943231441048,0.1572052401746725
NP_415286.1,352,0.07386363636363637,0.07102272727272728,0.07670454545454546,0.1534090909090909
NP_415287.1,272,0.11029411764705882,0.0625,0.06985294117647059,0.09558823529411764
NP_415288.1,331,0.06948640483383686,0.08157099697885196,0.12084592145015106,0.06948640483383686
NP_415289.4,317,0.07255520504731862,0.0473186119873817,0.05993690851735016,0.12933753943217666
NP_415290.1,350,0.1,0.09714285714285714,0.08571428571428572,0.07142857142857142
NP_415291.1,477,0.09853249475890985,0.10062893081761007,0.09853249475890985,0.14046121593291405
NP_415292.2,753,0.09163346613545817,0.09428950863213811,0.0703851261620186,0.07569721115537849
NP_415293.1,427,0.09836065573770492,0.08665105386416862,0.08665105386416862,0.05620608899297424
NP_415294.1,158,0.08227848101265822,0.11392405063291139,0.08860759493670886,0.06329113924050633
NP_415295.1,429,0.11888111888111888,0.07692307692307693,0.06293706293706294,0.08624708624708624
NP_415296.1,346,0.09248554913294797,0.06069364161849711,0.05491329479768786,0.11271676300578035
NP_415297.1,384,0.13802083333333334,0.08333333333333333,0.06510416666666667,0.11458333333333333
NP_415298.1,251,0.13147410358565736,0.055776892430278883,0.05179282868525897,0.12749003984063745
NP_415299.1,225,0.1288888888888889,0.08,0.07111111111111111,0.1111111111111111
NP_415300.1,673,0.07429420505200594,0.06240713224368499,0.06835066864784546,0.1099554234769688
NP_415301.1,302,0.07947019867549669,0.08940397350993377,0.0728476821192053,0.1456953642384106
NP_415302.1,329,0.0729483282674772,0.0790273556231003,0.057750759878419454,0.10030395136778116
NP_415303.1,170,0.10588235294117647,0.07058823529411765,0.07647058823529412,0.07058823529411765
NP_415304.1,161,0.14285714285714285,0.062111801242236024,0.08695652173913043,0.08074534161490683
NP_415305.1,81,0.14814814814814814,0.06172839506172839,0.1111111111111111,0.1111111111111111
NP_415306.1,150,0.1,0.08,0.09333333333333334,0.05333333333333334
NP_415307.1,234,0.10256410256410256,0.07264957264957266,0.07692307692307693,0.15384615384615385
NP_415308.1,237,0.10970464135021098,0.07172995780590717,0.06329113924050633,0.14345991561181434
NP_415309.1,318,0.09119496855345911,0.06918238993710692,0.09748427672955975,0.16352201257861634
NP_415310.1,413,0.08958837772397095,0.06295399515738499,0.07263922518159806,0.1016949152542373
NP_415311.1,253,0.09881422924901186,0.05138339920948617,0.08300395256916997,0.09486166007905138
NP_415312.1,136,0.08823529411764706,0.051470588235294115,0.14705882352941177,0.18382352941176472
NP_415313.1,368,0.08423913043478261,0.03804347826086957,0.07608695652173914,0.1358695652173913
NP_415314.1,377,0.08222811671087533,0.05570291777188329,0.07957559681697612,0.13262599469496023
NP_415315.4,578,0.07439446366782007,0.10380622837370242,0.05190311418685121,0.12802768166089964
NP_415316.1,332,0.12650602409638553,0.07530120481927711,0.09337349397590361,0.09337349397590361
NP_415317.4,223,0.13004484304932734,0.04932735426008968,0.017937219730941704,0.11659192825112108
NP_415318.1,454,0.09911894273127753,0.09030837004405286,0.06167400881057269,0.10572687224669604
NP_415319.1,160,0.09375,0.05625,0.05,0.08125
NP_415320.1,716,0.0893854748603352,0.04748603351955307,0.05865921787709497,0.1340782122905028
NP_415321.1,320,0.1,0.090625,0.053125,0.109375
NP_415322.1,361,0.13019390581717452,0.0886426592797784,0.060941828254847646,0.07202216066481995
NP_415323.1,86,0.22093023255813954,0.06976744186046512,0.08139534883720931,0.06976744186046512
NP_415324.1,88,0.11363636363636363,0.07954545454545454,0.022727272727272728,0.045454545454545456
NP_415325.4,225,0.07111111111111111,0.057777777777777775,0.08,0.11555555555555555
NP_415326.1,760,0.0881578947368421,0.1,0.05921052631578947,0.05263157894736842
NP_415327.2,86,0.13953488372093023,0.10465116279069768,0.03488372093023256,0.11627906976744186
NP_415328.4,308,0.11038961038961038,0.07467532467532467,0.048701298701298704,0.09090909090909091
NP_415329.4,741,0.10256410256410256,0.06072874493927125,0.07152496626180836,0.12955465587044535
NP_415330.1,240,0.075,0.07083333333333333,0.0875,0.1125
NP_415331.1,219,0.1050228310502283,0.0821917808219178,0.0776255707762557,0.1324200913242009
NP_415332.1,248,0.10887096774193548,0.07258064516129033,0.08064516129032258,0.09274193548387097
NP_415333.1,167,0.10778443113772455,0.03592814371257485,0.0658682634730539,0.11377245508982035
NP_415334.1,295,0.13220338983050847,0.09491525423728814,0.07457627118644068,0.17966101694915254
NP_415335.1,171,0.09941520467836257,0.12280701754385964,0.06432748538011696,0.04093567251461988
NP_415336.1,527,0.08349146110056926,0.058823529411764705,0.07020872865275142,0.10056925996204934
NP_415338.1,155,0.09032258064516129,0.06451612903225806,0.0967741935483871,0.0967741935483871
NP_415339.1,372,0.08870967741935484,0.07258064516129033,0.08602150537634409,0.1989247311827957
NP_415340.1,306,0.07516339869281045,0.08823529411764706,0.0915032679738562,0.0784313725490196
NP_415341.1,530,0.06037735849056604,0.07924528301886792,0.05660377358490566,0.1169811320754717
NP_415342.1,421,0.10451306413301663,0.0665083135391924,0.0665083135391924,0.0855106888361045
NP_415343.1,271,0.08487084870848709,0.06273062730627306,0.07380073800738007,0.0996309963099631
NP_415344.1,810,0.09876543209876543,0.0728395061728395,0.06049382716049383,0.10123456790123457
NP_415345.2,299,0.10367892976588629,0.06688963210702341,0.046822742474916385,0.13043478260869565
NP_415346.4,220,0.1590909090909091,0.08181818181818182,0.09090909090909091,0.11363636363636363
NP_415347.1,249,0.11646586345381527,0.08835341365461848,0.07228915662650602,0.12048192771084337
NP_415348.1,411,0.09002433090024331,0.10462287104622871,0.0851581508515815,0.10462287104622871
NP_415349.1,321,0.14641744548286603,0.12149532710280374,0.0778816199376947,0.09657320872274143
NP_415350.2,623,0.09630818619582665,0.06581059390048154,0.08667736757624397,0.11235955056179775
NP_415351.1,512,0.12890625,0.0546875,0.0625,0.078125
NP_415352.1,306,0.09477124183006536,0.06862745098039216,0.11437908496732026,0.13071895424836602
NP_415353.1,303,0.12871287128712872,0.07590759075907591,0.0891089108910891,0.12211221122112212
NP_415354.1,782,0.06649616368286446,0.04475703324808184,0.056265984654731455,0.10230179028132992
NP_415355.1,442,0.06787330316742081,0.058823529411764705,0.09049773755656108,0.11085972850678733
NP_415356.1,441,0.049886621315192746,0.07029478458049887,0.09750566893424037,0.09297052154195011
NP_415357.1,127,0.10236220472440945,0.015748031496062992,0.05511811023622047,0.16535433070866143
NP_415358.1,371,0.0673854447439353,0.11320754716981132,0.0646900269541779,0.09973045822102426
NP_415359.4,208,0.10096153846153846,0.052884615384615384,0.057692307692307696,0.125
NP_415360.1,400,0.1,0.0925,0.0725,0.095
NP_415361.1,252,0.09126984126984126,0.04365079365079365,0.06746031746031746,0.10714285714285714
NP_415362.1,198,0.09595959595959595,0.06060606060606061,0.08080808080808081,0.16161616161616163
NP_415363.1,410,0.11463414634146342,0.1024390243902439,0.06341463414634146,0.16341463414634147
NP_415364.1,94,0.10638297872340426,0.06382978723404255,0.19148936170212766,0.06382978723404255
NP_415365.4,271,0.09225092250922509,0.08118081180811808,0.08856088560885608,0.07380073800738007
NP_415366.1,402,0.12935323383084577,0.11940298507462686,0.09701492537313433,0.12935323383084577
NP_415367.1,178,0.10112359550561797,0.0449438202247191,0.05056179775280899,0.09550561797752809
NP_415368.1,561,0.08912655971479501,0.11764705882352941,0.08199643493761141,0.1443850267379679
NP_415369.1,125,0.12,0.056,0.048,0.144
NP_415370.1,85,0.08235294117647059,0.07058823529411765,0.08235294117647059,0.047058823529411764
NP_415371.1,95,0.08421052631578947,0.042105263157894736,0.09473684210526316,0.17894736842105263
NP_415372.1,240,0.09583333333333334,0.0625,0.0375,0.12916666666666668
NP_415373.1,300,0.12,0.09,0.07,0.09
NP_415374.1,158,0.08227848101265822,0.03164556962025317,0.08227848101265822,0.13924050632911392
NP_415375.1,370,0.11081081081081082,0.05675675675675676,0.0891891891891892,0.0972972972972973
NP_415376.4,377,0.07692307692307693,0.07161803713527852,0.09283819628647215,0.11405835543766578
NP_415377.1,317,0.07886435331230283,0.06309148264984227,0.07255520504731862,0.17034700315457413
NP_415378.1,281,0.12811387900355872,0.0711743772241993,0.09252669039145907,0.1387900355871886
NP_415379.1,162,0.06790123456790123,0.05555555555555555,0.06790123456790123,0.16666666666666666
NP_415380.1,375,0.09866666666666667,0.056,0.058666666666666666,0.11733333333333333
NP_415381.1,243,0.102880658436214,0.06584362139917696,0.06172839506172839,0.06995884773662552
NP_415382.1,222,0.08108108108108109,0.05855855855855856,0.06306306306306306,0.1891891891891892
NP_415383.1,238,0.1134453781512605,0.06302521008403361,0.08403361344537816,0.15966386554621848
NP_415384.1,243,0.09053497942386832,0.06995884773662552,0.07407407407407407,0.07407407407407407
NP_415385.1,242,0.08264462809917356,0.05785123966942149,0.06611570247933884,0.128099173553719
NP_415386.1,171,0.07602339181286549,0.05847953216374269,0.05263157894736842,0.1111111111111111
NP_415387.1,107,0.102803738317757,0.1308411214953271,0.09345794392523364,0.056074766355140186
NP_415388.1,276,0.13405797101449277,0.06159420289855073,0.05434782608695652,0.09057971014492754
NP_415389.2,337,0.08605341246290801,0.06528189910979229,0.05637982195845697,0.09792284866468842
NP_415390.4,476,0.10504201680672269,0.06092436974789916,0.07142857142857142,0.12394957983193278
NP_415391.1,333,0.14114114114114115,0.07507507507507508,0.06906906906906907,0.10510510510510511
NP_415392.1,572,0.11538461538461539,0.08391608391608392,0.07692307692307693,0.09615384615384616
NP_415393.1,322,0.09316770186335403,0.062111801242236024,0.09937888198757763,0.08074534161490683
NP_415394.4,550,0.09818181818181818,0.09090909090909091,0.06,0.12
NP_415395.2,299,0.09698996655518395,0.0802675585284281,0.07357859531772576,0.1939799331103679
NP_415396.1,231,0.1471861471861472,0.15151515151515152,0.09523809523809523,0.11255411255411256
NP_415397.1,552,0.06702898550724638,0.06159420289855073,0.057971014492753624,0.1322463768115942
NP_415398.1,330,0.07575757575757576,0.048484848484848485,0.02727272727272727,0.12424242424242424
NP_415399.4,371,0.1105121293800539,0.05929919137466307,0.09973045822102426,0.10512129380053908
NP_415400.1,648,0.0941358024691358,0.08641975308641975,0.10185185185185185,0.11574074074074074
NP_415401.1,74,0.0945945945945946,0.13513513513513514,0.10810810810810811,0.013513513513513514
NP_415402.1,106,0.09433962264150944,0.02830188679245283,0.10377358490566038,0.09433962264150944
NP_415403.1,758,0.09102902374670185,0.06596306068601583,0.079155672823219,0.10290237467018469
NP_415404.1,72,0.027777777777777776,0.06944444444444445,0.09722222222222222,0.08333333333333333
NP_415405.1,234,0.0641025641025641,0.08974358974358974,0.05128205128205128,0.1111111111111111
NP_415406.1,573,0.10471204188481675,0.08202443280977312,0.06108202443280977,0.17277486910994763
NP_415407.1,588,0.12074829931972789,0.06802721088435375,0.05952380952380952,0.15306122448979592
NP_415408.1,321,0.09968847352024922,0.10903426791277258,0.056074766355140186,0.09034267912772585
NP_415409.1,164,0.03048780487804878,0.054878048780487805,0.09146341463414634,0.1402439024390244
NP_415410.1,1329,0.11211437170805116,0.05718585402558315,0.07750188111361926,0.08051166290443942
NP_415411.2,203,0.08866995073891626,0.059113300492610835,0.06896551724137931,0.06896551724137931
NP_415412.1,447,0.14093959731543623,0.06487695749440715,0.049217002237136466,0.08501118568232663
NP_415413.1,430,0.08139534883720931,0.06976744186046512,0.06976744186046512,0.10697674418604651
NP_415414.4,814,0.07985257985257985,0.08845208845208845,0.056511056511056514,0.06756756756756757
NP_415415.1,205,0.07317073170731707,0.07804878048780488,0.06341463414634146,0.04390243902439024
NP_415416.1,287,0.10801393728222997,0.10801393728222997,0.10452961672473868,0.1602787456445993
NP_415417.1,208,0.09615384615384616,0.057692307692307696,0.07692307692307693,0.10576923076923077
NP_415418.1,382,0.09424083769633508,0.09162303664921466,0.0968586387434555,0.17015706806282724
NP_415419.2,476,0.10504201680672269,0.07773109243697479,0.09663865546218488,0.11554621848739496
NP_415420.1,302,0.07947019867549669,0.059602649006622516,0.06291390728476821,0.10264900662251655
NP_415421.1,196,0.05612244897959184,0.04591836734693878,0.08673469387755102,0.10204081632653061
NP_415422.1,246,0.036585365853658534,0.09349593495934959,0.0975609756097561,0.07723577235772358
NP_415423.1,760,0.08421052631578947,0.075,0.056578947368421055,0.08157894736842106
NP_415424.1,285,0.10175438596491228,0.0912280701754386,0.09473684210526316,0.11578947368421053
NP_415425.4,586,0.09897610921501707,0.06996587030716724,0.051194539249146756,0.1075085324232082
NP_415426.1,230,0.06956521739130435,0.05217391304347826,0.09130434782608696,0.13478260869565217
NP_415427.1,362,0.1132596685082873,0.08011049723756906,0.07734806629834254,0.08287292817679558
NP_415428.1,427,0.10772833723653395,0.08665105386416862,0.05620608899297424,0.11241217798594848
NP_415429.2,254,0.14173228346456693,0.09055118110236221,0.04330708661417323,0.08267716535433071
NP_415430.1,227,0.14977973568281938,0.05286343612334802,0.0881057268722467,0.12334801762114538
NP_415431.1,557,0.08617594254937164,0.08617594254937164,0.12028725314183124,0.0807899461400359
NP_415432.1,94,0.07446808510638298,0.0851063829787234,0.0425531914893617,0.07446808510638298
NP_415433.4,754,0.08620689655172414,0.07957559681697612,0.05968169761273209,0.14323607427055704
NP_415434.1,582,0.08247422680412371,0.06529209621993128,0.08075601374570447,0.10309278350515463
NP_415435.1,328,0.0975609756097561,0.09146341463414634,0.11890243902439024,0.11585365853658537
NP_415436.1,410,0.09268292682926829,0.05121951219512195,0.04390243902439024,0.12439024390243902
NP_415437.1,60,0.06666666666666667,0.03333333333333333,0.05,0.16666666666666666
NP_415438.1,248,0.11290322580645161,0.06854838709677419,0.11290322580645161,0.06451612903225806
NP_415439.1,297,0.07407407407407407,0.050505050505050504,0.05723905723905724,0.1414141414141414
NP_415440.1,259,0.07722007722007722,0.07722007722007722,0.05405405405405406,0.14671814671814673
NP_415441.1,261,0.08812260536398467,0.06896551724137931,0.06896551724137931,0.10344827586206896
NP_415442.1,440,0.09318181818181819,0.04318181818181818,0.06363636363636363,0.11363636363636363
NP_415443.2,234,0.0641025641025641,0.05128205128205128,0.04700854700854701,0.13675213675213677
NP_415444.1,1486,0.09757738896366083,0.039703903095558546,0.05720053835800808,0.11911170928667564
NP_415445.1,615,0.1073170731707317,0.06016260162601626,0.06829268292682927,0.1024390243902439
NP_415446.1,182,0.0989010989010989,0.09340659340659341,0.027472527472527472,0.10989010989010989
NP_415447.1,215,0.046511627906976744,0.10232558139534884,0.06511627906976744,0.12093023255813953
NP_415448.1,396,0.11616161616161616,0.07575757575757576,0.06565656565656566,0.09595959595959595
NP_415449.1,362,0.09392265193370165,0.13535911602209943,0.0718232044198895,0.06353591160220995
NP_415450.1,466,0.08798283261802575,0.06866952789699571,0.10085836909871244,0.07725321888412018
NP_415451.1,400,0.0875,0.045,0.065,0.115
NP_415452.1,870,0.1,0.04367816091954023,0.059770114942528735,0.10689655172413794
NP_415453.1,255,0.10980392156862745,0.09411764705882353,0.0784313725490196,0.17254901960784313
NP_415454.4,263,0.09125475285171103,0.08745247148288973,0.08365019011406843,0.17110266159695817
NP_415455.1,381,0.12073490813648294,0.08398950131233596,0.07349081364829396,0.10761154855643044
NP_415456.4,319,0.13166144200626959,0.06896551724137931,0.06583072100313479,0.11285266457680251
NP_415457.1,191,0.11518324607329843,0.04712041884816754,0.07329842931937172,0.16753926701570682
NP_415458.2,179,0.12290502793296089,0.055865921787709494,0.1005586592178771,0.05027932960893855
NP_415459.1,233,0.07725321888412018,0.06437768240343347,0.06437768240343347,0.0944206008583691
NP_415460.1,866,0.08314087759815242,0.08775981524249422,0.05542725173210162,0.08891454965357967
NP_415461.1,356,0.08707865168539326,0.10112359550561797,0.09550561797752809,0.07584269662921349
NP_415462.1,180,0.1111111111111111,0.1,0.06666666666666667,0.09444444444444444
NP_415463.2,171,0.06432748538011696,0.08187134502923976,0.07602339181286549,0.1111111111111111
NP_415464.4,236,0.08050847457627118,0.06779661016949153,0.08050847457627118,0.1271186440677966
NP_415465.1,336,0.0744047619047619,0.09523809523809523,0.0625,0.10714285714285714
NP_415466.4,180,0.1,0.03888888888888889,0.07777777777777778,0.10555555555555556
NP_415467.1,369,0.0975609756097561,0.07317073170731707,0.07588075880758807,0.07588075880758807
NP_415468.1,702,0.09829059829059829,0.07407407407407407,0.04843304843304843,0.11965811965811966
NP_415469.1,635,0.07716535433070866,0.06929133858267716,0.06614173228346457,0.13228346456692913
NP_415470.1,417,0.09112709832134293,0.05515587529976019,0.08393285371702638,0.14628297362110312
NP_415471.1,546,0.05860805860805861,0.07875457875457875,0.07326007326007326,0.10989010989010989
NP_415472.2,187,0.0748663101604278,0.08021390374331551,0.11229946524064172,0.11229946524064172
NP_415473.1,55,0.10909090909090909,0.09090909090909091,0.03636363636363636,0.05454545454545454
NP_415474.1,172,0.05813953488372093,0.13953488372093023,0.08139534883720931,0.11627906976744186
NP_415475.1,586,0.08532423208191127,0.06143344709897611,0.05631399317406143,0.11433447098976109
NP_415476.1,150,0.07333333333333333,0.04,0.05333333333333334,0.12
NP_415477.1,346,0.1069364161849711,0.10982658959537572,0.07803468208092486,0.06647398843930635
NP_415478.1,169,0.08284023668639054,0.05325443786982249,0.0650887573964497,0.1242603550295858
NP_415479.1,209,0.07655502392344497,0.0430622009569378,0.05741626794258373,0.14354066985645933
NP_415480.2,717,0.09902370990237098,0.0502092050209205,0.04602510460251046,0.1589958158995816
NP_415481.1,148,0.10135135135135136,0.08108108108108109,0.08783783783783784,0.13513513513513514
NP_415482.1,684,0.10818713450292397,0.05555555555555555,0.04824561403508772,0.11403508771929824
NP_415483.2,152,0.09868421052631579,0.05263157894736842,0.07894736842105263,0.11842105263157894
NP_415484.1,220,0.07272727272727272,0.02727272727272727,0.07272727272727272,0.1409090909090909
NP_415485.4,137,0.12408759124087591,0.08759124087591241,0.10218978102189781,0.0948905109489051
NP_415486.4,105,0.0761904761904762,0.047619047619047616,0.08571428571428572,0.12380952380952381
NP_415487.4,396,0.08838383838383838,0.07828282828282829,0.06565656565656566,0.1111111111111111
NP_415488.1,92,0.05434782608695652,0.11956521739130435,0.10869565217391304,0.07608695652173914
NP_415489.4,109,0.07339449541284404,0.06422018348623854,0.06422018348623854,0.08256880733944955
NP_415490.1,219,0.091324200913242,0.0867579908675799,0.0684931506849315,0.1598173515981735
NP_415491.1,372,0.10752688172043011,0.08602150537634409,0.06182795698924731,0.053763440860215055
NP_415492.1,597,0.08710217755443886,0.08542713567839195,0.06532663316582915,0.08040201005025126
NP_415493.1,235,0.06382978723404255,0.07234042553191489,0.09361702127659574,0.06808510638297872
NP_415494.1,195,0.11282051282051282,0.09230769230769231,0.06153846153846154,0.14358974358974358
NP_415495.1,132,0.06818181818181818,0.07575757575757576,0.07575757575757576,0.10606060606060606
NP_415496.1,285,0.08421052631578947,0.056140350877192984,0.0456140350877193,0.1543859649122807
NP_415497.1,514,0.10116731517509728,0.07782101167315175,0.06420233463035019,0.1303501945525292
NP_415498.1,378,0.07142857142857142,0.0873015873015873,0.08994708994708994,0.1693121693121693
NP_415500.1,432,0.09259259259259259,0.06712962962962964,0.05555555555555555,0.13425925925925927
NP_415501.1,726,0.07713498622589532,0.05785123966942149,0.07162534435261708,0.1184573002754821
NP_415502.4,148,0.12162162162162163,0.07432432432432433,0.07432432432432433,0.0945945945945946
NP_415503.1,379,0.08443271767810026,0.06596306068601583,0.08443271767810026,0.09498680738786279
NP_415504.1,698,0.07736389684813753,0.08739255014326648,0.054441260744985676,0.08882521489971347
NP_415505.1,248,0.09274193548387097,0.056451612903225805,0.11693548387096774,0.11693548387096774
NP_415506.1,214,0.06542056074766354,0.0514018691588785,0.06542056074766354,0.11682242990654206
NP_415507.2,101,0.19801980198019803,0.12871287128712872,0.0891089108910891,0.039603960396039604
NP_415508.1,167,0.03592814371257485,0.0658682634730539,0.0718562874251497,0.10179640718562874
NP_415509.1,70,0.05714285714285714,0.1,0.1,0.05714285714285714
NP_415510.1,70,0.07142857142857142,0.08571428571428572,0.08571428571428572,0.04285714285714286
NP_415511.1,76,0.06578947368421052,0.039473684210526314,0.05263157894736842,0.11842105263157894
NP_415512.1,357,0.08683473389355742,0.06442577030812324,0.0700280112044818,0.13725490196078433
NP_415513.2,914,0.11159737417943107,0.05032822757111598,0.04923413566739606,0.14551422319474835
NP_415514.1,342,0.10526315789473684,0.07309941520467836,0.07894736842105263,0.11695906432748537
NP_415515.1,230,0.06086956521739131,0.05652173913043478,0.09130434782608696,0.1391304347826087
NP_415516.1,390,0.10256410256410256,0.06153846153846154,0.05128205128205128,0.06153846153846154
NP_415517.1,848,0.08726415094339622,0.08962264150943396,0.0695754716981132,0.07665094339622641
NP_415518.1,199,0.12562814070351758,0.03015075376884422,0.04020100502512563,0.16080402010050251
NP_415519.1,101,0.0891089108910891,0.039603960396039604,0.10891089108910891,0.1188118811881188
NP_415520.1,306,0.08169934640522876,0.07516339869281045,0.06535947712418301,0.07516339869281045
NP_415521.1,418,0.04066985645933014,0.04066985645933014,0.05263157894736842,0.10287081339712918
NP_415522.1,413,0.09200968523002422,0.06053268765133172,0.0774818401937046,0.09200968523002422
NP_415523.1,75,0.12,0.05333333333333334,0.06666666666666667,0.04
NP_415524.1,198,0.1111111111111111,0.13636363636363635,0.08080808080808081,0.06565656565656566
NP_415525.2,57,0.10526315789473684,0.21052631578947367,0.0,0.0
NP_415526.4,442,0.11990950226244344,0.1244343891402715,0.12669683257918551,0.11538461538461539
NP_415527.4,164,0.10975609756097561,0.07317073170731707,0.07926829268292683,0.07317073170731707
NP_415528.1,196,0.10714285714285714,0.0663265306122449,0.03571428571428571,0.11734693877551021
NP_415529.1,266,0.14661654135338345,0.06390977443609022,0.07142857142857142,0.14285714285714285
NP_415530.1,128,0.1328125,0.0625,0.0859375,0.0546875
NP_415531.2,230,0.10434782608695652,0.0782608695652174,0.06956521739130435,0.08695652173913043
NP_415532.3,382,0.112565445026178,0.07853403141361257,0.06282722513089005,0.07068062827225131
NP_415533.1,212,0.12735849056603774,0.05188679245283019,0.05188679245283019,0.1179245283018868
NP_415534.1,1320,0.12575757575757576,0.07348484848484849,0.06287878787878788,0.11818181818181818
NP_415535.1,502,0.12350597609561753,0.09362549800796813,0.07768924302788845,0.11752988047808766
NP_415537.1,375,0.12533333333333332,0.06133333333333333,0.058666666666666666,0.096
NP_415538.1,423,0.08747044917257683,0.08274231678486997,0.05200945626477541,0.11583924349881797
NP_415539.1,354,0.10451977401129943,0.07062146892655367,0.0847457627118644,0.07627118644067797
NP_415540.1,137,0.10218978102189781,0.014598540145985401,0.08029197080291971,0.1386861313868613
NP_415541.1,441,0.08390022675736962,0.05442176870748299,0.06802721088435375,0.10430839002267574
NP_415542.1,672,0.09523809523809523,0.041666666666666664,0.06101190476190476,0.09077380952380952
NP_415543.1,807,0.1090458488228005,0.05204460966542751,0.04956629491945477,0.09665427509293681
NP_415544.1,452,0.05530973451327434,0.035398230088495575,0.1084070796460177,0.10398230088495575
NP_415545.1,288,0.09027777777777778,0.05555555555555555,0.059027777777777776,0.07291666666666667
NP_415546.2,99,0.1111111111111111,0.010101010101010102,0.020202020202020204,0.1111111111111111
NP_415548.1,328,0.054878048780487805,0.036585365853658534,0.0701219512195122,0.1676829268292683
NP_415551.2,312,0.08653846153846154,0.0641025641025641,0.07371794871794872,0.10897435897435898
NP_415552.1,245,0.11836734693877551,0.0653061224489796,0.0653061224489796,0.0653061224489796
NP_415553.1,184,0.10869565217391304,0.043478260869565216,0.03804347826086957,0.14130434782608695
NP_415554.4,163,0.1411042944785276,0.12269938650306748,0.05521472392638037,0.15337423312883436
NP_415555.1,277,0.07942238267148015,0.06859205776173286,0.07942238267148015,0.10469314079422383
NP_415556.1,138,0.057971014492753624,0.08695652173913043,0.050724637681159424,0.09420289855072464
NP_415557.1,129,0.08527131782945736,0.046511627906976744,0.06976744186046512,0.10077519379844961
NP_415558.1,216,0.05092592592592592,0.041666666666666664,0.037037037037037035,0.13425925925925927
NP_415559.1,151,0.152317880794702,0.09933774834437085,0.039735099337748346,0.06622516556291391
NP_415560.1,151,0.10596026490066225,0.19205298013245034,0.06622516556291391,0.059602649006622516
NP_415561.1,110,0.03636363636363636,0.03636363636363636,0.06363636363636363,0.14545454545454545
NP_415562.1,103,0.06796116504854369,0.07766990291262135,0.08737864077669903,0.06796116504854369
NP_415563.1,177,0.13559322033898305,0.0903954802259887,0.10734463276836158,0.0903954802259887
NP_415564.2,473,0.080338266384778,0.0613107822410148,0.06553911205073996,0.12684989429175475
NP_415565.1,385,0.05714285714285714,0.04935064935064935,0.07792207792207792,0.14545454545454545
NP_415566.1,511,0.0684931506849315,0.06457925636007827,0.07045009784735812,0.07240704500978473
NP_415567.1,847,0.08618654073199528,0.05667060212514758,0.06965761511216056,0.12396694214876033
NP_415568.1,75,0.013333333333333334,0.09333333333333334,0.09333333333333334,0.12
NP_415569.4,124,0.11290322580645161,0.06451612903225806,0.03225806451612903,0.06451612903225806
NP_415571.1,408,0.09313725490196079,0.09558823529411764,0.0857843137254902,0.1568627450980392
NP_415572.1,306,0.058823529411764705,0.0784313725490196,0.0718954248366013,0.10784313725490197
NP_415573.1,350,0.09428571428571429,0.06,0.04857142857142857,0.06857142857142857
NP_415574.1,191,0.08376963350785341,0.08900523560209424,0.05759162303664921,0.08376963350785341
NP_415575.1,188,0.10638297872340426,0.09042553191489362,0.06914893617021277,0.1276595744680851
NP_415576.1,46,0.021739130434782608,0.021739130434782608,0.021739130434782608,0.2608695652173913
NP_415577.1,372,0.10215053763440861,0.0913978494623656,0.05913978494623656,0.08602150537634409
NP_415578.3,84,0.047619047619047616,0.05952380952380952,0.07142857142857142,0.08333333333333333
NP_415579.1,81,0.13580246913580246,0.04938271604938271,0.06172839506172839,0.06172839506172839
NP_415580.1,348,0.09482758620689655,0.05459770114942529,0.08333333333333333,0.09482758620689655
NP_415581.1,186,0.08602150537634409,0.06451612903225806,0.06989247311827956,0.11827956989247312
NP_415582.1,215,0.08372093023255814,0.04186046511627907,0.05581395348837209,0.13023255813953488
NP_415583.4,402,0.10696517412935323,0.10199004975124377,0.06716417910447761,0.14925373134328357
NP_415584.1,194,0.07216494845360824,0.08247422680412371,0.05154639175257732,0.08762886597938144
NP_415585.1,215,0.08372093023255814,0.05581395348837209,0.08837209302325581,0.12558139534883722
NP_415586.1,307,0.11400651465798045,0.0749185667752443,0.0781758957654723,0.11074918566775244
NP_415587.1,511,0.12720156555772993,0.07240704500978473,0.08806262230919765,0.16046966731898238
NP_415588.1,138,0.043478260869565216,0.057971014492753624,0.028985507246376812,0.12318840579710146
NP_415589.1,97,0.1134020618556701,0.030927835051546393,0.05154639175257732,0.09278350515463918
NP_415590.1,219,0.1095890410958904,0.0684931506849315,0.1050228310502283,0.1141552511415525
NP_415591.1,138,0.12318840579710146,0.043478260869565216,0.043478260869565216,0.10869565217391304
NP_415592.1,134,0.1417910447761194,0.07462686567164178,0.12686567164179105,0.08208955223880597
NP_415593.1,231,0.07792207792207792,0.10822510822510822,0.0735930735930736,0.09523809523809523
NP_415594.1,402,0.10199004975124377,0.09701492537313433,0.06716417910447761,0.07462686567164178
NP_415595.1,251,0.1394422310756972,0.09561752988047809,0.0796812749003984,0.0796812749003984
NP_415596.1,260,0.07692307692307693,0.09615384615384616,0.08076923076923077,0.08846153846153847
NP_415597.1,232,0.08620689655172414,0.10344827586206896,0.08189655172413793,0.06896551724137931
NP_415598.3,365,0.0821917808219178,0.10136986301369863,0.10684931506849316,0.10410958904109589
NP_415599.1,313,0.12140575079872204,0.05750798722044728,0.051118210862619806,0.09584664536741214
NP_415600.1,547,0.1206581352833638,0.07861060329067641,0.06581352833638025,0.08592321755027423
NP_415601.1,317,0.1167192429022082,0.05993690851735016,0.05362776025236593,0.08832807570977919
NP_415602.1,1061,0.11875589066918002,0.043355325164938736,0.09048067860508954,0.061262959472196045
NP_415603.2,106,0.03773584905660377,0.04716981132075472,0.04716981132075472,0.0660377358490566
NP_415604.1,319,0.08150470219435736,0.07210031347962383,0.08463949843260188,0.10658307210031348
NP_415605.2,194,0.07216494845360824,0.06701030927835051,0.04639175257731959,0.13917525773195877
NP_415606.1,173,0.08092485549132948,0.028901734104046242,0.12138728323699421,0.08670520231213873
NP_415607.1,57,0.08771929824561403,0.07017543859649122,0.07017543859649122,0.05263157894736842
NP_415608.2,356,0.10393258426966293,0.08426966292134831,0.08707865168539326,0.14606741573033707
NP_415609.1,317,0.13564668769716087,0.08517350157728706,0.08517350157728706,0.08201892744479496
NP_415610.1,309,0.17475728155339806,0.07766990291262135,0.10032362459546926,0.08414239482200647
NP_415611.1,244,0.14344262295081966,0.11885245901639344,0.07377049180327869,0.07377049180327869
NP_415612.1,78,0.08974358974358974,0.05128205128205128,0.08974358974358974,0.0641025641025641
NP_415613.1,413,0.12590799031476999,0.12590799031476999,0.06295399515738499,0.07021791767554479
NP_415614.1,269,0.08921933085501858,0.06691449814126393,0.07434944237918216,0.12267657992565056
NP_415615.1,340,0.09705882352941177,0.06470588235294118,0.061764705882352944,0.12352941176470589
NP_415616.1,213,0.09389671361502347,0.07511737089201878,0.0892018779342723,0.107981220657277
NP_415617.1,334,0.12874251497005987,0.06287425149700598,0.05688622754491018,0.16766467065868262
NP_415618.1,265,0.09056603773584905,0.05660377358490566,0.1018867924528302,0.11320754716981132
NP_415619.1,477,0.1278825995807128,0.10482180293501048,0.08385744234800839,0.09224318658280922
NP_415620.1,729,0.07407407407407407,0.0823045267489712,0.05761316872427984,0.06858710562414266
NP_415621.3,119,0.08403361344537816,0.07563025210084033,0.05042016806722689,0.08403361344537816
NP_415622.1,125,0.072,0.056,0.08,0.144
NP_415623.1,213,0.11737089201877934,0.07981220657276995,0.07981220657276995,0.08450704225352113
NP_415624.1,274,0.072992700729927,0.051094890510948905,0.04744525547445255,0.14233576642335766
NP_415625.1,341,0.11436950146627566,0.08211143695014662,0.05865102639296188,0.08504398826979472
NP_415626.4,180,0.027777777777777776,0.05,0.05,0.1
NP_415627.1,434,0.08986175115207373,0.0967741935483871,0.06221198156682028,0.1175115207373272
NP_415628.1,179,0.0782122905027933,0.13966480446927373,0.10614525139664804,0.055865921787709494
NP_415629.4,210,0.12857142857142856,0.047619047619047616,0.03333333333333333,0.09523809523809523
NP_415630.1,85,0.1411764705882353,0.08235294117647059,0.07058823529411765,0.07058823529411765
NP_415631.1,320,0.096875,0.078125,0.0875,0.09375
NP_415632.1,1148,0.09494773519163763,0.05749128919860627,0.05836236933797909,0.12195121951219512
NP_415633.1,357,0.07563025210084033,0.036414565826330535,0.0896358543417367,0.16246498599439776
NP_415634.1,399,0.10025062656641603,0.08521303258145363,0.09022556390977443,0.13283208020050125
NP_415635.4,233,0.08583690987124463,0.08583690987124463,0.055793991416309016,0.15450643776824036
NP_415636.1,414,0.09178743961352658,0.08695652173913043,0.0966183574879227,0.11835748792270531
NP_415637.1,303,0.0924092409240924,0.12211221122112212,0.056105610561056105,0.11551155115511551
NP_415638.3,279,0.0931899641577061,0.07526881720430108,0.07526881720430108,0.1003584229390681
NP_415639.1,262,0.10687022900763359,0.05343511450381679,0.03816793893129771,0.14885496183206107
NP_415640.2,153,0.026143790849673203,0.0784313725490196,0.09803921568627451,0.0457516339869281
NP_415641.1,348,0.10344827586206896,0.06609195402298851,0.05172413793103448,0.08908045977011494
NP_415642.1,264,0.07954545454545454,0.06439393939393939,0.10227272727272728,0.14393939393939395
NP_415643.3,275,0.05818181818181818,0.05818181818181818,0.07636363636363637,0.2
NP_415644.1,378,0.0582010582010582,0.06084656084656084,0.08994708994708994,0.10582010582010581
NP_415645.1,408,0.08088235294117647,0.09313725490196079,0.0784313725490196,0.08823529411764706
NP_415646.4,373,0.064343163538874,0.07506702412868632,0.05630026809651475,0.10723860589812333
NP_415647.1,486,0.059670781893004114,0.047325102880658436,0.08641975308641975,0.13991769547325103
NP_415648.1,223,0.06726457399103139,0.04035874439461883,0.08968609865470852,0.12556053811659193
NP_415649.1,456,0.09429824561403509,0.05701754385964912,0.07017543859649122,0.09868421052631579
NP_415650.1,213,0.11267605633802817,0.07511737089201878,0.06572769953051644,0.1643192488262911
NP_415651.4,368,0.07608695652173914,0.09510869565217392,0.07880434782608696,0.08967391304347826
NP_415652.1,153,0.0915032679738562,0.0457516339869281,0.06535947712418301,0.0784313725490196
NP_415653.4,217,0.059907834101382486,0.06912442396313365,0.059907834101382486,0.0967741935483871
NP_415654.1,416,0.09134615384615384,0.09615384615384616,0.07211538461538461,0.07451923076923077
NP_415655.1,221,0.04524886877828054,0.06787330316742081,0.06334841628959276,0.09049773755656108
NP_415656.1,234,0.05128205128205128,0.02564102564102564,0.05128205128205128,0.11965811965811966
NP_415657.1,297,0.06397306397306397,0.03367003367003367,0.05387205387205387,0.10101010101010101
NP_415658.1,375,0.104,0.050666666666666665,0.056,0.09333333333333334
NP_415659.1,81,0.07407407407407407,0.037037037037037035,0.06172839506172839,0.14814814814814814
NP_415661.2,113,0.05309734513274336,0.02654867256637168,0.061946902654867256,0.10619469026548672
NP_415662.2,102,0.09803921568627451,0.049019607843137254,0.058823529411764705,0.12745098039215685
NP_415663.1,224,0.049107142857142856,0.08035714285714286,0.0625,0.044642857142857144
NP_415664.2,66,0.07575757575757576,0.09090909090909091,0.045454545454545456,0.10606060606060606
NP_415665.2,185,0.13513513513513514,0.06486486486486487,0.08108108108108109,0.07027027027027027
NP_415666.1,112,0.08035714285714286,0.07142857142857142,0.09821428571428571,0.05357142857142857
NP_415668.1,60,0.13333333333333333,0.13333333333333333,0.1,0.2
NP_415671.1,194,0.10309278350515463,0.04639175257731959,0.05154639175257732,0.0979381443298969
NP_415672.1,209,0.1291866028708134,0.11483253588516747,0.06220095693779904,0.08133971291866028
NP_415673.1,137,0.08029197080291971,0.051094890510948905,0.058394160583941604,0.08759124087591241
NP_415674.1,200,0.135,0.055,0.055,0.065
NP_415676.1,184,0.07608695652173914,0.09239130434782608,0.06521739130434782,0.11413043478260869
NP_415677.1,277,0.036101083032490974,0.07220216606498195,0.06859205776173286,0.09386281588447654
NP_415678.1,107,0.018691588785046728,0.056074766355140186,0.028037383177570093,0.06542056074766354
NP_415679.1,134,0.05970149253731343,0.029850746268656716,0.07462686567164178,0.09701492537313433
NP_415680.1,243,0.06995884773662552,0.05761316872427984,0.053497942386831275,0.10699588477366255
NP_415681.1,403,0.0967741935483871,0.04714640198511166,0.04962779156327544,0.0967741935483871
NP_415682.1,78,0.08974358974358974,0.0641025641025641,0.02564102564102564,0.15384615384615385
NP_415683.1,90,0.05555555555555555,0.044444444444444446,0.022222222222222223,0.07777777777777778
NP_415684.1,88,0.07954545454545454,0.03409090909090909,0.056818181818181816,0.14772727272727273
NP_415685.1,82,0.024390243902439025,0.012195121951219513,0.04878048780487805,0.13414634146341464
NP_415686.2,507,0.07297830374753451,0.05719921104536489,0.07495069033530571,0.1203155818540434
NP_415689.2,109,0.14678899082568808,0.03669724770642202,0.07339449541284404,0.08256880733944955
NP_415690.5,114,0.15789473684210525,0.23684210526315788,0.09649122807017543,0.09649122807017543
NP_415692.1,88,0.06818181818181818,0.011363636363636364,0.06818181818181818,0.13636363636363635
NP_415693.1,270,0.08518518518518518,0.08518518518518518,0.07777777777777778,0.1037037037037037
NP_415694.1,231,0.12554112554112554,0.06493506493506493,0.07792207792207792,0.09523809523809523
NP_415695.1,122,0.04918032786885246,0.11475409836065574,0.05737704918032787,0.06557377049180328
NP_415696.1,133,0.06766917293233082,0.07518796992481203,0.06015037593984962,0.08270676691729323
NP_415697.5,108,0.027777777777777776,0.05555555555555555,0.05555555555555555,0.12037037037037036
NP_415698.1,219,0.0867579908675799,0.0867579908675799,0.0867579908675799,0.1004566210045662
NP_415699.5,153,0.06535947712418301,0.032679738562091505,0.032679738562091505,0.09803921568627451
NP_415700.4,303,0.09900990099009901,0.0429042904290429,0.06930693069306931,0.10561056105610561
NP_415701.1,139,0.07913669064748201,0.05755395683453238,0.10071942446043165,0.09352517985611511
NP_415702.1,422,0.08530805687203792,0.061611374407582936,0.06635071090047394,0.0924170616113744
NP_415703.3,176,0.10227272727272728,0.056818181818181816,0.07954545454545454,0.1590909090909091
NP_415704.1,513,0.09746588693957114,0.06432748538011696,0.09161793372319688,0.1617933723196881
NP_415705.1,239,0.09205020920502092,0.07531380753138076,0.04184100418410042,0.1087866108786611
NP_415706.1,510,0.045098039215686274,0.03725490196078431,0.047058823529411764,0.09215686274509804
NP_415707.1,432,0.09490740740740741,0.09722222222222222,0.06944444444444445,0.09953703703703703
NP_415708.1,356,0.11797752808988764,0.09269662921348315,0.07584269662921349,0.09831460674157304
NP_415709.2,578,0.09688581314878893,0.10034602076124567,0.07785467128027682,0.15916955017301038
NP_415710.1,304,0.08552631578947369,0.09210526315789473,0.04276315789473684,0.13486842105263158
NP_415711.2,203,0.12807881773399016,0.06896551724137931,0.04926108374384237,0.09359605911330049
NP_415712.1,244,0.0778688524590164,0.04918032786885246,0.05737704918032787,0.12704918032786885
NP_415713.1,84,0.08333333333333333,0.19047619047619047,0.08333333333333333,0.13095238095238096
NP_415714.1,146,0.06164383561643835,0.0410958904109589,0.0410958904109589,0.11643835616438356
NP_415715.1,565,0.09026548672566372,0.06017699115044248,0.05486725663716814,0.0920353982300885
NP_415716.4,472,0.11864406779661017,0.046610169491525424,0.06991525423728813,0.13135593220338984
NP_415717.1,210,0.10476190476190476,0.09047619047619047,0.05714285714285714,0.09047619047619047
NP_415718.6,356,0.08426966292134831,0.10674157303370786,0.07303370786516854,0.11235955056179775
NP_415719.2,639,0.11267605633802817,0.06259780907668232,0.046948356807511735,0.12832550860719874
NP_415720.1,955,0.08272251308900523,0.13089005235602094,0.05654450261780105,0.07539267015706806
NP_415721.1,363,0.10743801652892562,0.08264462809917356,0.07713498622589532,0.08539944903581267
NP_415722.1,194,0.10824742268041238,0.10824742268041238,0.061855670103092786,0.10824742268041238
NP_415723.1,92,0.06521739130434782,0.10869565217391304,0.11956521739130435,0.10869565217391304
NP_415724.2,559,0.12343470483005367,0.09123434704830054,0.08944543828264759,0.14669051878354203
NP_415725.1,315,0.10476190476190476,0.06349206349206349,0.10793650793650794,0.08253968253968254
NP_415726.1,283,0.09187279151943463,0.08833922261484099,0.06713780918727916,0.127208480565371
NP_415727.1,207,0.057971014492753624,0.07729468599033816,0.043478260869565216,0.11594202898550725
NP_415728.1,418,0.11961722488038277,0.0430622009569378,0.07177033492822966,0.12440191387559808
NP_415729.1,360,0.10277777777777777,0.06388888888888888,0.05,0.08888888888888889
NP_415730.1,277,0.10469314079422383,0.06498194945848375,0.05054151624548736,0.11913357400722022
NP_415731.1,130,0.09230769230769231,0.046153846153846156,0.07692307692307693,0.18461538461538463
NP_415732.1,269,0.07434944237918216,0.03717472118959108,0.048327137546468404,0.16356877323420074
NP_415733.1,284,0.09154929577464789,0.0880281690140845,0.09859154929577464,0.08098591549295775
NP_415734.1,366,0.12021857923497267,0.060109289617486336,0.09289617486338798,0.16666666666666666
NP_415735.1,76,0.11842105263157894,0.013157894736842105,0.05263157894736842,0.02631578947368421
NP_415736.2,231,0.1038961038961039,0.08658008658008658,0.03896103896103896,0.13852813852813853
NP_415737.1,117,0.07692307692307693,0.08547008547008547,0.06837606837606838,0.15384615384615385
NP_415738.2,464,0.06896551724137931,0.08836206896551724,0.0625,0.10991379310344827
NP_415739.1,216,0.08796296296296297,0.05092592592592592,0.0787037037037037,0.14351851851851852
NP_415740.1,598,0.0903010033444816,0.05016722408026756,0.07023411371237458,0.14046822742474915
NP_415741.1,463,0.11447084233261338,0.10367170626349892,0.06911447084233262,0.1101511879049676
NP_415742.1,1247,0.07778668805132317,0.08500400962309543,0.05533279871692061,0.08259823576583801
NP_415743.1,512,0.072265625,0.0703125,0.05078125,0.078125
NP_415744.1,236,0.13135593220338984,0.046610169491525424,0.0423728813559322,0.1483050847457627
NP_415745.1,225,0.07555555555555556,0.09333333333333334,0.06666666666666667,0.14666666666666667
NP_415747.2,29,0.10344827586206896,0.06896551724137931,0.0,0.0
NP_415748.1,280,0.07857142857142857,0.05714285714285714,0.08214285714285714,0.09642857142857143
NP_415749.1,152,0.08552631578947369,0.09868421052631579,0.046052631578947366,0.05921052631578947
NP_415750.2,301,0.10631229235880399,0.07308970099667775,0.0664451827242525,0.11295681063122924
NP_415751.1,337,0.09495548961424333,0.06824925816023739,0.07418397626112759,0.17804154302670624
NP_415752.1,302,0.08940397350993377,0.0695364238410596,0.10927152317880795,0.08940397350993377
NP_415753.1,137,0.10948905109489052,0.043795620437956206,0.051094890510948905,0.10218978102189781
NP_415754.1,205,0.06829268292682927,0.06341463414634146,0.07804878048780488,0.1024390243902439
NP_415757.1,891,0.13580246913580246,0.06958473625140292,0.0707070707070707,0.08080808080808081
NP_415758.1,215,0.07906976744186046,0.09302325581395349,0.07441860465116279,0.12093023255813953
NP_415759.1,543,0.0847145488029466,0.053406998158379376,0.08103130755064457,0.08287292817679558
NP_415760.1,306,0.10130718954248366,0.0784313725490196,0.0784313725490196,0.13398692810457516
NP_415761.1,302,0.076158940397351,0.08609271523178808,0.10927152317880795,0.1456953642384106
NP_415763.1,334,0.0658682634730539,0.0718562874251497,0.08383233532934131,0.11976047904191617
NP_415764.4,109,0.08256880733944955,0.03669724770642202,0.045871559633027525,0.13761467889908258
NP_415765.1,486,0.10493827160493827,0.06378600823045268,0.06172839506172839,0.12345679012345678
NP_415766.1,417,0.07434052757793765,0.05755395683453238,0.05995203836930456,0.13908872901678657
NP_415767.2,98,0.16326530612244897,0.061224489795918366,0.09183673469387756,0.10204081632653061
NP_415768.1,239,0.08786610878661087,0.03765690376569038,0.1087866108786611,0.05439330543933055
NP_415769.1,132,0.09848484848484848,0.09090909090909091,0.13636363636363635,0.06060606060606061
NP_415770.1,179,0.0893854748603352,0.03910614525139665,0.1005586592178771,0.1452513966480447
NP_415771.1,247,0.11336032388663968,0.06072874493927125,0.08502024291497975,0.18218623481781376
NP_415772.1,212,0.10849056603773585,0.1179245283018868,0.06132075471698113,0.08962264150943396
NP_415773.1,168,0.09523809523809523,0.041666666666666664,0.02976190476190476,0.07142857142857142
NP_415774.1,166,0.13855421686746988,0.024096385542168676,0.04819277108433735,0.10843373493975904
NP_415775.4,59,0.1016949152542373,0.23728813559322035,0.0,0.0
NP_415776.1,268,0.14925373134328357,0.0708955223880597,0.06343283582089553,0.10074626865671642
NP_415777.1,397,0.10327455919395466,0.10831234256926953,0.04785894206549118,0.0982367758186398
NP_415778.3,453,0.13024282560706402,0.0684326710816777,0.08167770419426049,0.10816777041942605
NP_415779.1,531,0.12429378531073447,0.08662900188323917,0.062146892655367235,0.12429378531073447
NP_415780.1,520,0.10192307692307692,0.05576923076923077,0.06346153846153846,0.12884615384615383
NP_415781.1,14,0.07142857142857142,0.07142857142857142,0.07142857142857142,0.07142857142857142
NP_415782.1,293,0.11945392491467577,0.07167235494880546,0.05802047781569966,0.09556313993174062
NP_415783.6,206,0.03398058252427184,0.07281553398058252,0.07281553398058252,0.10194174757281553
NP_415784.1,631,0.06656101426307448,0.09350237717908082,0.05229793977812995,0.12361331220285261
NP_415785.1,291,0.061855670103092786,0.10309278350515463,0.08934707903780069,0.09621993127147767
NP_415786.1,196,0.09183673469387756,0.08163265306122448,0.09693877551020408,0.0663265306122449
NP_415787.1,252,0.09126984126984126,0.07936507936507936,0.05555555555555555,0.10714285714285714
NP_415788.1,349,0.10315186246418338,0.06017191977077364,0.08595988538681948,0.10028653295128939
NP_415789.1,83,0.07228915662650602,0.060240963855421686,0.07228915662650602,0.10843373493975904
NP_415790.1,865,0.08786127167630058,0.06473988439306358,0.06936416184971098,0.07283236994219654
NP_415791.1,324,0.09259259259259259,0.05555555555555555,0.08950617283950617,0.08333333333333333
NP_415792.1,891,0.08641975308641975,0.08754208754208755,0.0819304152637486,0.09427609427609428
NP_415793.1,196,0.08673469387755102,0.08673469387755102,0.0663265306122449,0.1377551020408163
NP_415794.1,254,0.1141732283464567,0.05905511811023622,0.08267716535433071,0.12598425196850394
NP_415795.1,102,0.12745098039215685,0.049019607843137254,0.09803921568627451,0.16666666666666666
NP_415796.1,389,0.10796915167095116,0.05398457583547558,0.05141388174807198,0.12339331619537275
NP_415797.1,245,0.1346938775510204,0.0653061224489796,0.09795918367346938,0.09387755102040816
NP_415798.2,108,0.07407407407407407,0.1388888888888889,0.08333333333333333,0.10185185185185185
NP_415799.1,72,0.16666666666666666,0.18055555555555555,0.08333333333333333,0.09722222222222222
NP_415800.1,249,0.0642570281124498,0.060240963855421686,0.09236947791164658,0.09236947791164658
NP_415801.1,661,0.0832072617246596,0.0529500756429652,0.07413010590015129,0.11043872919818457
NP_415802.1,644,0.10869565217391304,0.05745341614906832,0.06832298136645963,0.09161490683229814
NP_415803.2,375,0.088,0.037333333333333336,0.04533333333333334,0.12533333333333332
NP_415804.1,262,0.13740458015267176,0.09541984732824428,0.07633587786259542,0.08396946564885496
NP_415805.1,117,0.042735042735042736,0.03418803418803419,0.05982905982905983,0.1111111111111111
NP_415806.1,268,0.05970149253731343,0.06343283582089553,0.04477611940298507,0.13059701492537312
NP_415807.1,330,0.06666666666666667,0.05757575757575758,0.045454545454545456,0.11212121212121212
NP_415808.1,296,0.12837837837837837,0.09797297297297297,0.08108108108108109,0.1554054054054054
NP_415809.1,321,0.08411214953271028,0.06230529595015576,0.07165109034267912,0.14641744548286603
NP_415810.1,547,0.10054844606946983,0.04570383912248629,0.06398537477148081,0.11517367458866545
NP_415811.1,81,0.13580246913580246,0.024691358024691357,0.024691358024691357,0.08641975308641975
NP_415812.4,461,0.0911062906724512,0.06941431670281996,0.11062906724511931,0.1301518438177874
NP_415813.4,472,0.08050847457627118,0.06779661016949153,0.06991525423728813,0.11228813559322035
NP_415814.4,254,0.08267716535433071,0.07480314960629922,0.06692913385826772,0.13385826771653545
NP_415815.1,185,0.05405405405405406,0.0918918918918919,0.04864864864864865,0.08648648648648649
NP_415816.1,495,0.13535353535353536,0.08080808080808081,0.05656565656565657,0.10909090909090909
NP_415817.1,426,0.08685446009389672,0.10093896713615023,0.06807511737089202,0.1056338028169014
NP_415818.1,421,0.14489311163895488,0.09263657957244656,0.0688836104513064,0.08076009501187649
NP_415819.4,325,0.07692307692307693,0.06153846153846154,0.04923076923076923,0.15076923076923077
NP_415820.1,222,0.12612612612612611,0.018018018018018018,0.036036036036036036,0.12162162162162163
NP_415821.1,74,0.0945945945945946,0.013513513513513514,0.02702702702702703,0.16216216216216217
NP_415822.1,119,0.07563025210084033,0.05042016806722689,0.08403361344537816,0.14285714285714285
NP_415823.1,73,0.1643835616438356,0.0821917808219178,0.0684931506849315,0.1643835616438356
NP_415824.1,104,0.10576923076923077,0.07692307692307693,0.10576923076923077,0.07692307692307693
NP_415825.4,559,0.06082289803220036,0.044722719141323794,0.057245080500894455,0.11091234347048301
NP_415826.1,430,0.09302325581395349,0.06511627906976744,0.09767441860465116,0.07441860465116279
NP_415827.1,293,0.08873720136518772,0.051194539249146756,0.09897610921501707,0.15017064846416384
NP_415828.1,280,0.08214285714285714,0.05714285714285714,0.08571428571428572,0.125
NP_415829.1,350,0.10571428571428572,0.09142857142857143,0.09428571428571429,0.05142857142857143
NP_415830.2,262,0.08015267175572519,0.08396946564885496,0.061068702290076333,0.09541984732824428
NP_415831.1,351,0.10541310541310542,0.07692307692307693,0.07407407407407407,0.08547008547008547
NP_415832.1,755,0.10596026490066225,0.06754966887417219,0.05033112582781457,0.09933774834437085
NP_415833.1,219,0.1232876712328767,0.0821917808219178,0.045662100456621,0.1324200913242009
NP_415835.1,301,0.0664451827242525,0.09302325581395349,0.04983388704318937,0.07308970099667775
NP_415836.1,332,0.10240963855421686,0.05120481927710843,0.07530120481927711,0.08734939759036145
NP_415837.1,465,0.09032258064516129,0.07096774193548387,0.04946236559139785,0.13333333333333333
NP_415838.1,353,0.12181303116147309,0.07932011331444759,0.059490084985835696,0.11614730878186968
NP_415839.1,513,0.08382066276803118,0.05847953216374269,0.07407407407407407,0.13255360623781676
NP_415840.1,168,0.13095238095238096,0.05952380952380952,0.10714285714285714,0.08928571428571429
NP_415841.4,321,0.13395638629283488,0.059190031152647975,0.07165109034267912,0.1308411214953271
NP_415842.2,242,0.10330578512396695,0.07024793388429752,0.05785123966942149,0.1115702479338843
NP_415843.2,306,0.11764705882352941,0.0718954248366013,0.05228758169934641,0.05228758169934641
NP_415844.1,299,0.08695652173913043,0.06354515050167224,0.06354515050167224,0.11705685618729098
NP_415845.2,537,0.09497206703910614,0.0521415270018622,0.074487895716946,0.08752327746741155
NP_415846.1,343,0.061224489795918366,0.06997084548104957,0.0641399416909621,0.09329446064139942
NP_415847.2,326,0.08588957055214724,0.049079754601226995,0.03680981595092025,0.09815950920245399
NP_415848.1,85,0.08235294117647059,0.08235294117647059,0.09411764705882353,0.11764705882352941
NP_415849.1,316,0.08227848101265822,0.05379746835443038,0.08860759493670886,0.0981012658227848
NP_415850.1,250,0.064,0.088,0.02,0.108
NP_415851.1,171,0.07017543859649122,0.1111111111111111,0.05847953216374269,0.11695906432748537
NP_415852.2,508,0.09645669291338582,0.07874015748031496,0.09251968503937008,0.14173228346456693
NP_415853.1,481,0.13097713097713098,0.07692307692307693,0.060291060291060294,0.07692307692307693
NP_415854.4,436,0.15137614678899083,0.09862385321100918,0.08486238532110092,0.07339449541284404
NP_415855.1,302,0.076158940397351,0.06622516556291391,0.046357615894039736,0.10596026490066225
NP_415856.1,187,0.08021390374331551,0.053475935828877004,0.053475935828877004,0.11764705882352941
NP_415857.2,410,0.07560975609756097,0.05609756097560976,0.05121951219512195,0.12682926829268293
NP_415858.1,327,0.07033639143730887,0.08256880733944955,0.0764525993883792,0.12844036697247707
NP_415859.1,457,0.12253829321663019,0.07221006564551423,0.06564551422319474,0.12691466083150985
NP_415860.1,311,0.04823151125401929,0.06752411575562701,0.05466237942122187,0.10289389067524116
NP_415861.1,411,0.06082725060827251,0.06326034063260341,0.0413625304136253,0.0948905109489051
NP_415862.4,71,0.04225352112676056,0.08450704225352113,0.056338028169014086,0.056338028169014086
NP_415863.1,69,0.043478260869565216,0.057971014492753624,0.028985507246376812,0.07246376811594203
NP_415864.1,64,0.046875,0.140625,0.078125,0.015625
NP_415865.1,269,0.09293680297397769,0.06691449814126393,0.06691449814126393,0.07806691449814127
NP_415866.1,866,0.08660508083140878,0.06235565819861432,0.06004618937644342,0.07043879907621248
NP_415867.1,91,0.054945054945054944,0.07692307692307693,0.10989010989010989,0.07692307692307693
NP_415869.2,73,0.0547945205479452,0.0684931506849315,0.0547945205479452,0.0684931506849315
NP_415870.4,162,0.04938271604938271,0.018518518518518517,0.05555555555555555,0.12962962962962962
NP_415872.2,51,0.0392156862745098,0.0784313725490196,0.058823529411764705,0.058823529411764705
NP_415873.2,44,0.09090909090909091,0.022727272727272728,0.11363636363636363,0.06818181818181818
NP_415874.1,158,0.08860759493670886,0.056962025316455694,0.056962025316455694,0.0759493670886076
NP_415875.1,98,0.08163265306122448,0.05102040816326531,0.07142857142857142,0.07142857142857142
NP_415876.1,140,0.12142857142857143,0.06428571428571428,0.05,0.10714285714285714
NP_415877.1,285,0.08771929824561403,0.05263157894736842,0.06315789473684211,0.09824561403508772
NP_415878.1,248,0.06854838709677419,0.07258064516129033,0.07661290322580645,0.08870967741935484
NP_415881.1,485,0.05567010309278351,0.0865979381443299,0.07422680412371134,0.12989690721649486
NP_415883.1,87,0.06896551724137931,0.05747126436781609,0.09195402298850575,0.09195402298850575
NP_415888.1,326,0.08588957055214724,0.049079754601226995,0.03680981595092025,0.09815950920245399
NP_415890.2,1120,0.1982142857142857,0.07678571428571429,0.05,0.04107142857142857
NP_415891.1,191,0.10471204188481675,0.05235602094240838,0.05235602094240838,0.08900523560209424
NP_415892.1,196,0.07653061224489796,0.07142857142857142,0.05102040816326531,0.08673469387755102
NP_415893.2,77,0.05194805194805195,0.05194805194805195,0.06493506493506493,0.12987012987012986
NP_415894.4,144,0.10416666666666667,0.020833333333333332,0.09027777777777778,0.10416666666666667
NP_415895.1,377,0.11140583554376658,0.11405835543766578,0.04509283819628647,0.07161803713527852
NP_415896.1,1174,0.11328790459965929,0.06643952299829642,0.06643952299829642,0.09965928449744463
NP_415897.1,140,0.09285714285714286,0.06428571428571428,0.05714285714285714,0.12142857142857143
NP_415898.1,329,0.0911854103343465,0.06990881458966565,0.06990881458966565,0.11550151975683891
NP_415899.1,879,0.07394766780432309,0.09101251422070535,0.06370875995449374,0.14448236632536973
NP_415900.1,61,0.08196721311475409,0.01639344262295082,0.06557377049180328,0.11475409836065574
NP_415901.2,108,0.12037037037037036,0.07407407407407407,0.10185185185185185,0.12037037037037036
NP_415902.1,301,0.0664451827242525,0.05647840531561462,0.059800664451827246,0.10631229235880399
NP_415903.4,499,0.11422845691382766,0.08817635270541083,0.08617234468937876,0.09418837675350701
NP_415904.3,757,0.08190224570673713,0.07529722589167767,0.08190224570673713,0.06472919418758256
NP_415905.1,681,0.12922173274596183,0.08957415565345081,0.07488986784140969,0.09544787077826726
NP_415906.1,309,0.10355987055016182,0.06472491909385113,0.045307443365695796,0.06796116504854369
NP_415907.1,95,0.08421052631578947,0.06315789473684211,0.08421052631578947,0.042105263157894736
NP_415908.1,248,0.12096774193548387,0.07661290322580645,0.03225806451612903,0.13709677419354838
NP_415909.4,165,0.07878787878787878,0.06060606060606061,0.06060606060606061,0.07272727272727272
NP_415910.1,356,0.09831460674157304,0.07303370786516854,0.05898876404494382,0.10112359550561797
NP_415911.1,255,0.1607843137254902,0.06666666666666667,0.054901960784313725,0.15294117647058825
NP_415912.1,262,0.12213740458015267,0.0916030534351145,0.05725190839694656,0.1297709923664122
NP_415913.1,475,0.12631578947368421,0.06947368421052631,0.09263157894736843,0.10736842105263159
NP_415914.1,140,0.15,0.1,0.05714285714285714,0.05714285714285714
NP_415915.1,401,0.14713216957605985,0.10224438902743142,0.06234413965087282,0.10723192019950124
NP_415916.1,437,0.059496567505720827,0.08237986270022883,0.06864988558352403,0.09382151029748284
NP_415917.1,316,0.10443037974683544,0.06962025316455696,0.05063291139240506,0.1550632911392405
NP_415918.1,196,0.07653061224489796,0.10204081632653061,0.11734693877551021,0.07142857142857142
NP_415920.1,301,0.08637873754152824,0.06312292358803986,0.06312292358803986,0.09302325581395349
NP_415921.2,121,0.12396694214876033,0.0743801652892562,0.0743801652892562,0.10743801652892562
NP_415922.1,383,0.057441253263707574,0.057441253263707574,0.0391644908616188,0.10443864229765012
NP_415924.1,286,0.10839160839160839,0.08041958041958042,0.08041958041958042,0.11888111888111888
NP_415925.2,768,0.08723958333333333,0.0390625,0.061197916666666664,0.12630208333333334
NP_415926.4,201,0.09950248756218906,0.04975124378109453,0.03482587064676617,0.21890547263681592
NP_415927.1,298,0.06375838926174497,0.09731543624161074,0.05704697986577181,0.18456375838926176
NP_415928.1,585,0.0905982905982906,0.07863247863247863,0.07008547008547009,0.1076923076923077
NP_415929.1,430,0.06279069767441861,0.06744186046511629,0.07674418604651163,0.14651162790697675
NP_415930.1,201,0.11940298507462686,0.06965174129353234,0.07960199004975124,0.0945273631840796
NP_415931.4,1300,0.07230769230769231,0.054615384615384614,0.06307692307692307,0.11076923076923077
NP_415932.1,266,0.09774436090225563,0.06015037593984962,0.05639097744360902,0.07894736842105263
NP_415933.1,479,0.12317327766179541,0.08768267223382047,0.08350730688935282,0.06889352818371608
NP_415935.2,176,0.07954545454545454,0.05113636363636364,0.0625,0.14772727272727273
NP_415936.1,57,0.08771929824561403,0.14035087719298245,0.03508771929824561,0.07017543859649122
NP_415937.1,55,0.10909090909090909,0.09090909090909091,0.03636363636363636,0.07272727272727272
NP_415938.1,546,0.14835164835164835,0.06043956043956044,0.06227106227106227,0.07692307692307693
NP_415939.2,307,0.0781758957654723,0.08143322475570032,0.0781758957654723,0.14006514657980457
NP_415940.1,447,0.08501118568232663,0.058165548098434,0.05145413870246085,0.10514541387024609
NP_415941.5,551,0.09074410163339383,0.07078039927404718,0.043557168784029036,0.06352087114337568
NP_415943.4,74,0.02702702702702703,0.04054054054054054,0.05405405405405406,0.10810810810810811
NP_415944.1,179,0.061452513966480445,0.05027932960893855,0.061452513966480445,0.1005586592178771
NP_415945.1,326,0.0950920245398773,0.08895705521472393,0.10429447852760736,0.06134969325153374
NP_415946.1,330,0.10606060606060606,0.09393939393939393,0.07575757575757576,0.1606060606060606
NP_415947.1,197,0.07614213197969544,0.06598984771573604,0.07106598984771574,0.09644670050761421
NP_415948.1,222,0.08108108108108109,0.06306306306306306,0.08558558558558559,0.07207207207207207
NP_415949.3,402,0.09203980099502487,0.06218905472636816,0.06716417910447761,0.07213930348258707
NP_415950.4,391,0.1636828644501279,0.09207161125319693,0.08951406649616368,0.1432225063938619
NP_415951.1,178,0.06741573033707865,0.06741573033707865,0.07303370786516854,0.08426966292134831
NP_415952.2,653,0.09647779479326186,0.06584992343032159,0.06738131699846861,0.0995405819295559
NP_415953.1,76,0.10526315789473684,0.06578947368421052,0.07894736842105263,0.10526315789473684
NP_415954.2,58,0.034482758620689655,0.06896551724137931,0.05172413793103448,0.1206896551724138
NP_415955.2,138,0.11594202898550725,0.036231884057971016,0.07246376811594203,0.13768115942028986
NP_415956.1,468,0.1047008547008547,0.049145299145299144,0.05555555555555555,0.13034188034188035
NP_415957.1,381,0.08923884514435695,0.08136482939632546,0.07611548556430446,0.06561679790026247
NP_415958.1,337,0.08011869436201781,0.09198813056379822,0.08605341246290801,0.11275964391691394
NP_415959.1,313,0.11501597444089456,0.08306709265175719,0.06070287539936102,0.16613418530351437
NP_415960.1,264,0.12878787878787878,0.06818181818181818,0.09090909090909091,0.16666666666666666
NP_415961.1,474,0.12236286919831224,0.0949367088607595,0.09282700421940929,0.08860759493670886
NP_415962.2,57,0.12280701754385964,0.017543859649122806,0.07017543859649122,0.15789473684210525
NP_415963.1,77,0.11688311688311688,0.03896103896103896,0.03896103896103896,0.1038961038961039
NP_415964.1,149,0.09395973154362416,0.10738255033557047,0.10738255033557047,0.1610738255033557
NP_415965.1,172,0.10465116279069768,0.08139534883720931,0.08139534883720931,0.08139534883720931
NP_415966.6,345,0.06376811594202898,0.12173913043478261,0.09565217391304348,0.08985507246376812
NP_415967.2,221,0.09502262443438914,0.04524886877828054,0.05429864253393665,0.1583710407239819
NP_415968.1,700,0.07285714285714286,0.10285714285714286,0.06,0.07285714285714286
NP_415969.1,353,0.09631728045325778,0.06232294617563739,0.08498583569405099,0.1048158640226629
NP_415970.4,499,0.10821643286573146,0.09819639278557114,0.09819639278557114,0.11022044088176353
NP_415971.1,205,0.08780487804878048,0.04390243902439024,0.06829268292682927,0.12682926829268293
NP_415972.1,70,0.02857142857142857,0.02857142857142857,0.07142857142857142,0.12857142857142856
NP_415974.1,160,0.0125,0.05,0.075,0.075
NP_415977.1,378,0.07407407407407407,0.0582010582010582,0.047619047619047616,0.07936507936507936
NP_415978.1,77,0.12987012987012986,0.012987012987012988,0.012987012987012988,0.06493506493506493
NP_415979.2,189,0.08994708994708994,0.07936507936507936,0.10052910052910052,0.07407407407407407
NP_415980.1,281,0.06405693950177936,0.06761565836298933,0.0711743772241993,0.12811387900355872
NP_415981.1,297,0.08417508417508418,0.08754208754208755,0.08080808080808081,0.08080808080808081
NP_415982.1,226,0.05309734513274336,0.08849557522123894,0.06637168141592921,0.12831858407079647
NP_415983.1,231,0.09090909090909091,0.047619047619047616,0.05627705627705628,0.1645021645021645
NP_415984.1,514,0.0622568093385214,0.07782101167315175,0.06420233463035019,0.06420233463035019
NP_415985.1,1246,0.07142857142857142,0.08186195826645265,0.05698234349919743,0.08346709470304976
NP_415986.1,462,0.11038961038961038,0.09956709956709957,0.07792207792207792,0.11688311688311688
NP_415990.5,293,0.10238907849829351,0.10580204778156997,0.07849829351535836,0.15358361774744028
NP_415991.1,1015,0.0896551724137931,0.08472906403940887,0.06206896551724138,0.08078817733990148
NP_415992.1,294,0.08843537414965986,0.08503401360544217,0.07142857142857142,0.05782312925170068
NP_415993.1,217,0.06912442396313365,0.059907834101382486,0.08294930875576037,0.06912442396313365
NP_415994.4,94,0.11702127659574468,0.031914893617021274,0.06382978723404255,0.1276595744680851
NP_415995.4,336,0.12202380952380952,0.10714285714285714,0.11904761904761904,0.0744047619047619
NP_415996.2,565,0.07256637168141593,0.07256637168141593,0.07079646017699115,0.0920353982300885
NP_415997.1,45,0.044444444444444446,0.06666666666666667,0.06666666666666667,0.044444444444444446
NP_415998.4,71,0.08450704225352113,0.04225352112676056,0.08450704225352113,0.08450704225352113
NP_415999.1,143,0.11188811188811189,0.1048951048951049,0.055944055944055944,0.06993006993006994
NP_416000.1,308,0.07142857142857142,0.06493506493506493,0.06168831168831169,0.13636363636363635
NP_416001.1,328,0.08841463414634146,0.0701219512195122,0.08841463414634146,0.10365853658536585
NP_416002.1,298,0.12751677852348994,0.09060402684563758,0.0738255033557047,0.14093959731543623
NP_416003.1,340,0.08823529411764706,0.1,0.09117647058823529,0.17352941176470588
NP_416004.1,516,0.09689922480620156,0.0562015503875969,0.05813953488372093,0.08914728682170543
NP_416005.1,193,0.11398963730569948,0.06217616580310881,0.05181347150259067,0.10362694300518134
NP_416006.4,799,0.07759699624530664,0.056320400500625784,0.06132665832290363,0.10262828535669587
NP_416007.3,460,0.07608695652173914,0.041304347826086954,0.06304347826086956,0.09130434782608696
NP_416008.1,439,0.0683371298405467,0.06150341685649203,0.07289293849658314,0.07289293849658314
NP_416009.1,511,0.10763209393346379,0.0821917808219178,0.0958904109589041,0.12915851272015655
NP_416010.1,466,0.08583690987124463,0.07725321888412018,0.0536480686695279,0.08583690987124463
NP_416011.1,931,0.10204081632653061,0.034371643394199784,0.06337271750805586,0.11063372717508056
NP_416012.1,790,0.0620253164556962,0.06582278481012659,0.053164556962025315,0.06962025316455696
NP_416013.1,561,0.049910873440285206,0.04634581105169341,0.05525846702317291,0.1497326203208556
NP_416014.4,385,0.04415584415584416,0.05714285714285714,0.06233766233766234,0.06233766233766234
NP_416015.2,560,0.07857142857142857,0.0625,0.055357142857142855,0.07678571428571429
NP_416016.1,253,0.06719367588932806,0.043478260869565216,0.05928853754940711,0.09486166007905138
NP_416017.1,65,0.07692307692307693,0.03076923076923077,0.06153846153846154,0.12307692307692308
NP_416018.1,759,0.10408432147562582,0.0764163372859025,0.06060606060606061,0.08432147562582346
NP_416019.1,304,0.0625,0.11513157894736842,0.10197368421052631,0.08223684210526316
NP_416020.1,167,0.10778443113772455,0.059880239520958084,0.0718562874251497,0.08383233532934131
NP_416021.1,176,0.06818181818181818,0.07386363636363637,0.0625,0.11931818181818182
NP_416024.1,440,0.08636363636363636,0.06363636363636363,0.05909090909090909,0.10909090909090909
NP_416025.1,88,0.06818181818181818,0.022727272727272728,0.011363636363636364,0.10227272727272728
NP_416028.3,530,0.1169811320754717,0.08113207547169811,0.07358490566037736,0.10754716981132076
NP_416029.1,317,0.11041009463722397,0.10725552050473186,0.06624605678233439,0.10094637223974763
NP_416030.1,511,0.08806262230919765,0.08023483365949119,0.0547945205479452,0.1487279843444227
NP_416031.1,342,0.12280701754385964,0.10526315789473684,0.07894736842105263,0.1783625730994152
NP_416032.1,330,0.11515151515151516,0.11212121212121212,0.08787878787878788,0.17575757575757575
NP_416033.1,340,0.10882352941176471,0.09117647058823529,0.09705882352941177,0.06764705882352941
NP_416034.1,291,0.10652920962199312,0.07903780068728522,0.08247422680412371,0.06872852233676977
NP_416035.1,96,0.041666666666666664,0.041666666666666664,0.10416666666666667,0.08333333333333333
NP_416036.1,252,0.09523809523809523,0.03968253968253968,0.05952380952380952,0.12698412698412698
NP_416037.2,304,0.08881578947368421,0.03289473684210526,0.05263157894736842,0.15460526315789475
NP_416039.1,315,0.08571428571428572,0.06984126984126984,0.10793650793650794,0.10476190476190476
NP_416040.1,119,0.1092436974789916,0.05042016806722689,0.06722689075630252,0.08403361344537816
NP_416041.1,308,0.11038961038961038,0.08116883116883117,0.09740259740259741,0.08766233766233766
NP_416042.2,462,0.16017316017316016,0.08874458874458875,0.05844155844155844,0.08225108225108226
NP_416043.1,293,0.11262798634812286,0.07508532423208192,0.05802047781569966,0.10238907849829351
NP_416044.1,371,0.04043126684636118,0.0215633423180593,0.0646900269541779,0.11320754716981132
NP_416045.1,396,0.12626262626262627,0.07575757575757576,0.09090909090909091,0.15151515151515152
NP_416046.1,221,0.1085972850678733,0.09049773755656108,0.07692307692307693,0.12669683257918551
NP_416047.4,144,0.0625,0.04861111111111111,0.08333333333333333,0.1736111111111111
NP_416048.2,127,0.023622047244094488,0.03937007874015748,0.015748031496062992,0.09448818897637795
NP_416049.1,72,0.125,0.05555555555555555,0.1111111111111111,0.06944444444444445
NP_416050.4,299,0.11036789297658862,0.0903010033444816,0.09698996655518395,0.1705685618729097
NP_416051.1,395,0.11139240506329114,0.06835443037974684,0.08607594936708861,0.13924050632911392
NP_416052.1,296,0.0777027027027027,0.057432432432432436,0.06756756756756757,0.10810810810810811
NP_416054.1,130,0.1076923076923077,0.07692307692307693,0.09230769230769231,0.06153846153846154
NP_416055.1,172,0.14534883720930233,0.08139534883720931,0.06395348837209303,0.10465116279069768
NP_416056.1,681,0.12334801762114538,0.055800293685756244,0.04552129221732746,0.10572687224669604
NP_416057.1,248,0.09274193548387097,0.09274193548387097,0.08870967741935484,0.0846774193548387
NP_416058.1,228,0.07017543859649122,0.021929824561403508,0.06578947368421052,0.08333333333333333
NP_416059.1,67,0.04477611940298507,0.11940298507462686,0.07462686567164178,0.08955223880597014
NP_416060.1,486,0.11522633744855967,0.06584362139917696,0.09259259259259259,0.10082304526748971
NP_416062.2,77,0.05194805194805195,0.05194805194805195,0.06493506493506493,0.12987012987012986
NP_416063.1,196,0.08163265306122448,0.07142857142857142,0.04591836734693878,0.08673469387755102
NP_416064.1,191,0.10471204188481675,0.05235602094240838,0.05235602094240838,0.08900523560209424
NP_416065.1,320,0.13125,0.121875,0.0375,0.04375
NP_416067.2,136,0.022058823529411766,0.014705882352941176,0.08088235294117647,0.09558823529411764
NP_416068.2,57,0.05263157894736842,0.03508771929824561,0.03508771929824561,0.07017543859649122
NP_416069.2,51,0.11764705882352941,0.058823529411764705,0.0784313725490196,0.09803921568627451
NP_416070.1,70,0.05714285714285714,0.1,0.1,0.04285714285714286
NP_416071.1,165,0.18181818181818182,0.048484848484848485,0.05454545454545454,0.06666666666666667
NP_416072.1,177,0.096045197740113,0.096045197740113,0.04519774011299435,0.05649717514124294
NP_416073.1,103,0.08737864077669903,0.02912621359223301,0.11650485436893204,0.07766990291262135
NP_416074.4,71,0.11267605633802817,0.11267605633802817,0.056338028169014086,0.14084507042253522
NP_416075.1,71,0.08450704225352113,0.09859154929577464,0.08450704225352113,0.028169014084507043
NP_416076.1,70,0.05714285714285714,0.11428571428571428,0.07142857142857142,0.1
NP_416077.4,250,0.092,0.076,0.072,0.096
NP_416078.4,349,0.06876790830945559,0.05730659025787966,0.08882521489971347,0.11461318051575932
NP_416079.1,83,0.08433734939759036,0.0963855421686747,0.07228915662650602,0.0963855421686747
NP_416080.1,51,0.09803921568627451,0.0196078431372549,0.13725490196078433,0.09803921568627451
NP_416081.1,95,0.042105263157894736,0.042105263157894736,0.12631578947368421,0.10526315789473684
NP_416082.1,79,0.0759493670886076,0.02531645569620253,0.06329113924050633,0.16455696202531644
NP_416083.1,101,0.04950495049504951,0.0594059405940594,0.1188118811881188,0.0891089108910891
NP_416084.1,110,0.07272727272727272,0.045454545454545456,0.05454545454545454,0.06363636363636363
NP_416087.1,76,0.10526315789473684,0.09210526315789473,0.02631578947368421,0.13157894736842105
NP_416088.1,135,0.05925925925925926,0.02962962962962963,0.044444444444444446,0.13333333333333333
NP_416089.1,51,0.0392156862745098,0.09803921568627451,0.0392156862745098,0.058823529411764705
NP_416090.2,42,0.11904761904761904,0.07142857142857142,0.0,0.07142857142857142
NP_416091.1,72,0.16666666666666666,0.0,0.013888888888888888,0.08333333333333333
NP_416092.1,62,0.04838709677419355,0.04838709677419355,0.06451612903225806,0.11290322580645161
NP_416093.1,63,0.07936507936507936,0.047619047619047616,0.14285714285714285,0.06349206349206349
NP_416097.1,339,0.09144542772861357,0.07964601769911504,0.10324483775811209,0.06489675516224189
NP_416098.1,404,0.07920792079207921,0.08415841584158416,0.04950495049504951,0.08415841584158416
NP_416099.1,108,0.12037037037037036,0.09259259259259259,0.07407407407407407,0.19444444444444445
NP_416100.1,113,0.10619469026548672,0.02654867256637168,0.035398230088495575,0.09734513274336283
NP_416101.1,186,0.06989247311827956,0.04838709677419355,0.06451612903225806,0.10215053763440861
NP_416102.2,236,0.05084745762711865,0.05084745762711865,0.08050847457627118,0.1059322033898305
NP_416103.2,101,0.1188118811881188,0.04950495049504951,0.06930693069306931,0.07920792079207921
NP_416104.1,808,0.08168316831683169,0.08168316831683169,0.055693069306930694,0.07178217821782178
NP_416105.4,807,0.08302354399008674,0.080545229244114,0.055762081784386616,0.06815365551425032
NP_416106.1,205,0.07804878048780488,0.08292682926829269,0.06341463414634146,0.04390243902439024
NP_416107.1,284,0.10915492957746478,0.11267605633802817,0.09859154929577464,0.14788732394366197
NP_416108.2,204,0.11764705882352941,0.04411764705882353,0.05392156862745098,0.13725490196078433
NP_416109.2,418,0.13636363636363635,0.09330143540669857,0.05741626794258373,0.17942583732057416
NP_416110.4,231,0.09090909090909091,0.07792207792207792,0.1038961038961039,0.1341991341991342
NP_416111.1,406,0.08866995073891626,0.07635467980295567,0.07142857142857142,0.12561576354679804
NP_416112.1,297,0.1111111111111111,0.050505050505050504,0.06397306397306397,0.13131313131313133
NP_416113.1,417,0.09352517985611511,0.09832134292565947,0.050359712230215826,0.1510791366906475
NP_416114.2,102,0.29411764705882354,0.00980392156862745,0.029411764705882353,0.029411764705882353
NP_416115.1,273,0.11721611721611722,0.08058608058608059,0.06593406593406594,0.10256410256410256
NP_416116.1,109,0.1834862385321101,0.10091743119266056,0.08256880733944955,0.1743119266055046
NP_416117.1,121,0.09090909090909091,0.09917355371900827,0.0743801652892562,0.1652892561983471
NP_416118.1,344,0.09883720930232558,0.061046511627906974,0.09593023255813954,0.19476744186046513
NP_416119.1,462,0.12121212121212122,0.09956709956709957,0.09956709956709957,0.10606060606060606
NP_416120.1,510,0.12352941176470589,0.08235294117647059,0.09803921568627451,0.08235294117647059
NP_416121.1,314,0.1464968152866242,0.07006369426751592,0.09554140127388536,0.044585987261146494
NP_416122.1,460,0.12173913043478261,0.08478260869565217,0.09565217391304348,0.17173913043478262
NP_416123.1,240,0.12083333333333333,0.07083333333333333,0.05416666666666667,0.10833333333333334
NP_416124.1,111,0.12612612612612611,0.07207207207207207,0.09009009009009009,0.13513513513513514
NP_416125.2,239,0.09205020920502092,0.0502092050209205,0.058577405857740586,0.15481171548117154
NP_416126.1,433,0.07621247113163972,0.053117782909930716,0.04849884526558892,0.15935334872979215
NP_416127.1,309,0.09061488673139159,0.025889967637540454,0.0744336569579288,0.1262135922330097
NP_416128.1,467,0.12205567451820129,0.0728051391862955,0.06209850107066381,0.11134903640256959
NP_416129.1,548,0.0948905109489051,0.09306569343065693,0.05291970802919708,0.09306569343065693
NP_416130.3,391,0.11508951406649616,0.05370843989769821,0.058823529411764705,0.12020460358056266
NP_416131.1,502,0.08366533864541832,0.07171314741035857,0.06374501992031872,0.11155378486055777
NP_416132.2,421,0.07838479809976247,0.11163895486935867,0.047505938242280284,0.10451306413301663
NP_416133.1,457,0.09409190371991247,0.08096280087527352,0.10940919037199125,0.12472647702407003
NP_416134.1,603,0.07628524046434494,0.07628524046434494,0.087893864013267,0.06633499170812604
NP_416135.1,196,0.12755102040816327,0.05102040816326531,0.04081632653061224,0.08163265306122448
NP_416136.1,255,0.13333333333333333,0.09411764705882353,0.06274509803921569,0.08235294117647059
NP_416137.1,342,0.13157894736842105,0.08771929824561403,0.06725146198830409,0.10818713450292397
NP_416138.1,530,0.09056603773584905,0.10566037735849057,0.09433962264150944,0.12075471698113208
NP_416139.1,390,0.10256410256410256,0.06923076923076923,0.05897435897435897,0.08974358974358974
NP_416140.1,333,0.12612612612612611,0.07807807807807808,0.06006006006006006,0.10510510510510511
NP_416141.4,346,0.09248554913294797,0.08092485549132948,0.07803468208092486,0.10982658959537572
NP_416142.1,71,0.04225352112676056,0.04225352112676056,0.07042253521126761,0.15492957746478872
NP_416143.2,146,0.1095890410958904,0.04794520547945205,0.0684931506849315,0.18493150684931506
NP_416144.1,193,0.10362694300518134,0.07253886010362694,0.11398963730569948,0.18652849740932642
NP_416145.1,192,0.11458333333333333,0.06770833333333333,0.08333333333333333,0.06770833333333333
NP_416146.1,740,0.17432432432432432,0.05675675675675676,0.06351351351351352,0.06351351351351352
NP_416147.1,352,0.11079545454545454,0.09090909090909091,0.07954545454545454,0.15056818181818182
NP_416148.1,206,0.14563106796116504,0.09223300970873786,0.05825242718446602,0.10194174757281553
NP_416149.1,231,0.12554112554112554,0.09523809523809523,0.06926406926406926,0.15151515151515152
NP_416150.1,211,0.09004739336492891,0.04739336492890995,0.08530805687203792,0.10426540284360189
NP_416151.1,500,0.126,0.09,0.086,0.114
NP_416152.1,201,0.0945273631840796,0.04975124378109453,0.05970149253731343,0.13432835820895522
NP_416153.1,287,0.11846689895470383,0.07317073170731707,0.10452961672473868,0.0975609756097561
NP_416154.1,424,0.08490566037735849,0.08018867924528301,0.054245283018867926,0.10377358490566038
NP_416155.1,218,0.05963302752293578,0.05963302752293578,0.05504587155963303,0.11009174311926606
NP_416156.4,109,0.03669724770642202,0.045871559633027525,0.07339449541284404,0.12844036697247707
NP_416157.1,369,0.10298102981029811,0.10840108401084012,0.07317073170731707,0.12466124661246612
NP_416159.2,144,0.08333333333333333,0.034722222222222224,0.027777777777777776,0.1527777777777778
NP_416160.1,78,0.11538461538461539,0.0641025641025641,0.07692307692307693,0.1794871794871795
NP_416161.4,285,0.10877192982456141,0.04912280701754386,0.08771929824561403,0.08771929824561403
NP_416162.1,670,0.1208955223880597,0.041791044776119404,0.056716417910447764,0.1537313432835821
NP_416163.1,173,0.11560693641618497,0.13872832369942195,0.06936416184971098,0.08670520231213873
NP_416165.2,79,0.0379746835443038,0.05063291139240506,0.02531645569620253,0.0759493670886076
NP_416166.3,199,0.10050251256281408,0.07537688442211055,0.04020100502512563,0.135678391959799
NP_416167.1,365,0.13150684931506848,0.10136986301369863,0.043835616438356165,0.07945205479452055
NP_416168.1,135,0.07407407407407407,0.11851851851851852,0.07407407407407407,0.0962962962962963
NP_416169.1,215,0.14418604651162792,0.06511627906976744,0.06046511627906977,0.08837209302325581
NP_416170.1,1538,0.10793237971391417,0.07347204161248375,0.07087126137841353,0.12028608582574772
NP_416171.1,115,0.10434782608695652,0.06086956521739131,0.043478260869565216,0.08695652173913043
NP_416172.1,271,0.11070110701107011,0.055350553505535055,0.05166051660516605,0.05166051660516605
NP_416173.1,193,0.13989637305699482,0.07253886010362694,0.05181347150259067,0.07772020725388601
NP_416174.1,389,0.14138817480719795,0.11053984575835475,0.10282776349614396,0.13881748071979436
NP_416175.1,341,0.10850439882697947,0.06744868035190615,0.07038123167155426,0.07331378299120235
NP_416176.1,310,0.08709677419354839,0.054838709677419356,0.08709677419354839,0.1
NP_416178.1,382,0.07591623036649214,0.06806282722513089,0.06282722513089005,0.09162303664921466
NP_416179.1,213,0.06103286384976526,0.08450704225352113,0.09389671361502347,0.0892018779342723
NP_416181.1,418,0.08133971291866028,0.1507177033492823,0.09090909090909091,0.10526315789473684
NP_416182.1,101,0.1188118811881188,0.0594059405940594,0.0594059405940594,0.12871287128712872
NP_416183.1,534,0.08801498127340825,0.052434456928838954,0.06179775280898876,0.09550561797752809
NP_416184.1,270,0.12222222222222222,0.1,0.07407407407407407,0.040740740740740744
NP_416185.1,261,0.0842911877394636,0.0842911877394636,0.0842911877394636,0.15708812260536398
NP_416186.4,222,0.07657657657657657,0.06306306306306306,0.05855855855855856,0.04954954954954955
NP_416187.1,215,0.13023255813953488,0.03255813953488372,0.07441860465116279,0.07441860465116279
NP_416188.1,700,0.07857142857142857,0.09142857142857143,0.05714285714285714,0.07857142857142857
NP_416189.1,208,0.057692307692307696,0.11057692307692307,0.052884615384615384,0.08173076923076923
NP_416190.1,69,0.07246376811594203,0.057971014492753624,0.11594202898550725,0.10144927536231885
NP_416191.1,470,0.08723404255319149,0.0851063829787234,0.09361702127659574,0.0851063829787234
NP_416192.1,78,0.15384615384615385,0.038461538461538464,0.07692307692307693,0.11538461538461539
NP_416193.1,334,0.09281437125748503,0.08083832335329341,0.08083832335329341,0.08982035928143713
NP_416194.1,138,0.09420289855072464,0.043478260869565216,0.050724637681159424,0.11594202898550725
NP_416195.1,406,0.10591133004926108,0.08374384236453201,0.07881773399014778,0.11083743842364532
NP_416196.1,423,0.10401891252955082,0.06855791962174941,0.05673758865248227,0.11583924349881797
NP_416197.1,248,0.05241935483870968,0.09274193548387097,0.08064516129032258,0.12096774193548387
NP_416198.2,495,0.09292929292929293,0.07272727272727272,0.06666666666666667,0.06262626262626263
NP_416199.1,122,0.07377049180327869,0.11475409836065574,0.08196721311475409,0.08196721311475409
NP_416200.2,62,0.08064516129032258,0.016129032258064516,0.016129032258064516,0.20967741935483872
NP_416201.1,136,0.0661764705882353,0.11029411764705882,0.08088235294117647,0.10294117647058823
NP_416202.1,1018,0.09037328094302555,0.07367387033398821,0.07367387033398821,0.10903732809430255
NP_416203.1,370,0.10270270270270271,0.0945945945945946,0.11621621621621622,0.15945945945945947
NP_416204.2,118,0.1016949152542373,0.03389830508474576,0.03389830508474576,0.07627118644067797
NP_416205.1,404,0.09158415841584158,0.08168316831683169,0.05198019801980198,0.12871287128712872
NP_416206.6,421,0.09738717339667459,0.07600950118764846,0.0831353919239905,0.1187648456057007
NP_416207.1,288,0.10416666666666667,0.10069444444444445,0.059027777777777776,0.1076388888888889
NP_416208.1,252,0.1349206349206349,0.04365079365079365,0.07936507936507936,0.0873015873015873
NP_416209.1,531,0.0847457627118644,0.1016949152542373,0.07532956685499058,0.09227871939736347
NP_416210.4,383,0.09660574412532637,0.07571801566579635,0.044386422976501305,0.0783289817232376
NP_416211.1,303,0.07260726072607261,0.039603960396039604,0.066006600660066,0.08250825082508251
NP_416212.1,254,0.11023622047244094,0.051181102362204724,0.08267716535433071,0.1220472440944882
NP_416213.1,312,0.13141025641025642,0.07371794871794872,0.08974358974358974,0.09935897435897435
NP_416214.1,429,0.11421911421911422,0.10023310023310024,0.08624708624708624,0.09090909090909091
NP_416215.1,97,0.07216494845360824,0.10309278350515463,0.05154639175257732,0.07216494845360824
NP_416216.5,566,0.09363957597173145,0.06537102473498234,0.06890459363957598,0.11484098939929328
NP_416217.1,792,0.08964646464646464,0.08333333333333333,0.0845959595959596,0.07449494949494949
NP_416218.1,277,0.09747292418772563,0.039711191335740074,0.06498194945848375,0.10108303249097472
NP_416219.1,348,0.08045977011494253,0.07471264367816093,0.05747126436781609,0.09195402298850575
NP_416220.1,63,0.047619047619047616,0.06349206349206349,0.0,0.14285714285714285
NP_416221.1,478,0.08786610878661087,0.06694560669456066,0.04602510460251046,0.12133891213389121
NP_416222.1,237,0.05485232067510549,0.05063291139240506,0.05063291139240506,0.13924050632911392
NP_416223.1,154,0.05194805194805195,0.09090909090909091,0.05844155844155844,0.09740259740259741
NP_416224.1,249,0.10843373493975904,0.08433734939759036,0.04819277108433735,0.1566265060240964
NP_416225.1,183,0.06557377049180328,0.07103825136612021,0.08196721311475409,0.08196721311475409
NP_416226.1,326,0.13190184049079753,0.10122699386503067,0.0705521472392638,0.2116564417177914
NP_416227.1,99,0.06060606060606061,0.0707070707070707,0.050505050505050504,0.10101010101010101
NP_416228.1,795,0.0880503144654088,0.0779874213836478,0.09937106918238994,0.10566037735849057
NP_416229.1,327,0.0856269113149847,0.07033639143730887,0.06116207951070336,0.09480122324159021
NP_416230.1,14,0.14285714285714285,0.0,0.0,0.0
NP_416231.1,118,0.1864406779661017,0.05084745762711865,0.07627118644067797,0.05084745762711865
NP_416232.3,65,0.1076923076923077,0.09230769230769231,0.046153846153846156,0.09230769230769231
NP_416233.1,180,0.05555555555555555,0.07777777777777778,0.07777777777777778,0.08333333333333333
NP_416234.1,642,0.06386292834890965,0.06697819314641744,0.06386292834890965,0.08255451713395638
NP_416236.1,252,0.10714285714285714,0.0873015873015873,0.047619047619047616,0.07936507936507936
NP_416237.3,309,0.11974110032362459,0.09061488673139159,0.09385113268608414,0.10032362459546926
NP_416238.1,96,0.020833333333333332,0.07291666666666667,0.041666666666666664,0.11458333333333333
NP_416239.1,286,0.09090909090909091,0.06993006993006994,0.038461538461538464,0.13286713286713286
NP_416240.1,178,0.06179775280898876,0.06741573033707865,0.07303370786516854,0.11797752808988764
NP_416241.1,222,0.10810810810810811,0.04504504504504504,0.09009009009009009,0.14864864864864866
NP_416242.6,196,0.09183673469387756,0.05102040816326531,0.061224489795918366,0.14285714285714285
NP_416243.1,463,0.11447084233261338,0.08639308855291576,0.11879049676025918,0.1468682505399568
NP_416244.2,267,0.0599250936329588,0.0449438202247191,0.033707865168539325,0.10486891385767791
NP_416245.2,80,0.075,0.0375,0.075,0.05
NP_416247.1,249,0.08835341365461848,0.07630522088353414,0.05622489959839357,0.11646586345381527
NP_416248.1,450,0.07333333333333333,0.07555555555555556,0.06666666666666667,0.11777777777777777
NP_416249.1,280,0.04642857142857143,0.039285714285714285,0.06428571428571428,0.08214285714285714
NP_416250.1,116,0.13793103448275862,0.05172413793103448,0.05172413793103448,0.13793103448275862
NP_416251.1,452,0.12389380530973451,0.09070796460176991,0.0752212389380531,0.1172566371681416
NP_416252.1,106,0.1320754716981132,0.0660377358490566,0.09433962264150944,0.12264150943396226
NP_416253.1,112,0.13392857142857142,0.08035714285714286,0.08035714285714286,0.044642857142857144
NP_416254.1,275,0.09454545454545454,0.07272727272727272,0.05818181818181818,0.09818181818181818
NP_416255.1,295,0.09491525423728814,0.05423728813559322,0.04067796610169491,0.1423728813559322
NP_416256.2,191,0.09424083769633508,0.07853403141361257,0.05235602094240838,0.09424083769633508
NP_416257.1,161,0.15527950310559005,0.031055900621118012,0.012422360248447204,0.06832298136645963
NP_416258.1,322,0.08074534161490683,0.09316770186335403,0.055900621118012424,0.13664596273291926
NP_416259.1,447,0.10738255033557047,0.06935123042505593,0.08501118568232663,0.11409395973154363
NP_416260.1,492,0.13008130081300814,0.09552845528455285,0.05894308943089431,0.10975609756097561
NP_416261.1,344,0.09593023255813954,0.06976744186046512,0.0755813953488372,0.09593023255813954
NP_416262.1,406,0.12807881773399016,0.10344827586206896,0.07389162561576355,0.08866995073891626
NP_416263.1,268,0.055970149253731345,0.0708955223880597,0.05223880597014925,0.08582089552238806
NP_416264.4,236,0.09745762711864407,0.07203389830508475,0.03389830508474576,0.2076271186440678
NP_416265.4,225,0.10222222222222223,0.09777777777777778,0.08,0.08444444444444445
NP_416266.1,235,0.12340425531914893,0.07659574468085106,0.06382978723404255,0.1276595744680851
NP_416267.1,182,0.1043956043956044,0.038461538461538464,0.06043956043956044,0.13186813186813187
NP_416268.2,388,0.12371134020618557,0.06701030927835051,0.05412371134020619,0.1134020618556701
NP_416269.4,511,0.12915851272015655,0.05870841487279843,0.07045009784735812,0.2191780821917808
NP_416270.1,217,0.0967741935483871,0.059907834101382486,0.07373271889400922,0.16129032258064516
NP_416271.4,435,0.10804597701149425,0.07816091954022988,0.05057471264367816,0.0896551724137931
NP_416272.2,206,0.11650485436893204,0.10194174757281553,0.043689320388349516,0.1941747572815534
NP_416273.1,135,0.14814814814814814,0.05925925925925926,0.06666666666666667,0.1037037037037037
NP_416274.1,90,0.08888888888888889,0.044444444444444446,0.1111111111111111,0.08888888888888889
NP_416275.1,447,0.10514541387024609,0.10961968680089486,0.08277404921700224,0.07829977628635347
NP_416276.4,346,0.07803468208092486,0.049132947976878616,0.031791907514450865,0.08959537572254335
NP_416277.1,653,0.10260336906584992,0.05666156202143951,0.06891271056661562,0.09494640122511486
NP_416278.1,347,0.10951008645533142,0.11527377521613832,0.06628242074927954,0.08645533141210375
NP_416279.1,183,0.13114754098360656,0.07650273224043716,0.06557377049180328,0.06557377049180328
NP_416280.1,618,0.11003236245954692,0.0825242718446602,0.07766990291262135,0.08576051779935275
NP_416281.1,338,0.08579881656804733,0.08284023668639054,0.05917159763313609,0.10059171597633136
NP_416282.4,213,0.10328638497652583,0.07981220657276995,0.07042253521126761,0.09859154929577464
NP_416283.1,452,0.08185840707964602,0.09292035398230089,0.07964601769911504,0.12168141592920353
NP_416284.1,252,0.09126984126984126,0.04365079365079365,0.05952380952380952,0.0992063492063492
NP_416285.1,326,0.08588957055214724,0.0736196319018405,0.06134969325153374,0.11042944785276074
NP_416286.4,315,0.10476190476190476,0.07301587301587302,0.06031746031746032,0.09841269841269841
NP_416287.1,278,0.11510791366906475,0.06474820143884892,0.08633093525179857,0.06115107913669065
NP_416288.1,347,0.08357348703170028,0.0893371757925072,0.10086455331412104,0.05187319884726225
NP_416289.1,459,0.10239651416122005,0.0915032679738562,0.08496732026143791,0.11764705882352941
NP_416290.1,358,0.0893854748603352,0.10335195530726257,0.10335195530726257,0.05865921787709497
NP_416291.4,90,0.06666666666666667,0.044444444444444446,0.05555555555555555,0.08888888888888889
NP_416292.1,137,0.0364963503649635,0.0948905109489051,0.0364963503649635,0.06569343065693431
NP_416293.1,331,0.10574018126888217,0.09063444108761329,0.1027190332326284,0.06042296072507553
NP_416294.4,294,0.08163265306122448,0.06802721088435375,0.08503401360544217,0.08843537414965986
NP_416295.1,284,0.13732394366197184,0.08098591549295775,0.07394366197183098,0.11619718309859155
NP_416296.1,248,0.06451612903225806,0.10887096774193548,0.06048387096774194,0.09274193548387097
NP_416297.1,644,0.07142857142857142,0.05124223602484472,0.052795031055900624,0.08850931677018634
NP_416298.1,427,0.06791569086651054,0.05620608899297424,0.053864168618266976,0.07962529274004684
NP_416299.1,491,0.04684317718940937,0.03665987780040733,0.06720977596741344,0.15478615071283094
NP_416300.2,496,0.07459677419354839,0.046370967741935484,0.056451612903225805,0.11088709677419355
NP_416301.1,167,0.1377245508982036,0.07784431137724551,0.08383233532934131,0.11976047904191617
NP_416302.2,34,0.058823529411764705,0.029411764705882353,0.14705882352941177,0.14705882352941177
NP_416303.1,148,0.07432432432432433,0.12162162162162163,0.13513513513513514,0.16891891891891891
NP_416304.1,273,0.08424908424908426,0.06227106227106227,0.06227106227106227,0.10989010989010989
NP_416305.1,393,0.14249363867684478,0.10687022900763359,0.04580152671755725,0.178117048346056
NP_416306.2,115,0.09565217391304348,0.034782608695652174,0.043478260869565216,0.13043478260869565
NP_416307.1,84,0.08333333333333333,0.09523809523809523,0.05952380952380952,0.08333333333333333
NP_416308.4,341,0.08504398826979472,0.04985337243401759,0.04985337243401759,0.11730205278592376
NP_416309.1,82,0.06097560975609756,0.1951219512195122,0.10975609756097561,0.08536585365853659
NP_416310.1,60,0.05,0.05,0.16666666666666666,0.05
NP_416311.1,119,0.08403361344537816,0.06722689075630252,0.06722689075630252,0.05042016806722689
NP_416312.1,212,0.10377358490566038,0.08490566037735849,0.08018867924528301,0.14150943396226415
NP_416313.4,307,0.09446254071661238,0.05537459283387622,0.09446254071661238,0.1237785016286645
NP_416314.1,361,0.09141274238227147,0.08310249307479224,0.060941828254847646,0.06925207756232687
NP_416315.1,481,0.079002079002079,0.09355509355509356,0.08316008316008316,0.13305613305613306
NP_416316.1,374,0.08021390374331551,0.06149732620320856,0.06951871657754011,0.0748663101604278
NP_416317.1,321,0.08411214953271028,0.059190031152647975,0.06853582554517133,0.09968847352024922
NP_416318.1,375,0.09866666666666667,0.04533333333333334,0.042666666666666665,0.152
NP_416319.1,561,0.0677361853832442,0.0766488413547237,0.1051693404634581,0.1140819964349376
NP_416320.1,193,0.06217616580310881,0.13471502590673576,0.11917098445595854,0.05699481865284974
NP_416321.1,231,0.11255411255411256,0.1038961038961039,0.0735930735930736,0.09523809523809523
NP_416322.1,636,0.09748427672955975,0.05660377358490566,0.06132075471698113,0.13679245283018868
NP_416323.4,114,0.15789473684210525,0.03508771929824561,0.10526315789473684,0.06140350877192982
NP_416324.2,99,0.12121212121212122,0.0707070707070707,0.06060606060606061,0.050505050505050504
NP_416325.1,59,0.13559322033898305,0.06779661016949153,0.05084745762711865,0.0847457627118644
NP_416326.1,453,0.08388520971302428,0.05518763796909492,0.059602649006622516,0.10375275938189846
NP_416327.1,192,0.09895833333333333,0.0625,0.09375,0.109375
NP_416328.1,454,0.10572687224669604,0.09691629955947137,0.0881057268722467,0.07488986784140969
NP_416329.4,532,0.07894736842105263,0.05075187969924812,0.07142857142857142,0.13533834586466165
NP_416330.1,518,0.09073359073359073,0.07528957528957529,0.09845559845559845,0.13320463320463322
NP_416331.1,323,0.11455108359133127,0.06811145510835913,0.11764705882352941,0.07739938080495357
NP_416332.1,266,0.15037593984962405,0.09398496240601503,0.10526315789473684,0.10150375939849623
NP_416333.4,283,0.07773851590106007,0.11307420494699646,0.0812720848056537,0.13074204946996468
NP_416334.1,152,0.06578947368421052,0.046052631578947366,0.07236842105263158,0.15789473684210525
NP_416335.4,188,0.11170212765957446,0.13297872340425532,0.05851063829787234,0.1276595744680851
NP_416336.1,269,0.11524163568773234,0.048327137546468404,0.055762081784386616,0.09293680297397769
NP_416337.1,69,0.10144927536231885,0.13043478260869565,0.08695652173913043,0.014492753623188406
NP_416338.1,47,0.06382978723404255,0.0425531914893617,0.10638297872340426,0.0851063829787234
NP_416339.1,95,0.07368421052631578,0.021052631578947368,0.11578947368421053,0.1368421052631579
NP_416340.1,47,0.06382978723404255,0.02127659574468085,0.1702127659574468,0.10638297872340426
NP_416341.1,263,0.06463878326996197,0.060836501901140684,0.06844106463878327,0.11406844106463879
NP_416342.4,457,0.12472647702407003,0.08533916849015317,0.07221006564551423,0.16192560175054704
NP_416343.1,293,0.11262798634812286,0.07849829351535836,0.07508532423208192,0.11262798634812286
NP_416344.1,682,0.08064516129032258,0.06304985337243402,0.0747800586510264,0.09530791788856305
NP_416346.4,165,0.10303030303030303,0.07272727272727272,0.09696969696969697,0.10909090909090909
NP_416347.1,427,0.07728337236533958,0.06323185011709602,0.06088992974238876,0.14754098360655737
NP_416348.2,877,0.07753705815279362,0.09692132269099202,0.08551881413911061,0.10832383124287344
NP_416349.2,479,0.11482254697286012,0.06471816283924843,0.060542797494780795,0.10020876826722339
NP_416350.4,78,0.07692307692307693,0.0641025641025641,0.02564102564102564,0.10256410256410256
NP_416351.2,63,0.031746031746031744,0.09523809523809523,0.07936507936507936,0.06349206349206349
NP_416352.4,218,0.06422018348623854,0.08256880733944955,0.05963302752293578,0.11467889908256881
NP_416353.1,113,0.11504424778761062,0.035398230088495575,0.07079646017699115,0.09734513274336283
NP_416354.1,290,0.1206896551724138,0.06896551724137931,0.07931034482758621,0.16551724137931034
NP_416355.1,124,0.12096774193548387,0.056451612903225805,0.08064516129032258,0.08064516129032258
NP_416356.1,76,0.11842105263157894,0.013157894736842105,0.07894736842105263,0.13157894736842105
NP_416357.1,218,0.10091743119266056,0.06880733944954129,0.05045871559633028,0.11926605504587157
NP_416358.1,220,0.07272727272727272,0.05909090909090909,0.05454545454545454,0.09090909090909091
NP_416359.1,686,0.06997084548104957,0.06559766763848396,0.05830903790087463,0.09475218658892129
NP_416360.1,219,0.1278538812785388,0.0867579908675799,0.0502283105022831,0.1415525114155251
NP_416361.2,118,0.13559322033898305,0.059322033898305086,0.1016949152542373,0.059322033898305086
NP_416362.1,96,0.10416666666666667,0.03125,0.08333333333333333,0.10416666666666667
NP_416363.1,392,0.11479591836734694,0.08928571428571429,0.10459183673469388,0.09693877551020408
NP_416364.1,213,0.14084507042253522,0.09389671361502347,0.09859154929577464,0.10328638497652583
NP_416365.1,603,0.1111111111111111,0.0912106135986733,0.0845771144278607,0.10281923714759536
NP_416366.1,491,0.0835030549898167,0.06109979633401222,0.06924643584521385,0.09775967413441955
NP_416367.1,289,0.10726643598615918,0.03460207612456748,0.08304498269896193,0.10726643598615918
NP_416368.1,480,0.11458333333333333,0.08541666666666667,0.09791666666666667,0.09166666666666666
NP_416369.1,323,0.08668730650154799,0.06501547987616099,0.05263157894736842,0.07430340557275542
NP_416370.2,440,0.09090909090909091,0.08409090909090909,0.07272727272727272,0.09090909090909091
NP_416371.4,310,0.11612903225806452,0.07096774193548387,0.07419354838709677,0.10967741935483871
NP_416372.1,251,0.035856573705179286,0.08764940239043825,0.099601593625498,0.16733067729083664
NP_416373.1,261,0.12643678160919541,0.08045977011494253,0.11494252873563218,0.18007662835249041
NP_416374.1,336,0.10119047619047619,0.07738095238095238,0.05952380952380952,0.11607142857142858
NP_416375.1,203,0.11822660098522167,0.07881773399014778,0.08374384236453201,0.11330049261083744
NP_416376.2,200,0.065,0.065,0.06,0.085
NP_416377.1,173,0.12716763005780346,0.07514450867052024,0.09248554913294797,0.09248554913294797
NP_416378.1,246,0.13821138211382114,0.09349593495934959,0.06097560975609756,0.06097560975609756
NP_416379.1,150,0.10666666666666667,0.02,0.1,0.07333333333333333
NP_416380.1,590,0.09661016949152543,0.07288135593220339,0.06779661016949153,0.09830508474576272
NP_416381.2,188,0.13829787234042554,0.06914893617021277,0.07446808510638298,0.09574468085106383
NP_416382.1,272,0.07352941176470588,0.04411764705882353,0.058823529411764705,0.11397058823529412
NP_416383.4,131,0.0916030534351145,0.06870229007633588,0.08396946564885496,0.15267175572519084
NP_416384.1,247,0.08906882591093117,0.05668016194331984,0.06072874493927125,0.0931174089068826
NP_416385.1,323,0.06501547987616099,0.06501547987616099,0.06501547987616099,0.13003095975232198
NP_416386.4,809,0.11124845488257108,0.08899876390605686,0.059332509270704575,0.07292954264524104
NP_416387.1,366,0.11475409836065574,0.06830601092896176,0.03825136612021858,0.08196721311475409
NP_416389.4,188,0.06914893617021277,0.05851063829787234,0.03723404255319149,0.11702127659574468
NP_416390.1,577,0.11438474870017332,0.06759098786828423,0.07105719237435008,0.1022530329289428
NP_416391.4,162,0.043209876543209874,0.024691358024691357,0.05555555555555555,0.10493827160493827
NP_416392.1,130,0.08461538461538462,0.1,0.07692307692307693,0.13076923076923078
NP_416393.1,692,0.10260115606936417,0.08815028901734104,0.08670520231213873,0.14739884393063585
NP_416394.1,382,0.09162303664921466,0.07329842931937172,0.08115183246073299,0.13089005235602094
NP_416395.1,214,0.11682242990654206,0.03271028037383177,0.056074766355140186,0.10747663551401869
NP_416396.1,129,0.12403100775193798,0.07751937984496124,0.07751937984496124,0.11627906976744186
NP_416397.1,349,0.11174785100286533,0.08022922636103152,0.07736389684813753,0.10601719197707736
NP_416398.1,286,0.08041958041958042,0.05944055944055944,0.045454545454545456,0.13286713286713286
NP_416399.1,533,0.150093808630394,0.05065666041275797,0.07129455909943715,0.07879924953095685
NP_416400.1,553,0.1410488245931284,0.048824593128390596,0.07414104882459313,0.09041591320072333
NP_416401.1,167,0.0658682634730539,0.07784431137724551,0.1317365269461078,0.11976047904191617
NP_416402.2,557,0.08617594254937164,0.0718132854578097,0.09515260323159784,0.11490125673249552
NP_416403.1,308,0.09090909090909091,0.06493506493506493,0.05844155844155844,0.08766233766233766
NP_416404.1,295,0.10847457627118644,0.0847457627118644,0.06779661016949153,0.13559322033898305
NP_416405.1,192,0.078125,0.057291666666666664,0.052083333333333336,0.13541666666666666
NP_416406.4,116,0.07758620689655173,0.017241379310344827,0.04310344827586207,0.16379310344827586
NP_416407.1,167,0.03592814371257485,0.0658682634730539,0.0718562874251497,0.10778443113772455
NP_416408.1,91,0.07692307692307693,0.0989010989010989,0.054945054945054944,0.054945054945054944
NP_416409.1,142,0.09154929577464789,0.035211267605633804,0.09154929577464789,0.11267605633802817
NP_416410.1,474,0.09915611814345991,0.05907172995780591,0.05485232067510549,0.12658227848101267
NP_416411.1,266,0.11654135338345864,0.07518796992481203,0.06015037593984962,0.09774436090225563
NP_416413.1,504,0.09325396825396826,0.09523809523809523,0.07539682539682539,0.09523809523809523
NP_416414.1,329,0.11550151975683891,0.0911854103343465,0.08206686930091185,0.06990881458966565
NP_416415.1,167,0.07784431137724551,0.03592814371257485,0.059880239520958084,0.1377245508982036
NP_416416.2,83,0.10843373493975904,0.012048192771084338,0.10843373493975904,0.0963855421686747
NP_416417.1,107,0.102803738317757,0.06542056074766354,0.08411214953271028,0.12149532710280374
NP_416418.1,165,0.06060606060606061,0.030303030303030304,0.012121212121212121,0.12727272727272726
NP_416419.1,79,0.12658227848101267,0.08860759493670886,0.02531645569620253,0.05063291139240506
NP_416420.1,403,0.11662531017369727,0.10669975186104218,0.09181141439205956,0.17121588089330025
NP_416421.1,221,0.09502262443438914,0.05429864253393665,0.049773755656108594,0.1085972850678733
NP_416422.1,182,0.14285714285714285,0.027472527472527472,0.1043956043956044,0.13186813186813187
NP_416423.4,610,0.07868852459016394,0.07704918032786885,0.07213114754098361,0.10491803278688525
NP_416424.1,218,0.09174311926605505,0.06422018348623854,0.08256880733944955,0.09174311926605505
NP_416425.1,74,0.13513513513513514,0.02702702702702703,0.05405405405405406,0.10810810810810811
NP_416426.1,240,0.0875,0.025,0.04583333333333333,0.10833333333333334
NP_416427.1,250,0.088,0.072,0.084,0.104
NP_416428.1,222,0.10810810810810811,0.05405405405405406,0.03153153153153153,0.14864864864864866
NP_416429.4,328,0.12195121951219512,0.09146341463414634,0.06707317073170732,0.13414634146341464
NP_416430.1,266,0.08646616541353383,0.09774436090225563,0.09022556390977443,0.11278195488721804
NP_416431.2,183,0.0273224043715847,0.03825136612021858,0.03825136612021858,0.12568306010928962
NP_416432.3,239,0.07531380753138076,0.05439330543933055,0.07112970711297072,0.1506276150627615
NP_416433.1,498,0.11847389558232932,0.08835341365461848,0.06626506024096386,0.07429718875502007
NP_416434.1,468,0.11538461538461539,0.0641025641025641,0.0405982905982906,0.09615384615384616
NP_416435.1,136,0.11029411764705882,0.04411764705882353,0.08823529411764706,0.1323529411764706
NP_416436.1,121,0.08264462809917356,0.03305785123966942,0.0743801652892562,0.1487603305785124
NP_416437.1,495,0.06868686868686869,0.08080808080808081,0.0707070707070707,0.06868686868686869
NP_416438.1,137,0.10948905109489052,0.06569343065693431,0.08029197080291971,0.11678832116788321
NP_416439.1,401,0.11970074812967581,0.11970074812967581,0.04488778054862843,0.10473815461346633
NP_416440.1,77,0.05194805194805195,0.05194805194805195,0.07792207792207792,0.09090909090909091
NP_416442.1,159,0.08176100628930817,0.05660377358490566,0.0440251572327044,0.1509433962264151
NP_416447.1,104,0.14423076923076922,0.057692307692307696,0.07692307692307693,0.0673076923076923
NP_416448.1,552,0.09963768115942029,0.06702898550724638,0.07789855072463768,0.09782608695652174
NP_416449.1,331,0.11178247734138973,0.04833836858006042,0.06646525679758308,0.13595166163141995
NP_416450.2,228,0.10526315789473684,0.07456140350877193,0.05263157894736842,0.11842105263157894
NP_416451.1,457,0.10722100656455143,0.10284463894967177,0.06783369803063458,0.11816192560175055
NP_416452.1,147,0.11564625850340136,0.027210884353741496,0.013605442176870748,0.10884353741496598
NP_416453.1,375,0.12533333333333332,0.04533333333333334,0.06133333333333333,0.112
NP_416454.1,154,0.11038961038961038,0.032467532467532464,0.07792207792207792,0.12987012987012986
NP_416455.1,334,0.04491017964071856,0.05389221556886228,0.07784431137724551,0.11976047904191617
NP_416456.1,137,0.072992700729927,0.08759124087591241,0.08029197080291971,0.10948905109489052
NP_416457.4,121,0.14049586776859505,0.06611570247933884,0.10743801652892562,0.1322314049586777
NP_416458.1,245,0.08571428571428572,0.061224489795918366,0.0653061224489796,0.17142857142857143
NP_416459.1,89,0.12359550561797752,0.0449438202247191,0.06741573033707865,0.16853932584269662
NP_416460.1,261,0.10344827586206896,0.05363984674329502,0.04980842911877394,0.2222222222222222
NP_416461.1,207,0.033816425120772944,0.03864734299516908,0.06280193236714976,0.0966183574879227
NP_416462.1,62,0.04838709677419355,0.11290322580645161,0.12903225806451613,0.06451612903225806
NP_416463.4,75,0.09333333333333334,0.013333333333333334,0.10666666666666667,0.05333333333333334
NP_416464.1,271,0.08856088560885608,0.07380073800738007,0.04797047970479705,0.12546125461254612
NP_416465.2,564,0.07624113475177305,0.05319148936170213,0.07801418439716312,0.11879432624113476
NP_416466.1,60,0.03333333333333333,0.13333333333333333,0.13333333333333333,0.016666666666666666
NP_416467.1,305,0.11475409836065574,0.09836065573770492,0.10819672131147541,0.16065573770491803
NP_416468.1,306,0.12091503267973856,0.1111111111111111,0.09803921568627451,0.16666666666666666
NP_416469.1,156,0.08974358974358974,0.0641025641025641,0.057692307692307696,0.10256410256410256
NP_416470.1,472,0.09745762711864407,0.06567796610169492,0.059322033898305086,0.08686440677966102
NP_416471.1,231,0.15584415584415584,0.03896103896103896,0.05627705627705628,0.1038961038961039
NP_416472.3,100,0.11,0.11,0.05,0.1
NP_416476.1,283,0.11307420494699646,0.07420494699646643,0.045936395759717315,0.09540636042402827
NP_416477.1,452,0.06415929203539823,0.0420353982300885,0.059734513274336286,0.13938053097345132
NP_416478.2,223,0.07623318385650224,0.05829596412556054,0.07174887892376682,0.1210762331838565
NP_416479.1,137,0.08029197080291971,0.051094890510948905,0.08029197080291971,0.10948905109489052
NP_416480.1,334,0.10179640718562874,0.0718562874251497,0.05688622754491018,0.10778443113772455
NP_416481.1,211,0.0947867298578199,0.052132701421800945,0.05687203791469194,0.23222748815165878
NP_416482.1,216,0.06481481481481481,0.06018518518518518,0.06018518518518518,0.06018518518518518
NP_416483.4,176,0.09659090909090909,0.045454545454545456,0.03409090909090909,0.11931818181818182
NP_416484.2,265,0.08679245283018867,0.04150943396226415,0.06037735849056604,0.12452830188679245
NP_416485.5,2339,0.10260795211628901,0.0778110303548525,0.08849935870029928,0.07139803334758443
NP_416488.1,438,0.11187214611872145,0.10273972602739725,0.0684931506849315,0.1278538812785388
NP_416489.1,484,0.08677685950413223,0.07231404958677685,0.05371900826446281,0.1012396694214876
NP_416490.1,238,0.10084033613445378,0.08823529411764706,0.08403361344537816,0.0546218487394958
NP_416491.3,547,0.10237659963436929,0.08592321755027423,0.08957952468007313,0.12614259597806216
NP_416492.1,316,0.07278481012658228,0.060126582278481014,0.056962025316455694,0.13291139240506328
NP_416493.1,305,0.12131147540983607,0.05573770491803279,0.08524590163934426,0.12459016393442623
NP_416494.1,310,0.06774193548387097,0.07419354838709677,0.08387096774193549,0.08064516129032258
NP_416495.1,359,0.13649025069637882,0.10584958217270195,0.0807799442896936,0.11420612813370473
NP_416496.1,247,0.11740890688259109,0.11336032388663968,0.07692307692307693,0.1862348178137652
NP_416497.1,181,0.10497237569060773,0.06629834254143646,0.09392265193370165,0.08287292817679558
NP_416498.2,326,0.08588957055214724,0.049079754601226995,0.03680981595092025,0.09815950920245399
NP_416500.1,301,0.08637873754152824,0.06312292358803986,0.06312292358803986,0.09302325581395349
NP_416505.2,510,0.09215686274509804,0.07450980392156863,0.03137254901960784,0.13333333333333333
NP_416506.1,148,0.0945945945945946,0.06756756756756757,0.08108108108108109,0.13513513513513514
NP_416507.1,73,0.0684931506849315,0.0821917808219178,0.0684931506849315,0.0547945205479452
NP_416508.1,122,0.07377049180327869,0.06557377049180328,0.040983606557377046,0.14754098360655737
NP_416509.1,124,0.08064516129032258,0.04838709677419355,0.056451612903225805,0.12096774193548387
NP_416511.4,109,0.045871559633027525,0.045871559633027525,0.05504587155963303,0.08256880733944955
NP_416512.1,352,0.07386363636363637,0.056818181818181816,0.06818181818181818,0.16193181818181818
NP_416513.1,157,0.06369426751592357,0.06369426751592357,0.11464968152866242,0.05732484076433121
NP_416514.4,388,0.08247422680412371,0.08505154639175258,0.06701030927835051,0.08762886597938144
NP_416515.1,475,0.1031578947368421,0.04,0.061052631578947365,0.09894736842105263
NP_416516.1,75,0.16,0.04,0.09333333333333334,0.05333333333333334
NP_416517.1,352,0.10795454545454546,0.11931818181818182,0.08238636363636363,0.125
NP_416518.2,452,0.10619469026548672,0.07079646017699115,0.09734513274336283,0.11061946902654868
NP_416519.4,309,0.10355987055016182,0.07766990291262135,0.05825242718446602,0.12944983818770225
NP_416520.1,274,0.08029197080291971,0.10218978102189781,0.06934306569343066,0.12043795620437957
NP_416521.2,83,0.0963855421686747,0.03614457831325301,0.024096385542168676,0.10843373493975904
NP_416522.1,16,0.0,0.0,0.0625,0.0
NP_416523.1,299,0.07692307692307693,0.07023411371237458,0.05351170568561873,0.13712374581939799
NP_416524.1,434,0.14516129032258066,0.055299539170506916,0.08294930875576037,0.08986175115207373
NP_416525.1,356,0.10393258426966293,0.056179775280898875,0.07865168539325842,0.10674157303370786
NP_416526.4,355,0.05352112676056338,0.08450704225352113,0.059154929577464786,0.10140845070422536
NP_416527.1,196,0.08673469387755102,0.09183673469387756,0.08163265306122448,0.10204081632653061
NP_416528.2,245,0.10204081632653061,0.11428571428571428,0.1346938775510204,0.10204081632653061
NP_416529.1,258,0.09302325581395349,0.08527131782945736,0.10465116279069768,0.06976744186046512
NP_416530.1,203,0.06896551724137931,0.06403940886699508,0.06403940886699508,0.13793103448275862
NP_416531.4,326,0.08895705521472393,0.05214723926380368,0.0705521472392638,0.11349693251533742
NP_416532.1,388,0.08247422680412371,0.04896907216494845,0.06958762886597938,0.07731958762886598
NP_416533.1,468,0.10897435897435898,0.0876068376068376,0.06196581196581197,0.08547008547008547
NP_416535.2,326,0.08588957055214724,0.049079754601226995,0.03680981595092025,0.09815950920245399
NP_416536.1,372,0.051075268817204304,0.03763440860215054,0.06720430107526881,0.09408602150537634
NP_416537.1,196,0.04591836734693878,0.09183673469387756,0.11224489795918367,0.0663265306122449
NP_416538.1,330,0.03939393939393939,0.06363636363636363,0.06363636363636363,0.08484848484848485
NP_416539.1,388,0.04639175257731959,0.03865979381443299,0.09020618556701031,0.1211340206185567
NP_416540.1,367,0.05449591280653951,0.06267029972752043,0.06267029972752043,0.0681198910081744
NP_416541.1,415,0.07228915662650602,0.06265060240963856,0.07951807228915662,0.1566265060240964
NP_416542.1,185,0.04864864864864865,0.06486486486486487,0.07567567567567568,0.0972972972972973
NP_416543.1,293,0.06825938566552901,0.08873720136518772,0.05802047781569966,0.10238907849829351
NP_416544.1,299,0.14381270903010032,0.06354515050167224,0.07023411371237458,0.09698996655518395
NP_416545.1,361,0.0886426592797784,0.06371191135734072,0.07479224376731301,0.0664819944598338
NP_416546.1,297,0.08754208754208755,0.06734006734006734,0.08080808080808081,0.10101010101010101
NP_416547.1,464,0.0668103448275862,0.08405172413793104,0.07112068965517242,0.07112068965517242
NP_416548.1,406,0.10344827586206896,0.0665024630541872,0.07389162561576355,0.11083743842364532
NP_416549.1,426,0.0892018779342723,0.07042253521126761,0.08215962441314555,0.11267605633802817
NP_416550.1,492,0.08130081300813008,0.07520325203252033,0.10975609756097561,0.16056910569105692
NP_416551.1,464,0.06896551724137931,0.07327586206896551,0.09913793103448276,0.11422413793103449
NP_416552.1,456,0.08771929824561403,0.09210526315789473,0.07017543859649122,0.09649122807017543
NP_416553.1,478,0.10251046025104603,0.06903765690376569,0.1087866108786611,0.08158995815899582
NP_416554.1,407,0.10565110565110565,0.085995085995086,0.07862407862407862,0.10810810810810811
NP_416555.2,159,0.06918238993710692,0.07547169811320754,0.07547169811320754,0.11949685534591195
NP_416556.1,321,0.09034267912772585,0.06542056074766354,0.07476635514018691,0.09345794392523364
NP_416557.1,373,0.08042895442359249,0.07238605898123325,0.0777479892761394,0.08847184986595175
NP_416558.1,182,0.08241758241758242,0.09340659340659341,0.12087912087912088,0.07142857142857142
NP_416559.1,248,0.09274193548387097,0.07661290322580645,0.06048387096774194,0.0967741935483871
NP_416560.1,405,0.06419753086419754,0.07407407407407407,0.07901234567901234,0.14074074074074075
NP_416561.1,405,0.08395061728395062,0.07407407407407407,0.07901234567901234,0.10123456790123457
NP_416562.1,162,0.09876543209876543,0.09259259259259259,0.12962962962962962,0.08641975308641975
NP_416563.1,279,0.06093189964157706,0.03942652329749104,0.04659498207885305,0.08602150537634409
NP_416564.4,720,0.08472222222222223,0.0625,0.08194444444444444,0.10555555555555556
NP_416565.1,147,0.10204081632653061,0.05442176870748299,0.061224489795918366,0.10884353741496598
NP_416566.1,379,0.0633245382585752,0.07387862796833773,0.08443271767810026,0.09234828496042216
NP_416567.4,527,0.0683111954459203,0.05313092979127135,0.08538899430740038,0.1461100569259962
NP_416568.1,617,0.06645056726094004,0.06969205834683954,0.06482982171799027,0.12479740680713128
NP_416569.1,193,0.09326424870466321,0.08808290155440414,0.07253886010362694,0.12435233160621761
NP_416570.2,213,0.056338028169014086,0.046948356807511735,0.06572769953051644,0.09389671361502347
NP_416571.1,1105,0.08416289592760182,0.05429864253393665,0.06334841628959276,0.1493212669683258
NP_416572.1,282,0.14184397163120568,0.07092198581560284,0.05319148936170213,0.11702127659574468
NP_416573.4,450,0.10888888888888888,0.07555555555555556,0.06444444444444444,0.12444444444444444
NP_416574.1,648,0.1111111111111111,0.07098765432098765,0.06944444444444445,0.10339506172839506
NP_416575.1,153,0.058823529411764705,0.0718954248366013,0.06535947712418301,0.0718954248366013
NP_416576.1,253,0.11857707509881422,0.07905138339920949,0.06719367588932806,0.13043478260869565
NP_416577.1,219,0.091324200913242,0.0684931506849315,0.0639269406392694,0.0958904109589041
NP_416578.2,415,0.13012048192771083,0.07228915662650602,0.10361445783132531,0.0746987951807229
NP_416579.1,1040,0.10288461538461538,0.05961538461538462,0.0875,0.12692307692307692
NP_416580.1,1025,0.09853658536585366,0.0702439024390244,0.07707317073170732,0.1278048780487805
NP_416581.1,471,0.08067940552016985,0.09341825902335456,0.09341825902335456,0.16560509554140126
NP_416582.1,467,0.0835117773019272,0.07922912205567452,0.06209850107066381,0.12633832976445397
NP_416583.1,240,0.05416666666666667,0.04583333333333333,0.058333333333333334,0.13333333333333333
NP_416584.4,110,0.1,0.07272727272727272,0.03636363636363636,0.045454545454545456
NP_416585.1,453,0.07947019867549669,0.0772626931567329,0.06622516556291391,0.08388520971302428
NP_416586.1,72,0.05555555555555555,0.027777777777777776,0.08333333333333333,0.027777777777777776
NP_416589.2,105,0.09523809523809523,0.09523809523809523,0.05714285714285714,0.06666666666666667
NP_416590.1,299,0.10033444816053512,0.10367892976588629,0.03678929765886288,0.11371237458193979
NP_416592.2,99,0.1111111111111111,0.010101010101010102,0.020202020202020204,0.1111111111111111
NP_416593.1,288,0.09027777777777778,0.05555555555555555,0.059027777777777776,0.07291666666666667
NP_416594.1,346,0.09826589595375723,0.0838150289017341,0.07514450867052024,0.09826589595375723
NP_416596.1,94,0.07446808510638298,0.0851063829787234,0.07446808510638298,0.07446808510638298
NP_416597.1,150,0.08,0.03333333333333333,0.08,0.12
NP_416598.1,420,0.10952380952380952,0.05476190476190476,0.07142857142857142,0.0761904761904762
NP_416599.2,284,0.13028169014084506,0.05985915492957746,0.0880281690140845,0.08450704225352113
NP_416600.4,350,0.11714285714285715,0.08571428571428572,0.07142857142857142,0.09142857142857143
NP_416601.1,425,0.10352941176470588,0.08470588235294117,0.05647058823529412,0.1223529411764706
NP_416602.1,334,0.15868263473053892,0.0688622754491018,0.059880239520958084,0.10179640718562874
NP_416603.1,321,0.1277258566978193,0.09968847352024922,0.07476635514018691,0.1277258566978193
NP_416604.1,248,0.07258064516129033,0.04435483870967742,0.10080645161290322,0.0846774193548387
NP_416605.2,272,0.0661764705882353,0.0661764705882353,0.07720588235294118,0.06985294117647059
NP_416606.1,266,0.12781954887218044,0.07518796992481203,0.06766917293233082,0.11278195488721804
NP_416607.1,262,0.1717557251908397,0.08015267175572519,0.08396946564885496,0.0916030534351145
NP_416608.1,90,0.08888888888888889,0.05555555555555555,0.1,0.1111111111111111
NP_416609.1,274,0.10583941605839416,0.0948905109489051,0.06204379562043796,0.10583941605839416
NP_416610.4,112,0.10714285714285714,0.08035714285714286,0.026785714285714284,0.08035714285714286
NP_416611.1,344,0.07267441860465117,0.061046511627906974,0.07267441860465117,0.10174418604651163
NP_416612.1,826,0.07021791767554479,0.08837772397094432,0.06779661016949153,0.06779661016949153
NP_416613.1,239,0.07112970711297072,0.05439330543933055,0.07112970711297072,0.08786610878661087
NP_416614.1,180,0.1,0.07222222222222222,0.09444444444444444,0.06111111111111111
NP_416615.1,93,0.07526881720430108,0.07526881720430108,0.08602150537634409,0.07526881720430108
NP_416616.4,369,0.1002710027100271,0.07859078590785908,0.07588075880758807,0.10298102981029811
NP_416617.1,677,0.08714918759231906,0.06794682422451995,0.0620384047267356,0.08419497784342689
NP_416621.1,1210,0.1,0.04297520661157025,0.04628099173553719,0.13305785123966943
NP_416623.2,362,0.1298342541436464,0.06629834254143646,0.06353591160220995,0.11049723756906077
NP_416624.1,759,0.13965744400527008,0.05928853754940711,0.030303030303030304,0.14888010540184454
NP_416625.1,378,0.0873015873015873,0.06084656084656084,0.082010582010582,0.12962962962962962
NP_416627.2,153,0.11764705882352941,0.06535947712418301,0.0784313725490196,0.0718954248366013
NP_416628.1,156,0.08333333333333333,0.04487179487179487,0.05128205128205128,0.12179487179487179
NP_416629.4,239,0.058577405857740586,0.0502092050209205,0.07112970711297072,0.14644351464435146
NP_416630.1,561,0.0855614973262032,0.0748663101604278,0.07308377896613191,0.12477718360071301
NP_416631.1,243,0.05761316872427984,0.06995884773662552,0.04938271604938271,0.1440329218106996
NP_416632.1,243,0.15637860082304528,0.08641975308641975,0.09876543209876543,0.13580246913580246
NP_416633.1,308,0.07792207792207792,0.07792207792207792,0.08116883116883117,0.1396103896103896
NP_416634.1,385,0.13506493506493505,0.08311688311688312,0.09090909090909091,0.1974025974025974
NP_416635.1,305,0.14098360655737704,0.07868852459016394,0.07540983606557378,0.1180327868852459
NP_416636.1,765,0.09542483660130718,0.07973856209150326,0.08758169934640522,0.08496732026143791
NP_416637.1,571,0.07705779334500876,0.07530647985989491,0.0595446584938704,0.10157618213660245
NP_416638.4,310,0.13225806451612904,0.03870967741935484,0.07096774193548387,0.1
NP_416639.2,195,0.08205128205128205,0.09230769230769231,0.09743589743589744,0.15897435897435896
NP_416640.2,192,0.07291666666666667,0.11458333333333333,0.08854166666666667,0.15625
NP_416641.1,253,0.13043478260869565,0.09090909090909091,0.07114624505928854,0.09486166007905138
NP_416645.1,315,0.08888888888888889,0.07301587301587302,0.09523809523809523,0.10793650793650794
NP_416646.1,132,0.06818181818181818,0.07575757575757576,0.14393939393939395,0.15151515151515152
NP_416647.1,231,0.13852813852813853,0.07792207792207792,0.08225108225108226,0.1341991341991342
NP_416648.1,294,0.1598639455782313,0.06802721088435375,0.027210884353741496,0.1326530612244898
NP_416649.1,239,0.0794979079497908,0.06276150627615062,0.07112970711297072,0.1297071129707113
NP_416650.1,79,0.10126582278481013,0.0759493670886076,0.11392405063291139,0.05063291139240506
NP_416651.1,412,0.11165048543689321,0.08495145631067962,0.07524271844660194,0.0825242718446602
NP_416652.4,411,0.072992700729927,0.0948905109489051,0.06326034063260341,0.07785888077858881
NP_416653.1,336,0.10416666666666667,0.1130952380952381,0.10416666666666667,0.11607142857142858
NP_416654.1,506,0.04743083003952569,0.08300395256916997,0.05928853754940711,0.10276679841897234
NP_416655.1,332,0.14759036144578314,0.06626506024096386,0.08433734939759036,0.08132530120481928
NP_416656.1,346,0.13872832369942195,0.06069364161849711,0.08092485549132948,0.08959537572254335
NP_416657.1,385,0.0987012987012987,0.09090909090909091,0.05714285714285714,0.19220779220779222
NP_416658.1,222,0.08108108108108109,0.04054054054054054,0.07657657657657657,0.1036036036036036
NP_416659.1,278,0.10071942446043165,0.06474820143884892,0.039568345323741004,0.09352517985611511
NP_416660.1,663,0.05429864253393665,0.0889894419306184,0.07692307692307693,0.07239819004524888
NP_416661.1,489,0.10020449897750511,0.1083844580777096,0.06748466257668712,0.10633946830265849
NP_416662.1,293,0.09215017064846416,0.05802047781569966,0.07849829351535836,0.13993174061433447
NP_416663.1,349,0.1318051575931232,0.08595988538681948,0.09742120343839542,0.1346704871060172
NP_416664.1,285,0.13333333333333333,0.07017543859649122,0.03508771929824561,0.08070175438596491
NP_416665.1,362,0.09944751381215469,0.0718232044198895,0.0718232044198895,0.11878453038674033
NP_416666.1,416,0.13942307692307693,0.10576923076923077,0.0889423076923077,0.11778846153846154
NP_416667.1,313,0.07987220447284345,0.09904153354632587,0.08306709265175719,0.07667731629392971
NP_416668.3,219,0.0776255707762557,0.045662100456621,0.0410958904109589,0.1552511415525114
NP_416669.1,416,0.13942307692307693,0.10576923076923077,0.07211538461538461,0.11057692307692307
NP_416670.1,312,0.125,0.08653846153846154,0.08653846153846154,0.08974358974358974
NP_416671.1,313,0.10543130990415335,0.08306709265175719,0.08626198083067092,0.0926517571884984
NP_416672.1,563,0.17761989342806395,0.11367673179396093,0.07104795737122557,0.11012433392539965
NP_416673.1,312,0.09615384615384616,0.09294871794871795,0.10256410256410256,0.09615384615384616
NP_416674.1,376,0.14627659574468085,0.0851063829787234,0.07712765957446809,0.1276595744680851
NP_416675.1,393,0.11450381679389313,0.08651399491094147,0.07888040712468193,0.13231552162849872
NP_416676.4,190,0.05789473684210526,0.07368421052631578,0.07368421052631578,0.09473684210526316
NP_416677.1,488,0.09836065573770492,0.06762295081967214,0.07581967213114754,0.10245901639344263
NP_416678.1,328,0.08841463414634146,0.07926829268292683,0.04878048780487805,0.14939024390243902
NP_416679.4,237,0.06751054852320675,0.06329113924050633,0.08016877637130802,0.1518987341772152
NP_416680.1,188,0.06382978723404255,0.0797872340425532,0.0797872340425532,0.06914893617021277
NP_416681.1,518,0.07915057915057915,0.04826254826254826,0.07722007722007722,0.12548262548262548
NP_416682.4,604,0.09271523178807947,0.046357615894039736,0.052980132450331126,0.08774834437086093
NP_416683.1,364,0.07692307692307693,0.09340659340659341,0.07417582417582418,0.12362637362637363
NP_416684.1,341,0.07331378299120235,0.08504398826979472,0.06158357771260997,0.16422287390029325
NP_416685.1,529,0.06994328922495274,0.062381852551984876,0.07750472589792061,0.14933837429111532
NP_416686.1,114,0.07894736842105263,0.06140350877192982,0.07017543859649122,0.10526315789473684
NP_416687.1,396,0.13131313131313133,0.0707070707070707,0.07575757575757576,0.11363636363636363
NP_416688.1,231,0.08225108225108226,0.06926406926406926,0.09090909090909091,0.09523809523809523
NP_416689.1,586,0.09215017064846416,0.06996587030716724,0.06655290102389079,0.10580204778156997
NP_416690.1,94,0.11702127659574468,0.05319148936170213,0.0851063829787234,0.05319148936170213
NP_416691.1,335,0.08955223880597014,0.0626865671641791,0.05373134328358209,0.13432835820895522
NP_416692.1,75,0.12,0.013333333333333334,0.05333333333333334,0.13333333333333333
NP_416693.1,586,0.06996587030716724,0.052901023890784986,0.05631399317406143,0.12286689419795221
NP_416696.2,326,0.08588957055214724,0.049079754601226995,0.03680981595092025,0.09815950920245399
NP_416697.1,215,0.09767441860465116,0.06511627906976744,0.08837209302325581,0.13953488372093023
NP_416698.1,350,0.10857142857142857,0.06285714285714286,0.07714285714285714,0.10857142857142857
NP_416699.1,185,0.0918918918918919,0.08108108108108109,0.04864864864864865,0.14054054054054055
NP_416700.1,647,0.10819165378670788,0.08500772797527048,0.09119010819165378,0.15146831530139104
NP_416701.1,159,0.07547169811320754,0.0880503144654088,0.09433962264150944,0.10062893081761007
NP_416702.1,69,0.18840579710144928,0.043478260869565216,0.14492753623188406,0.07246376811594203
NP_416703.1,245,0.11020408163265306,0.07346938775510205,0.07755102040816327,0.12653061224489795
NP_416704.1,220,0.12727272727272726,0.07272727272727272,0.06818181818181818,0.2318181818181818
NP_416705.2,207,0.09178743961352658,0.08695652173913043,0.043478260869565216,0.1497584541062802
NP_416706.1,200,0.055,0.075,0.055,0.055
NP_416707.4,149,0.08053691275167785,0.08053691275167785,0.087248322147651,0.04697986577181208
NP_416708.1,287,0.06620209059233449,0.08013937282229965,0.0975609756097561,0.13937282229965156
NP_416709.1,231,0.10822510822510822,0.09090909090909091,0.06926406926406926,0.09956709956709957
NP_416710.1,828,0.09420289855072464,0.0785024154589372,0.06521739130434782,0.07729468599033816
NP_416711.1,87,0.06896551724137931,0.04597701149425287,0.14942528735632185,0.06896551724137931
NP_416712.1,164,0.10975609756097561,0.06707317073170732,0.018292682926829267,0.06097560975609756
NP_416713.1,162,0.08641975308641975,0.05555555555555555,0.09876543209876543,0.09259259259259259
NP_416714.1,548,0.10036496350364964,0.07481751824817519,0.08211678832116788,0.09306569343065693
NP_416715.1,547,0.09689213893967093,0.062157221206581355,0.056672760511883,0.16819012797074953
NP_416716.1,216,0.10185185185185185,0.0787037037037037,0.041666666666666664,0.10648148148148148
NP_416717.1,354,0.1384180790960452,0.05367231638418079,0.05084745762711865,0.096045197740113
NP_416718.1,351,0.08547008547008547,0.07692307692307693,0.07692307692307693,0.09116809116809117
NP_416719.1,367,0.07901907356948229,0.1307901907356948,0.0681198910081744,0.07356948228882834
NP_416720.1,890,0.06853932584269663,0.046067415730337076,0.06292134831460675,0.13258426966292136
NP_416721.1,216,0.06944444444444445,0.06018518518518518,0.06481481481481481,0.13425925925925927
NP_416722.2,949,0.06954689146469968,0.05690200210748156,0.07586933614330875,0.12012644889357219
NP_416723.1,608,0.07894736842105263,0.0625,0.06414473684210527,0.11842105263157894
NP_416724.1,461,0.08459869848156182,0.05422993492407809,0.052060737527114966,0.11496746203904555
NP_416725.1,220,0.06363636363636363,0.11818181818181818,0.08181818181818182,0.12272727272727273
NP_416726.1,216,0.12037037037037036,0.1111111111111111,0.08333333333333333,0.10185185185185185
NP_416727.1,440,0.11136363636363636,0.09318181818181819,0.07272727272727272,0.11363636363636363
NP_416728.1,394,0.1700507614213198,0.1116751269035533,0.07360406091370558,0.09898477157360407
NP_416729.1,258,0.07751937984496124,0.08527131782945736,0.07364341085271318,0.07364341085271318
NP_416730.1,549,0.09107468123861566,0.061930783242258654,0.06739526411657559,0.11839708561020036
NP_416732.4,207,0.06763285024154589,0.07246376811594203,0.04830917874396135,0.10144927536231885
NP_416733.4,562,0.08718861209964412,0.06405693950177936,0.05516014234875445,0.12633451957295375
NP_416734.1,875,0.088,0.07542857142857143,0.09485714285714286,0.088
NP_416735.1,240,0.07916666666666666,0.09583333333333334,0.1,0.09166666666666666
NP_416736.1,1250,0.08,0.124,0.0752,0.0752
NP_416737.1,761,0.08147174770039421,0.06307490144546649,0.051248357424441525,0.09855453350854139
NP_416738.1,376,0.05851063829787234,0.034574468085106384,0.06648936170212766,0.09840425531914894
NP_416739.1,84,0.09523809523809523,0.07142857142857142,0.05952380952380952,0.10714285714285714
NP_416740.1,216,0.09722222222222222,0.05555555555555555,0.09259259259259259,0.05555555555555555
NP_416742.1,358,0.07262569832402235,0.0670391061452514,0.061452513966480445,0.08100558659217877
NP_416743.1,452,0.09955752212389381,0.10398230088495575,0.06858407079646017,0.1084070796460177
NP_416744.1,542,0.1088560885608856,0.08487084870848709,0.07195571955719557,0.0996309963099631
NP_416745.1,419,0.0954653937947494,0.0954653937947494,0.06682577565632458,0.14081145584725538
NP_416746.1,396,0.07575757575757576,0.06313131313131314,0.06565656565656566,0.10353535353535354
NP_416747.1,299,0.056856187290969896,0.03678929765886288,0.04013377926421405,0.12040133779264214
NP_416748.1,267,0.12734082397003746,0.08239700374531835,0.0749063670411985,0.09737827715355805
NP_416749.4,429,0.13752913752913754,0.09090909090909091,0.07925407925407925,0.1445221445221445
NP_416750.2,401,0.06982543640897755,0.10224438902743142,0.06982543640897755,0.0798004987531172
NP_416751.1,260,0.1,0.057692307692307696,0.04230769230769231,0.13846153846153847
NP_416752.1,400,0.095,0.07,0.0675,0.1325
NP_416753.4,180,0.10555555555555556,0.17222222222222222,0.06666666666666667,0.08888888888888889
NP_416754.1,141,0.05673758865248227,0.07092198581560284,0.05673758865248227,0.10638297872340426
NP_416755.1,200,0.095,0.055,0.055,0.105
NP_416756.6,385,0.12987012987012986,0.07012987012987013,0.05194805194805195,0.09610389610389611
NP_416757.1,322,0.07453416149068323,0.06521739130434782,0.06832298136645963,0.09937888198757763
NP_416758.1,660,0.0803030303030303,0.07272727272727272,0.06363636363636363,0.09545454545454546
NP_416759.1,296,0.0945945945945946,0.0945945945945946,0.057432432432432436,0.09797297297297297
NP_416760.1,550,0.09818181818181818,0.06909090909090909,0.06727272727272728,0.13272727272727272
NP_416761.4,128,0.109375,0.078125,0.0546875,0.2265625
NP_416762.2,88,0.07954545454545454,0.045454545454545456,0.09090909090909091,0.10227272727272728
NP_416763.1,451,0.09090909090909091,0.07982261640798226,0.08647450110864745,0.13303769401330376
NP_416764.1,320,0.1125,0.0625,0.08125,0.128125
NP_416765.1,285,0.09824561403508772,0.09824561403508772,0.05964912280701754,0.07017543859649122
NP_416766.1,252,0.1349206349206349,0.0873015873015873,0.06746031746031746,0.11904761904761904
NP_416767.1,556,0.11510791366906475,0.07194244604316546,0.06294964028776978,0.1223021582733813
NP_416768.4,431,0.10672853828306264,0.05104408352668213,0.04408352668213457,0.13225058004640372
NP_416769.1,101,0.10891089108910891,0.06930693069306931,0.0891089108910891,0.1188118811881188
NP_416770.1,153,0.058823529411764705,0.06535947712418301,0.0915032679738562,0.10457516339869281
NP_416771.4,305,0.09508196721311475,0.10163934426229508,0.04590163934426229,0.12131147540983607
NP_416772.1,403,0.05707196029776675,0.03225806451612903,0.04218362282878412,0.11662531017369727
NP_416773.1,575,0.10782608695652174,0.06086956521739131,0.04869565217391304,0.08869565217391304
NP_416774.2,323,0.09287925696594428,0.058823529411764705,0.07120743034055728,0.08359133126934984
NP_416775.1,167,0.05389221556886228,0.07784431137724551,0.023952095808383235,0.1437125748502994
NP_416776.1,238,0.07563025210084033,0.037815126050420166,0.0546218487394958,0.12605042016806722
NP_416777.2,140,0.02142857142857143,0.03571428571428571,0.09285714285714286,0.05714285714285714
NP_416778.2,282,0.0851063829787234,0.05673758865248227,0.03900709219858156,0.09574468085106383
NP_416779.2,485,0.1134020618556701,0.09278350515463918,0.09484536082474226,0.17938144329896907
NP_416780.1,509,0.08840864440078586,0.09037328094302555,0.068762278978389,0.14931237721021612
NP_416781.1,613,0.11256117455138662,0.09624796084828711,0.09461663947797716,0.16150081566068517
NP_416782.1,100,0.12,0.09,0.06,0.2
NP_416783.1,184,0.11956521739130435,0.08695652173913043,0.10869565217391304,0.1358695652173913
NP_416784.1,180,0.06666666666666667,0.07777777777777778,0.05,0.08333333333333333
NP_416785.1,325,0.09230769230769231,0.08,0.08615384615384615,0.12615384615384614
NP_416786.4,908,0.10682819383259912,0.08259911894273128,0.07158590308370044,0.07599118942731277
NP_416787.1,445,0.0853932584269663,0.10786516853932585,0.035955056179775284,0.10786516853932585
NP_416788.1,166,0.0963855421686747,0.06626506024096386,0.05421686746987952,0.06626506024096386
NP_416789.2,596,0.06543624161073826,0.07046979865771812,0.06208053691275168,0.09563758389261745
NP_416790.1,220,0.05909090909090909,0.06818181818181818,0.1,0.06363636363636363
NP_416791.3,147,0.11564625850340136,0.07482993197278912,0.08843537414965986,0.10204081632653061
NP_416792.1,312,0.10897435897435898,0.038461538461538464,0.07051282051282051,0.13782051282051283
NP_416793.1,405,0.07901234567901234,0.06666666666666667,0.06172839506172839,0.1037037037037037
NP_416794.1,199,0.11557788944723618,0.020100502512562814,0.05527638190954774,0.12562814070351758
NP_416795.1,610,0.09508196721311475,0.08688524590163935,0.11639344262295082,0.12786885245901639
NP_416796.2,216,0.14351851851851852,0.0787037037037037,0.08333333333333333,0.1111111111111111
NP_416797.2,164,0.07317073170731707,0.04878048780487805,0.036585365853658534,0.07926829268292683
NP_416798.1,151,0.08609271523178808,0.059602649006622516,0.06622516556291391,0.13245033112582782
NP_416799.1,400,0.105,0.09,0.0675,0.105
NP_416800.1,714,0.10644257703081232,0.06302521008403361,0.09103641456582633,0.09103641456582633
NP_416801.2,506,0.08893280632411067,0.09881422924901186,0.11264822134387352,0.10276679841897234
NP_416802.1,180,0.1111111111111111,0.05555555555555555,0.07777777777777778,0.07777777777777778
NP_416803.3,184,0.09239130434782608,0.07608695652173914,0.08695652173913043,0.125
NP_416804.1,214,0.11214953271028037,0.04672897196261682,0.04672897196261682,0.12149532710280374
NP_416805.1,215,0.08837209302325581,0.07441860465116279,0.03255813953488372,0.12093023255813953
NP_416806.1,120,0.08333333333333333,0.008333333333333333,0.06666666666666667,0.08333333333333333
NP_416807.1,297,0.07744107744107744,0.09764309764309764,0.07744107744107744,0.13131313131313133
NP_416808.1,296,0.07432432432432433,0.037162162162162164,0.05067567567567568,0.12837837837837837
NP_416809.1,257,0.058365758754863814,0.08171206225680934,0.0933852140077821,0.11673151750972763
NP_416810.1,238,0.10084033613445378,0.0546218487394958,0.06302521008403361,0.13865546218487396
NP_416811.1,228,0.08333333333333333,0.11842105263157894,0.10087719298245613,0.13157894736842105
NP_416812.1,260,0.1,0.08076923076923077,0.057692307692307696,0.08846153846153847
NP_416813.1,260,0.13076923076923078,0.08076923076923077,0.057692307692307696,0.09230769230769231
NP_416814.1,189,0.09523809523809523,0.0582010582010582,0.09523809523809523,0.13227513227513227
NP_416815.1,505,0.09306930693069307,0.06930693069306931,0.07128712871287128,0.07524752475247524
NP_416816.1,162,0.08641975308641975,0.07407407407407407,0.1111111111111111,0.1111111111111111
NP_416817.2,220,0.12727272727272726,0.08636363636363636,0.09545454545454546,0.08181818181818182
NP_416818.1,422,0.12796208530805686,0.08056872037914692,0.08530805687203792,0.10426540284360189
NP_416819.1,304,0.10197368421052631,0.07236842105263158,0.07236842105263158,0.09868421052631579
NP_416820.1,219,0.0958904109589041,0.0730593607305936,0.1004566210045662,0.1324200913242009
NP_416821.1,270,0.11481481481481481,0.05925925925925926,0.0962962962962963,0.07407407407407407
NP_416822.1,337,0.12166172106824925,0.08011869436201781,0.09792284866468842,0.10385756676557864
NP_416823.1,378,0.09788359788359788,0.082010582010582,0.08465608465608465,0.13227513227513227
NP_416824.1,331,0.08459214501510574,0.054380664652567974,0.03323262839879154,0.16314199395770393
NP_416825.1,392,0.1377551020408163,0.14285714285714285,0.10459183673469388,0.14285714285714285
NP_416826.1,406,0.11822660098522167,0.1206896551724138,0.07635467980295567,0.0665024630541872
NP_416827.4,668,0.10778443113772455,0.0688622754491018,0.05239520958083832,0.11526946107784432
NP_416828.1,92,0.13043478260869565,0.06521739130434782,0.043478260869565216,0.11956521739130435
NP_416829.1,182,0.09340659340659341,0.04395604395604396,0.06043956043956044,0.06043956043956044
NP_416830.1,269,0.10780669144981413,0.11895910780669144,0.07063197026022305,0.15613382899628253
NP_416831.1,274,0.07664233576642336,0.072992700729927,0.05474452554744526,0.10948905109489052
NP_416832.1,361,0.08587257617728532,0.11080332409972299,0.0664819944598338,0.07202216066481995
NP_416833.4,310,0.08064516129032258,0.054838709677419356,0.07741935483870968,0.0967741935483871
NP_416834.1,183,0.08196721311475409,0.04918032786885246,0.060109289617486336,0.12021857923497267
NP_416835.2,273,0.05128205128205128,0.0695970695970696,0.08424908424908426,0.0695970695970696
NP_416836.1,179,0.1005586592178771,0.1005586592178771,0.08379888268156424,0.1005586592178771
NP_416837.1,162,0.08024691358024691,0.05555555555555555,0.04938271604938271,0.08641975308641975
NP_416838.1,170,0.08823529411764706,0.08823529411764706,0.09411764705882353,0.09411764705882353
NP_416839.1,250,0.064,0.04,0.072,0.1
NP_416841.1,187,0.11229946524064172,0.09090909090909091,0.053475935828877004,0.0481283422459893
NP_416842.1,161,0.09316770186335403,0.06832298136645963,0.09316770186335403,0.13043478260869565
NP_416843.1,714,0.10504201680672269,0.09663865546218488,0.0742296918767507,0.09523809523809523
NP_416844.1,436,0.1444954128440367,0.08944954128440367,0.07339449541284404,0.10550458715596331
NP_416845.2,94,0.10638297872340426,0.031914893617021274,0.05319148936170213,0.06382978723404255
NP_416846.2,446,0.11210762331838565,0.10089686098654709,0.04035874439461883,0.06950672645739911
NP_416847.1,352,0.045454545454545456,0.056818181818181816,0.045454545454545456,0.05965909090909091
NP_416848.1,251,0.05976095617529881,0.10756972111553785,0.05976095617529881,0.10358565737051793
NP_416849.1,310,0.1032258064516129,0.07419354838709677,0.06129032258064516,0.0935483870967742
NP_416850.1,385,0.08571428571428572,0.05974025974025974,0.07012987012987013,0.08051948051948052
NP_416851.1,120,0.125,0.058333333333333334,0.11666666666666667,0.08333333333333333
NP_416852.1,306,0.06209150326797386,0.07516339869281045,0.08169934640522876,0.08823529411764706
NP_416853.1,443,0.03837471783295711,0.033860045146726865,0.060948081264108354,0.11738148984198646
NP_416855.1,146,0.11643835616438356,0.0547945205479452,0.03424657534246575,0.07534246575342465
NP_416858.1,164,0.0975609756097561,0.06097560975609756,0.054878048780487805,0.07317073170731707
NP_416860.4,120,0.058333333333333334,0.10833333333333334,0.06666666666666667,0.1
NP_416861.1,274,0.11678832116788321,0.04744525547445255,0.051094890510948905,0.08759124087591241
NP_416862.2,178,0.0898876404494382,0.0449438202247191,0.056179775280898875,0.09550561797752809
NP_416863.1,120,0.1,0.075,0.075,0.09166666666666666
NP_416864.1,101,0.0594059405940594,0.039603960396039604,0.04950495049504951,0.06930693069306931
NP_416865.1,311,0.08038585209003216,0.04823151125401929,0.05466237942122187,0.12218649517684887
NP_416866.1,445,0.10786516853932585,0.08764044943820225,0.0898876404494382,0.1550561797752809
NP_416867.1,442,0.10633484162895927,0.10407239819004525,0.06334841628959276,0.1085972850678733
NP_416868.1,512,0.0625,0.07421875,0.060546875,0.138671875
NP_416869.1,387,0.10077519379844961,0.04392764857881137,0.08785529715762273,0.08010335917312661
NP_416870.1,204,0.0784313725490196,0.06372549019607843,0.05392156862745098,0.08333333333333333
NP_416871.1,1197,0.06850459482038429,0.04344193817878028,0.05680868838763575,0.11695906432748537
NP_416872.4,381,0.07874015748031496,0.08923884514435695,0.05774278215223097,0.09448818897637795
NP_416873.1,314,0.1305732484076433,0.06687898089171974,0.09554140127388536,0.1337579617834395
NP_416874.1,564,0.11702127659574468,0.0851063829787234,0.06560283687943262,0.08865248226950355
NP_416875.1,416,0.0889423076923077,0.0889423076923077,0.055288461538461536,0.08413461538461539
NP_416876.1,211,0.16587677725118483,0.04739336492890995,0.061611374407582936,0.09004739336492891
NP_416877.1,91,0.06593406593406594,0.03296703296703297,0.04395604395604396,0.10989010989010989
NP_416878.1,80,0.075,0.1125,0.1125,0.125
NP_416879.4,306,0.07516339869281045,0.0784313725490196,0.06535947712418301,0.08823529411764706
NP_416880.1,412,0.10436893203883495,0.06796116504854369,0.08009708737864078,0.0703883495145631
NP_416881.1,565,0.07787610619469026,0.06902654867256637,0.07610619469026549,0.10973451327433628
NP_416882.1,244,0.05737704918032787,0.01639344262295082,0.06967213114754098,0.09016393442622951
NP_416883.1,285,0.07017543859649122,0.05964912280701754,0.05964912280701754,0.14035087719298245
NP_416884.1,831,0.0950661853188929,0.06016847172081829,0.05054151624548736,0.12515042117930206
NP_416885.1,345,0.09855072463768116,0.08405797101449275,0.09565217391304348,0.1072463768115942
NP_416886.1,361,0.10249307479224377,0.08587257617728532,0.08033240997229917,0.10249307479224377
NP_416887.1,415,0.13253012048192772,0.10120481927710843,0.06506024096385542,0.10843373493975904
NP_416888.1,108,0.16666666666666666,0.046296296296296294,0.046296296296296294,0.05555555555555555
NP_416889.1,321,0.09968847352024922,0.10903426791277258,0.0778816199376947,0.102803738317757
NP_416890.1,418,0.1339712918660287,0.09569377990430622,0.09808612440191387,0.15311004784688995
NP_416891.1,108,0.07407407407407407,0.12037037037037036,0.0,0.06481481481481481
NP_416893.1,412,0.1262135922330097,0.08737864077669903,0.09466019417475728,0.14563106796116504
NP_416894.1,400,0.0975,0.0775,0.1025,0.1275
NP_416895.2,370,0.12972972972972974,0.07837837837837838,0.03783783783783784,0.12702702702702703
NP_416896.4,729,0.06310013717421124,0.056241426611796985,0.05898491083676269,0.16186556927297668
NP_416897.2,114,0.06140350877192982,0.09649122807017543,0.07017543859649122,0.12280701754385964
NP_416898.3,130,0.1076923076923077,0.05384615384615385,0.046153846153846156,0.06923076923076923
NP_416899.1,471,0.0870488322717622,0.059447983014861996,0.06369426751592357,0.08067940552016985
NP_416900.1,294,0.08163265306122448,0.05102040816326531,0.08843537414965986,0.11904761904761904
NP_416901.1,418,0.10287081339712918,0.07177033492822966,0.09090909090909091,0.11244019138755981
NP_416902.1,277,0.09747292418772563,0.09747292418772563,0.08664259927797834,0.09747292418772563
NP_416903.1,254,0.06692913385826772,0.11811023622047244,0.027559055118110236,0.06299212598425197
NP_416904.1,308,0.09415584415584416,0.06818181818181818,0.08766233766233766,0.1266233766233766
NP_416905.1,332,0.0963855421686747,0.06927710843373494,0.10542168674698796,0.13855421686746988
NP_416906.1,671,0.10134128166915052,0.07600596125186289,0.09985096870342772,0.10134128166915052
NP_416907.1,328,0.10365853658536585,0.04573170731707317,0.07621951219512195,0.057926829268292686
NP_416908.1,253,0.08300395256916997,0.05533596837944664,0.06719367588932806,0.13043478260869565
NP_416909.1,323,0.09907120743034056,0.09907120743034056,0.06501547987616099,0.09907120743034056
NP_416910.1,85,0.10588235294117647,0.07058823529411765,0.08235294117647059,0.09411764705882353
NP_416911.1,575,0.10956521739130434,0.06260869565217392,0.06086956521739131,0.10086956521739131
NP_416912.1,169,0.04142011834319527,0.09467455621301775,0.11242603550295859,0.07100591715976332
NP_416913.1,283,0.09540636042402827,0.0636042402826855,0.09187279151943463,0.13074204946996468
NP_416914.1,124,0.0967741935483871,0.04838709677419355,0.056451612903225805,0.10483870967741936
NP_416915.1,244,0.06147540983606557,0.05737704918032787,0.028688524590163935,0.08196721311475409
NP_416916.1,303,0.0924092409240924,0.11551155115511551,0.066006600660066,0.07920792079207921
NP_416917.1,365,0.08767123287671233,0.07397260273972603,0.08493150684931507,0.11506849315068493
NP_416919.1,277,0.11913357400722022,0.061371841155234655,0.10108303249097472,0.1552346570397112
NP_416920.1,338,0.09171597633136094,0.07100591715976332,0.07100591715976332,0.09763313609467456
NP_416921.4,263,0.12167300380228137,0.09125475285171103,0.07984790874524715,0.08365019011406843
NP_416922.1,285,0.09824561403508772,0.05263157894736842,0.05964912280701754,0.11929824561403508
NP_416923.1,298,0.1174496644295302,0.1040268456375839,0.1040268456375839,0.08053691275167785
NP_416924.1,474,0.12447257383966245,0.12236286919831224,0.06962025316455696,0.1371308016877637
NP_416925.2,434,0.06912442396313365,0.08755760368663594,0.07142857142857142,0.08755760368663594
NP_416926.4,299,0.09698996655518395,0.09698996655518395,0.07357859531772576,0.08361204013377926
NP_416927.1,191,0.07329842931937172,0.09424083769633508,0.06282722513089005,0.06806282722513089
NP_416928.4,149,0.087248322147651,0.06040268456375839,0.087248322147651,0.21476510067114093
NP_416929.4,141,0.0425531914893617,0.09219858156028368,0.0851063829787234,0.10638297872340426
NP_416930.1,289,0.10726643598615918,0.0726643598615917,0.0657439446366782,0.09688581314878893
NP_416931.1,299,0.07692307692307693,0.09698996655518395,0.07023411371237458,0.07023411371237458
NP_416932.1,350,0.07428571428571429,0.054285714285714284,0.06,0.12
NP_416933.4,166,0.1566265060240964,0.07228915662650602,0.0783132530120482,0.12650602409638553
NP_416934.1,219,0.1917808219178082,0.0639269406392694,0.0684931506849315,0.0867579908675799
NP_416935.1,295,0.11864406779661017,0.06779661016949153,0.09491525423728814,0.08813559322033898
NP_416936.4,453,0.09933774834437085,0.08388520971302428,0.07505518763796909,0.08388520971302428
NP_416937.2,402,0.12189054726368159,0.05223880597014925,0.05223880597014925,0.10199004975124377
NP_416938.1,213,0.06103286384976526,0.046948356807511735,0.04225352112676056,0.0892018779342723
NP_416939.1,81,0.07407407407407407,0.024691358024691357,0.04938271604938271,0.14814814814814814
NP_416940.2,122,0.09836065573770492,0.05737704918032787,0.08196721311475409,0.09836065573770492
NP_416941.1,138,0.10144927536231885,0.06521739130434782,0.028985507246376812,0.08695652173913043
NP_416942.1,197,0.050761421319796954,0.05583756345177665,0.06598984771573604,0.06598984771573604
NP_416943.2,125,0.088,0.064,0.104,0.128
NP_416944.1,130,0.13076923076923078,0.06923076923076923,0.1,0.07692307692307693
NP_416945.2,269,0.09665427509293681,0.11152416356877323,0.05204460966542751,0.07806691449814127
NP_416946.1,467,0.10706638115631692,0.09207708779443255,0.09421841541755889,0.11991434689507495
NP_416947.1,408,0.12745098039215685,0.12009803921568628,0.08088235294117647,0.11274509803921569
NP_416948.4,395,0.14936708860759493,0.08607594936708861,0.07088607594936709,0.10886075949367088
NP_416949.1,278,0.10431654676258993,0.09352517985611511,0.08992805755395683,0.09352517985611511
NP_416950.1,467,0.14989293361884368,0.07708779443254818,0.11349036402569593,0.0835117773019272
NP_416951.1,95,0.07368421052631578,0.11578947368421053,0.14736842105263157,0.07368421052631578
NP_416952.2,97,0.16494845360824742,0.12371134020618557,0.1134020618556701,0.09278350515463918
NP_416953.1,338,0.15384615384615385,0.06804733727810651,0.07988165680473373,0.11242603550295859
NP_416954.1,267,0.08614232209737828,0.03745318352059925,0.0599250936329588,0.14232209737827714
NP_416955.1,233,0.09012875536480687,0.0815450643776824,0.07725321888412018,0.06437768240343347
NP_416956.1,159,0.0880503144654088,0.06918238993710692,0.06289308176100629,0.10062893081761007
NP_416957.4,111,0.11711711711711711,0.11711711711711711,0.07207207207207207,0.11711711711711711
NP_416958.1,759,0.11462450592885376,0.06851119894598155,0.09486166007905138,0.08563899868247694
NP_416959.1,316,0.0981012658227848,0.05063291139240506,0.06962025316455696,0.0981012658227848
NP_416960.1,667,0.11394302848575712,0.0944527736131934,0.053973013493253376,0.08545727136431784
NP_416961.1,347,0.09798270893371758,0.06340057636887608,0.04899135446685879,0.12680115273775217
NP_416962.1,191,0.041884816753926704,0.07853403141361257,0.06806282722513089,0.1099476439790576
NP_416963.1,659,0.1062215477996965,0.0819423368740516,0.08497723823975721,0.06676783004552352
NP_416964.1,566,0.08480565371024736,0.04770318021201413,0.054770318021201414,0.1501766784452297
NP_416965.1,1037,0.10318225650916105,0.0781099324975892,0.08678881388621022,0.10607521697203472
NP_416966.1,118,0.07627118644067797,0.05084745762711865,0.03389830508474576,0.11864406779661017
NP_416967.1,375,0.10666666666666667,0.07733333333333334,0.08533333333333333,0.09333333333333334
NP_416968.2,232,0.11637931034482758,0.09913793103448276,0.07758620689655173,0.07758620689655173
NP_416969.1,671,0.12369597615499255,0.06706408345752608,0.044709388971684055,0.14157973174366617
NP_416970.1,287,0.0627177700348432,0.1254355400696864,0.06620209059233449,0.06968641114982578
NP_416971.1,237,0.06329113924050633,0.07172995780590717,0.07172995780590717,0.12658227848101267
NP_416972.4,344,0.125,0.07267441860465117,0.0872093023255814,0.09883720930232558
NP_416973.1,292,0.10616438356164383,0.07876712328767123,0.08561643835616438,0.10273972602739725
NP_416974.4,190,0.11578947368421053,0.042105263157894736,0.06315789473684211,0.1
NP_416975.1,156,0.05128205128205128,0.07692307692307693,0.07051282051282051,0.09615384615384616
NP_416976.4,205,0.11707317073170732,0.05853658536585366,0.07317073170731707,0.0975609756097561
NP_416977.1,672,0.1324404761904762,0.07589285714285714,0.0744047619047619,0.16815476190476192
NP_416978.4,315,0.10476190476190476,0.08253968253968254,0.06349206349206349,0.2
NP_416979.1,479,0.11899791231732777,0.08559498956158663,0.081419624217119,0.162839248434238
NP_416980.1,216,0.125,0.05555555555555555,0.08796296296296297,0.18518518518518517
NP_416981.1,526,0.10456273764258556,0.0817490494296578,0.07984790874524715,0.18631178707224336
NP_416982.1,555,0.05945945945945946,0.06666666666666667,0.08108108108108109,0.1045045045045045
NP_416983.1,181,0.12154696132596685,0.03314917127071823,0.03867403314917127,0.11049723756906077
NP_416984.1,252,0.08333333333333333,0.07539682539682539,0.07539682539682539,0.08333333333333333
NP_416985.4,137,0.10948905109489052,0.0364963503649635,0.08029197080291971,0.0948905109489051
NP_416986.4,670,0.07761194029850746,0.05373134328358209,0.05373134328358209,0.14776119402985075
NP_416987.1,282,0.12411347517730496,0.06382978723404255,0.07801418439716312,0.12411347517730496
NP_416988.1,353,0.0906515580736544,0.0764872521246459,0.11614730878186968,0.1643059490084986
NP_416989.1,487,0.13141683778234087,0.059548254620123205,0.03285420944558522,0.12525667351129363
NP_416990.1,119,0.07563025210084033,0.04201680672268908,0.07563025210084033,0.14285714285714285
NP_416991.2,233,0.07296137339055794,0.060085836909871244,0.034334763948497854,0.18025751072961374
NP_416992.1,429,0.1048951048951049,0.10256410256410256,0.10023310023310024,0.1445221445221445
NP_416993.2,208,0.07692307692307693,0.09134615384615384,0.09615384615384616,0.10576923076923077
NP_416994.1,345,0.08115942028985507,0.11304347826086956,0.10144927536231885,0.09565217391304348
NP_416995.1,212,0.1179245283018868,0.07547169811320754,0.07075471698113207,0.08962264150943396
NP_416996.1,688,0.061046511627906974,0.0377906976744186,0.06686046511627906,0.11482558139534883
NP_416997.1,513,0.07992202729044834,0.0682261208576998,0.056530214424951264,0.12475633528265107
NP_416998.1,747,0.07362784471218206,0.04819277108433735,0.0642570281124498,0.14190093708165996
NP_416999.1,63,0.047619047619047616,0.031746031746031744,0.06349206349206349,0.047619047619047616
NP_417000.1,172,0.11627906976744186,0.11046511627906977,0.09883720930232558,0.05813953488372093
NP_417001.1,179,0.16759776536312848,0.0223463687150838,0.03910614525139665,0.0670391061452514
NP_417002.1,525,0.0761904761904762,0.08190476190476191,0.10095238095238095,0.08761904761904762
NP_417003.1,488,0.10450819672131148,0.10655737704918032,0.09836065573770492,0.07581967213114754
NP_417004.1,456,0.08333333333333333,0.05043859649122807,0.07456140350877193,0.10087719298245613
NP_417005.2,71,0.07042253521126761,0.07042253521126761,0.07042253521126761,0.09859154929577464
NP_417006.2,490,0.0673469387755102,0.07755102040816327,0.08979591836734693,0.09183673469387756
NP_417007.1,392,0.08163265306122448,0.09948979591836735,0.1096938775510204,0.11479591836734694
NP_417008.1,206,0.1650485436893204,0.06796116504854369,0.07281553398058252,0.10194174757281553
NP_417009.1,424,0.09669811320754718,0.09669811320754718,0.07783018867924528,0.11556603773584906
NP_417010.1,372,0.08602150537634409,0.07795698924731183,0.0967741935483871,0.08602150537634409
NP_417011.1,337,0.13649851632047477,0.050445103857566766,0.06528189910979229,0.08902077151335312
NP_417012.1,384,0.07291666666666667,0.06510416666666667,0.0859375,0.078125
NP_417013.1,143,0.1258741258741259,0.0979020979020979,0.07692307692307693,0.06293706293706294
NP_417014.1,770,0.1012987012987013,0.08571428571428572,0.06103896103896104,0.12467532467532468
NP_417015.1,1653,0.09497882637628555,0.0750151240169389,0.07017543859649122,0.12099213551119177
NP_417016.4,281,0.1103202846975089,0.08185053380782918,0.08896797153024912,0.099644128113879
NP_417017.4,258,0.07751937984496124,0.06589147286821706,0.050387596899224806,0.10077519379844961
NP_417018.4,427,0.13114754098360656,0.09601873536299765,0.04449648711943794,0.10070257611241218
NP_417019.1,66,0.07575757575757576,0.030303030303030304,0.030303030303030304,0.12121212121212122
NP_417020.1,111,0.08108108108108109,0.04504504504504504,0.05405405405405406,0.09009009009009009
NP_417021.1,616,0.1396103896103896,0.07954545454545454,0.08603896103896104,0.10876623376623376
NP_417022.1,171,0.09941520467836257,0.017543859649122806,0.029239766081871343,0.15204678362573099
NP_417023.1,107,0.04672897196261682,0.12149532710280374,0.11214953271028037,0.08411214953271028
NP_417024.1,128,0.1171875,0.0703125,0.0703125,0.046875
NP_417026.1,162,0.08024691358024691,0.1111111111111111,0.08024691358024691,0.12345679012345678
NP_417027.1,246,0.10975609756097561,0.06504065040650407,0.08130081300813008,0.11788617886178862
NP_417028.1,267,0.1198501872659176,0.0898876404494382,0.0749063670411985,0.0749063670411985
NP_417029.4,284,0.08098591549295775,0.07746478873239436,0.07042253521126761,0.08450704225352113
NP_417030.2,426,0.07042253521126761,0.046948356807511735,0.035211267605633804,0.15492957746478872
NP_417031.1,379,0.12401055408970976,0.0870712401055409,0.09234828496042216,0.15303430079155672
NP_417032.1,296,0.0945945945945946,0.0472972972972973,0.10472972972972973,0.12837837837837837
NP_417033.1,453,0.08609271523178808,0.09050772626931568,0.05518763796909492,0.0772626931567329
NP_417034.1,172,0.05813953488372093,0.01744186046511628,0.06395348837209303,0.10465116279069768
NP_417035.1,106,0.11320754716981132,0.07547169811320754,0.0660377358490566,0.08490566037735849
NP_417036.1,270,0.12962962962962962,0.1111111111111111,0.05555555555555555,0.11851851851851852
NP_417037.1,400,0.11,0.08,0.055,0.1225
NP_417038.4,140,0.12857142857142856,0.09285714285714286,0.08571428571428572,0.11428571428571428
NP_417039.1,290,0.06896551724137931,0.08620689655172414,0.05517241379310345,0.0896551724137931
NP_417040.2,353,0.09915014164305949,0.12464589235127478,0.0679886685552408,0.0906515580736544
NP_417041.1,332,0.11144578313253012,0.11144578313253012,0.12650602409638553,0.16566265060240964
NP_417042.1,503,0.08548707753479125,0.08151093439363817,0.1073558648111332,0.1073558648111332
NP_417043.1,327,0.11314984709480122,0.08256880733944955,0.09785932721712538,0.07339449541284404
NP_417044.4,1093,0.11344922232387923,0.06404391582799634,0.04940530649588289,0.10978956999085086
NP_417045.4,397,0.06801007556675064,0.0654911838790932,0.06801007556675064,0.10075566750629723
NP_417046.1,417,0.11270983213429256,0.09832134292565947,0.08633093525179857,0.07434052757793765
NP_417047.1,396,0.10858585858585859,0.08080808080808081,0.06818181818181818,0.08585858585858586
NP_417048.1,112,0.07142857142857142,0.08928571428571429,0.11607142857142858,0.03571428571428571
NP_417049.1,444,0.10585585585585586,0.05855855855855856,0.06981981981981981,0.13063063063063063
NP_417050.1,237,0.08016877637130802,0.029535864978902954,0.02531645569620253,0.1350210970464135
NP_417051.2,475,0.08842105263157894,0.05052631578947368,0.07157894736842105,0.1431578947368421
NP_417053.2,518,0.09266409266409266,0.05791505791505792,0.059845559845559844,0.11776061776061776
NP_417054.2,167,0.11377245508982035,0.07784431137724551,0.07784431137724551,0.07784431137724551
NP_417055.4,211,0.061611374407582936,0.061611374407582936,0.05687203791469194,0.16587677725118483
NP_417056.2,282,0.13120567375886524,0.05673758865248227,0.05319148936170213,0.14893617021276595
NP_417057.1,86,0.046511627906976744,0.023255813953488372,0.05813953488372093,0.046511627906976744
NP_417058.1,126,0.15079365079365079,0.07142857142857142,0.07142857142857142,0.10317460317460317
NP_417059.1,243,0.1646090534979424,0.06995884773662552,0.06172839506172839,0.08641975308641975
NP_417060.1,242,0.0743801652892562,0.08264462809917356,0.05371900826446281,0.13636363636363635
NP_417061.1,301,0.07308970099667775,0.06976744186046512,0.08305647840531562,0.08970099667774087
NP_417062.1,226,0.06637168141592921,0.0752212389380531,0.05752212389380531,0.13716814159292035
NP_417063.1,324,0.07716049382716049,0.08641975308641975,0.07407407407407407,0.07407407407407407
NP_417064.1,599,0.07679465776293823,0.07011686143572621,0.08347245409015025,0.1001669449081803
NP_417065.1,159,0.11320754716981132,0.09433962264150944,0.0880503144654088,0.1320754716981132
NP_417066.1,318,0.0660377358490566,0.050314465408805034,0.0660377358490566,0.1069182389937107
NP_417067.1,216,0.08796296296296297,0.046296296296296294,0.06944444444444445,0.08333333333333333
NP_417068.1,191,0.08900523560209424,0.041884816753926704,0.09424083769633508,0.09424083769633508
NP_417069.1,540,0.08703703703703704,0.07592592592592592,0.07407407407407407,0.0962962962962963
NP_417070.2,245,0.10612244897959183,0.061224489795918366,0.061224489795918366,0.09795918367346938
NP_417071.1,444,0.09684684684684684,0.060810810810810814,0.060810810810810814,0.0990990990990991
NP_417072.4,293,0.06825938566552901,0.04778156996587031,0.08191126279863481,0.10238907849829351
NP_417073.1,195,0.12307692307692308,0.06666666666666667,0.08717948717948718,0.15384615384615385
NP_417074.1,127,0.07874015748031496,0.05511811023622047,0.11811023622047244,0.08661417322834646
NP_417075.1,229,0.07423580786026202,0.07860262008733625,0.07423580786026202,0.10480349344978165
NP_417076.1,345,0.0927536231884058,0.10434782608695652,0.08405797101449275,0.057971014492753624
NP_417077.1,139,0.07194244604316546,0.06474820143884892,0.07913669064748201,0.06474820143884892
NP_417078.4,232,0.10775862068965517,0.04741379310344827,0.04741379310344827,0.11637931034482758
NP_417079.1,886,0.1072234762979684,0.055304740406320545,0.05869074492099323,0.1343115124153499
NP_417080.4,451,0.0598669623059867,0.04434589800443459,0.06208425720620843,0.11751662971175167
NP_417081.2,107,0.102803738317757,0.09345794392523364,0.037383177570093455,0.102803738317757
NP_417082.1,432,0.11805555555555555,0.09259259259259259,0.0787037037037037,0.12962962962962962
NP_417083.1,857,0.09218203033838973,0.073512252042007,0.06534422403733955,0.11901983663943991
NP_417084.1,243,0.12345679012345678,0.09053497942386832,0.07407407407407407,0.07818930041152264
NP_417085.1,326,0.07668711656441718,0.05828220858895705,0.08588957055214724,0.07975460122699386
NP_417086.1,245,0.12653061224489795,0.04081632653061224,0.053061224489795916,0.08979591836734693
NP_417088.1,113,0.09734513274336283,0.035398230088495575,0.061946902654867256,0.07964601769911504
NP_417089.1,15,0.06666666666666667,0.0,0.0,0.0
NP_417090.1,386,0.09844559585492228,0.046632124352331605,0.06217616580310881,0.12953367875647667
NP_417091.1,373,0.0938337801608579,0.064343163538874,0.08579088471849866,0.1260053619302949
NP_417092.1,356,0.10393258426966293,0.07303370786516854,0.06179775280898876,0.09550561797752809
NP_417093.2,121,0.10743801652892562,0.0743801652892562,0.03305785123966942,0.08264462809917356
NP_417094.1,172,0.08139534883720931,0.05232558139534884,0.05813953488372093,0.12790697674418605
NP_417095.1,408,0.10294117647058823,0.049019607843137254,0.041666666666666664,0.12254901960784313
NP_417096.1,160,0.1125,0.0875,0.05,0.09375
NP_417097.1,115,0.06086956521739131,0.06956521739130435,0.13043478260869565,0.05217391304347826
NP_417098.1,255,0.08235294117647059,0.09411764705882353,0.054901960784313725,0.10980392156862745
NP_417099.4,182,0.04395604395604396,0.07692307692307693,0.09340659340659341,0.08791208791208792
NP_417100.1,82,0.13414634146341464,0.07317073170731707,0.0975609756097561,0.04878048780487805
NP_417101.1,453,0.09050772626931568,0.08388520971302428,0.09050772626931568,0.09713024282560706
NP_417102.4,263,0.10266159695817491,0.060836501901140684,0.08745247148288973,0.16730038022813687
NP_417104.1,197,0.1218274111675127,0.04060913705583756,0.09137055837563451,0.08121827411167512
NP_417105.1,292,0.06506849315068493,0.0684931506849315,0.05821917808219178,0.11643835616438356
NP_417107.2,113,0.07964601769911504,0.07964601769911504,0.07964601769911504,0.10619469026548672
NP_417108.4,96,0.10416666666666667,0.052083333333333336,0.07291666666666667,0.10416666666666667
NP_417109.1,158,0.0759493670886076,0.056962025316455694,0.0759493670886076,0.10126582278481013
NP_417110.1,160,0.10625,0.0625,0.06875,0.0875
NP_417111.1,413,0.1016949152542373,0.043583535108958835,0.05569007263922518,0.09200968523002422
NP_417112.1,318,0.05345911949685535,0.03773584905660377,0.059748427672955975,0.07232704402515723
NP_417113.1,70,0.08571428571428572,0.04285714285714286,0.05714285714285714,0.08571428571428572
NP_417114.1,469,0.07462686567164178,0.04477611940298507,0.042643923240938165,0.08955223880597014
NP_417115.1,208,0.03365384615384615,0.04807692307692308,0.04326923076923077,0.08653846153846154
NP_417116.1,729,0.056241426611796985,0.05486968449931413,0.07818930041152264,0.1083676268861454
NP_417117.1,538,0.048327137546468404,0.03903345724907063,0.07063197026022305,0.10223048327137546
NP_417118.1,87,0.04597701149425287,0.05747126436781609,0.022988505747126436,0.08045977011494253
NP_417119.1,357,0.07563025210084033,0.058823529411764705,0.07563025210084033,0.1092436974789916
NP_417120.2,123,0.056910569105691054,0.056910569105691054,0.07317073170731707,0.13008130081300814
NP_417122.1,273,0.054945054945054944,0.07326007326007326,0.0695970695970696,0.10256410256410256
NP_417123.1,233,0.0815450643776824,0.04721030042918455,0.06866952789699571,0.14163090128755365
NP_417124.4,147,0.04081632653061224,0.047619047619047616,0.061224489795918366,0.12244897959183673
NP_417125.1,155,0.07741935483870968,0.07741935483870968,0.07741935483870968,0.05161290322580645
NP_417129.1,567,0.06525573192239859,0.04056437389770723,0.047619047619047616,0.12522045855379188
NP_417130.1,152,0.09210526315789473,0.07236842105263158,0.02631578947368421,0.06578947368421052
NP_417131.1,160,0.1,0.04375,0.06875,0.1375
NP_417132.1,105,0.06666666666666667,0.0761904761904762,0.05714285714285714,0.09523809523809523
NP_417133.1,109,0.07339449541284404,0.03669724770642202,0.08256880733944955,0.12844036697247707
NP_417134.2,1526,0.0799475753604194,0.13958060288335516,0.07470511140235911,0.06094364351245085
NP_417145.4,325,0.07076923076923076,0.046153846153846156,0.08,0.11692307692307692
NP_417146.2,422,0.0924170616113744,0.0924170616113744,0.05924170616113744,0.0924170616113744
NP_417147.1,482,0.13692946058091288,0.0975103734439834,0.06431535269709543,0.08713692946058091
NP_417148.1,426,0.1267605633802817,0.09859154929577464,0.06572769953051644,0.09624413145539906
NP_417149.1,466,0.1072961373390558,0.07296137339055794,0.09656652360515021,0.12875536480686695
NP_417150.4,220,0.11818181818181818,0.045454545454545456,0.05454545454545454,0.14545454545454545
NP_417151.1,149,0.10067114093959731,0.08053691275167785,0.08053691275167785,0.06040268456375839
NP_417152.1,52,0.038461538461538464,0.1346153846153846,0.057692307692307696,0.17307692307692307
NP_417153.1,99,0.15151515151515152,0.050505050505050504,0.020202020202020204,0.1414141414141414
NP_417154.1,174,0.13218390804597702,0.09770114942528736,0.04597701149425287,0.13793103448275862
NP_417155.1,134,0.08955223880597014,0.05223880597014925,0.03731343283582089,0.09701492537313433
NP_417156.1,149,0.10067114093959731,0.040268456375838924,0.1342281879194631,0.08053691275167785
NP_417157.1,114,0.07894736842105263,0.07894736842105263,0.08771929824561403,0.08771929824561403
NP_417158.4,109,0.14678899082568808,0.07339449541284404,0.08256880733944955,0.06422018348623854
NP_417159.1,81,0.13580246913580246,0.04938271604938271,0.06172839506172839,0.04938271604938271
NP_417160.1,136,0.0661764705882353,0.10294117647058823,0.08088235294117647,0.07352941176470588
NP_417161.1,714,0.09803921568627451,0.06442577030812324,0.047619047619047616,0.09243697478991597
NP_417162.1,319,0.0877742946708464,0.03761755485893417,0.047021943573667714,0.11598746081504702
NP_417163.1,400,0.09,0.08,0.07,0.1125
NP_417164.1,354,0.10734463276836158,0.096045197740113,0.09887005649717515,0.11864406779661017
NP_417165.1,330,0.12424242424242424,0.08181818181818182,0.06363636363636363,0.06666666666666667
NP_417167.1,245,0.14285714285714285,0.08163265306122448,0.06938775510204082,0.11428571428571428
NP_417168.1,111,0.10810810810810811,0.08108108108108109,0.10810810810810811,0.16216216216216217
NP_417169.1,176,0.045454545454545456,0.028409090909090908,0.017045454545454544,0.14772727272727273
NP_417170.1,390,0.11282051282051282,0.05128205128205128,0.09487179487179487,0.09230769230769231
NP_417171.1,512,0.09765625,0.087890625,0.06640625,0.1171875
NP_417172.1,171,0.07017543859649122,0.05263157894736842,0.07017543859649122,0.08771929824561403
NP_417173.1,518,0.08494208494208494,0.07722007722007722,0.04054054054054054,0.10231660231660232
NP_417174.1,142,0.09154929577464789,0.09154929577464789,0.09154929577464789,0.18309859154929578
NP_417175.1,188,0.13829787234042554,0.06382978723404255,0.0797872340425532,0.10638297872340426
NP_417176.1,61,0.03278688524590164,0.08196721311475409,0.14754098360655737,0.06557377049180328
NP_417177.1,876,0.10388127853881278,0.091324200913242,0.0776255707762557,0.0867579908675799
NP_417178.1,166,0.10843373493975904,0.04819277108433735,0.03614457831325301,0.07228915662650602
NP_417179.1,353,0.10764872521246459,0.09915014164305949,0.06232294617563739,0.08781869688385269
NP_417180.1,165,0.15151515151515152,0.10303030303030303,0.08484848484848485,0.048484848484848485
NP_417181.1,361,0.08587257617728532,0.09141274238227147,0.0664819944598338,0.09141274238227147
NP_417184.1,123,0.08943089430894309,0.0975609756097561,0.08130081300813008,0.0975609756097561
NP_417185.1,259,0.09652509652509653,0.11196911196911197,0.08108108108108109,0.10424710424710425
NP_417186.1,119,0.1092436974789916,0.08403361344537816,0.09243697478991597,0.1092436974789916
NP_417187.1,257,0.07782101167315175,0.06614785992217899,0.07003891050583658,0.08949416342412451
NP_417188.4,321,0.1277258566978193,0.09345794392523364,0.06853582554517133,0.12149532710280374
NP_417189.2,504,0.11904761904761904,0.06944444444444445,0.07539682539682539,0.14087301587301587
NP_417190.1,479,0.07306889352818371,0.05636743215031315,0.0709812108559499,0.07515657620041753
NP_417191.1,377,0.10079575596816977,0.06631299734748011,0.06631299734748011,0.129973474801061
NP_417192.1,750,0.12133333333333333,0.07866666666666666,0.06666666666666667,0.11333333333333333
NP_417193.1,175,0.11428571428571428,0.05142857142857143,0.09714285714285714,0.045714285714285714
NP_417194.2,336,0.10714285714285714,0.06845238095238096,0.06547619047619048,0.10119047619047619
NP_417196.1,474,0.08649789029535865,0.07805907172995781,0.06118143459915612,0.07172995780590717
NP_417197.1,156,0.07692307692307693,0.10256410256410256,0.07051282051282051,0.08974358974358974
NP_417198.1,136,0.11764705882352941,0.03676470588235294,0.0661764705882353,0.09558823529411764
NP_417199.1,255,0.09803921568627451,0.09019607843137255,0.07058823529411765,0.09019607843137255
NP_417200.1,180,0.09444444444444444,0.03888888888888889,0.05,0.07222222222222222
NP_417201.1,569,0.05799648506151142,0.07381370826010544,0.0843585237258348,0.09666080843585237
NP_417202.1,307,0.10749185667752444,0.09120521172638436,0.10097719869706841,0.15960912052117263
NP_417203.1,608,0.13157894736842105,0.10526315789473684,0.08717105263157894,0.16940789473684212
NP_417204.1,203,0.11330049261083744,0.04926108374384237,0.06896551724137931,0.08374384236453201
NP_417205.1,153,0.0784313725490196,0.0457516339869281,0.06535947712418301,0.08496732026143791
NP_417206.1,116,0.07758620689655173,0.0603448275862069,0.06896551724137931,0.10344827586206896
NP_417207.1,290,0.10344827586206896,0.07586206896551724,0.05517241379310345,0.1
NP_417208.1,90,0.06666666666666667,0.1111111111111111,0.13333333333333333,0.07777777777777778
NP_417209.1,373,0.0938337801608579,0.07238605898123325,0.08310991957104558,0.08310991957104558
NP_417210.2,336,0.13988095238095238,0.10714285714285714,0.08333333333333333,0.13095238095238096
NP_417211.1,692,0.07514450867052024,0.05057803468208093,0.06358381502890173,0.13439306358381503
NP_417212.1,117,0.06837606837606838,0.02564102564102564,0.042735042735042736,0.06837606837606838
NP_417213.1,853,0.10668229777256741,0.06096131301289566,0.05158264947245018,0.12661195779601406
NP_417214.1,218,0.05504587155963303,0.07339449541284404,0.03211009174311927,0.10550458715596331
NP_417215.2,255,0.11764705882352941,0.054901960784313725,0.09411764705882353,0.09803921568627451
NP_417216.1,302,0.17549668874172186,0.10596026490066225,0.09602649006622517,0.09271523178807947
NP_417217.1,388,0.12886597938144329,0.09020618556701031,0.08762886597938144,0.09536082474226804
NP_417218.1,212,0.09905660377358491,0.07075471698113207,0.05660377358490566,0.13679245283018868
NP_417219.1,258,0.12403100775193798,0.07364341085271318,0.05813953488372093,0.09689922480620156
NP_417220.1,454,0.1277533039647577,0.11013215859030837,0.09911894273127753,0.14977973568281938
NP_417221.1,330,0.07272727272727272,0.05757575757575758,0.06060606060606061,0.13333333333333333
NP_417222.1,379,0.09762532981530343,0.0870712401055409,0.06860158311345646,0.044854881266490766
NP_417223.1,208,0.09615384615384616,0.07692307692307693,0.09134615384615384,0.11057692307692307
NP_417224.1,253,0.09486166007905138,0.09881422924901186,0.09090909090909091,0.09090909090909091
NP_417225.1,349,0.11461318051575932,0.07449856733524356,0.08022922636103152,0.10888252148997135
NP_417226.1,159,0.12578616352201258,0.12578616352201258,0.05660377358490566,0.10062893081761007
NP_417227.1,236,0.13135593220338984,0.0635593220338983,0.06779661016949153,0.11440677966101695
NP_417228.1,103,0.11650485436893204,0.06796116504854369,0.038834951456310676,0.13592233009708737
NP_417229.1,107,0.06542056074766354,0.07476635514018691,0.08411214953271028,0.14953271028037382
NP_417230.1,201,0.07462686567164178,0.08955223880597014,0.1044776119402985,0.11940298507462686
NP_417231.1,475,0.08210526315789474,0.07578947368421053,0.08210526315789474,0.11368421052631579
NP_417232.1,302,0.06291390728476821,0.06622516556291391,0.04966887417218543,0.08609271523178808
NP_417233.1,345,0.11594202898550725,0.0782608695652174,0.043478260869565216,0.0927536231884058
NP_417234.2,94,0.07446808510638298,0.0851063829787234,0.13829787234042554,0.11702127659574468
NP_417235.1,305,0.11475409836065574,0.08196721311475409,0.08524590163934426,0.09508196721311475
NP_417236.1,199,0.08040201005025126,0.06532663316582915,0.07537688442211055,0.11557788944723618
NP_417237.2,224,0.0625,0.08035714285714286,0.05357142857142857,0.125
NP_417238.1,363,0.11570247933884298,0.06336088154269973,0.06887052341597796,0.08539944903581267
NP_417239.1,160,0.09375,0.04375,0.04375,0.11875
NP_417240.1,502,0.07370517928286853,0.07768924302788845,0.06573705179282868,0.10159362549800798
NP_417241.1,888,0.07995495495495496,0.05855855855855856,0.06306306306306306,0.11261261261261261
NP_417242.1,244,0.0778688524590164,0.06967213114754098,0.05327868852459016,0.13114754098360656
NP_417243.1,570,0.0824561403508772,0.08596491228070176,0.05263157894736842,0.0912280701754386
NP_417244.1,599,0.11853088480801335,0.06010016694490818,0.08514190317195326,0.1018363939899833
NP_417245.1,121,0.06611570247933884,0.06611570247933884,0.0743801652892562,0.09090909090909091
NP_417246.4,423,0.09692671394799054,0.08747044917257683,0.061465721040189124,0.14657210401891252
NP_417247.2,86,0.08139534883720931,0.06976744186046512,0.046511627906976744,0.10465116279069768
NP_417248.1,191,0.09947643979057591,0.05759162303664921,0.08376963350785341,0.1099476439790576
NP_417249.4,286,0.14335664335664336,0.07342657342657342,0.11538461538461539,0.0979020979020979
NP_417250.4,259,0.14671814671814673,0.06563706563706563,0.03861003861003861,0.13513513513513514
NP_417251.2,445,0.10112359550561797,0.0898876404494382,0.08089887640449438,0.1797752808988764
NP_417254.4,261,0.11877394636015326,0.09578544061302682,0.06130268199233716,0.07662835249042145
NP_417255.1,425,0.08235294117647059,0.07764705882352942,0.06588235294117648,0.11294117647058824
NP_417256.1,492,0.08739837398373984,0.08130081300813008,0.06097560975609756,0.08943089430894309
NP_417257.1,223,0.06726457399103139,0.06726457399103139,0.05829596412556054,0.1031390134529148
NP_417258.4,290,0.07241379310344828,0.07931034482758621,0.06551724137931035,0.07586206896551724
NP_417259.1,432,0.13657407407407407,0.1087962962962963,0.05787037037037037,0.06944444444444445
NP_417260.1,545,0.07155963302752294,0.08256880733944955,0.09174311926605505,0.08623853211009175
NP_417261.1,263,0.10266159695817491,0.03802281368821293,0.06844106463878327,0.09125475285171103
NP_417262.1,111,0.08108108108108109,0.09009009009009009,0.10810810810810811,0.07207207207207207
NP_417263.1,82,0.04878048780487805,0.036585365853658534,0.0975609756097561,0.0975609756097561
NP_417264.1,744,0.08736559139784947,0.06720430107526881,0.08198924731182795,0.09543010752688172
NP_417265.1,433,0.09237875288683603,0.06466512702078522,0.08314087759815242,0.11547344110854503
NP_417266.1,918,0.06753812636165578,0.05555555555555555,0.058823529411764705,0.13725490196078433
NP_417267.1,446,0.08968609865470852,0.09865470852017937,0.06726457399103139,0.08744394618834081
NP_417268.1,446,0.10762331838565023,0.09641255605381166,0.07847533632286996,0.09192825112107623
NP_417269.1,450,0.08444444444444445,0.11777777777777777,0.09555555555555556,0.08222222222222222
NP_417270.1,149,0.06711409395973154,0.09395973154362416,0.0738255033557047,0.11409395973154363
NP_417271.1,260,0.06538461538461539,0.08076923076923077,0.06538461538461539,0.12307692307692308
NP_417272.1,109,0.11009174311926606,0.009174311926605505,0.027522935779816515,0.1559633027522936
NP_417273.1,181,0.06629834254143646,0.03867403314917127,0.055248618784530384,0.12154696132596685
NP_417274.1,282,0.03900709219858156,0.05673758865248227,0.05319148936170213,0.1276595744680851
NP_417275.1,454,0.07929515418502203,0.06828193832599119,0.06607929515418502,0.10792951541850221
NP_417276.1,429,0.0979020979020979,0.07459207459207459,0.06993006993006994,0.11421911421911422
NP_417277.1,455,0.11428571428571428,0.08791208791208792,0.09010989010989011,0.08351648351648351
NP_417278.4,251,0.09561752988047809,0.05976095617529881,0.06374501992031872,0.11155378486055777
NP_417279.2,382,0.13612565445026178,0.10209424083769633,0.09424083769633508,0.07329842931937172
NP_417280.1,215,0.10697674418604651,0.06046511627906977,0.06976744186046512,0.11162790697674418
NP_417281.1,438,0.1232876712328767,0.07534246575342465,0.05707762557077625,0.1187214611872146
NP_417282.1,591,0.10829103214890017,0.08967851099830795,0.05922165820642978,0.06937394247038917
NP_417283.2,472,0.1016949152542373,0.07838983050847458,0.057203389830508475,0.11016949152542373
NP_417284.1,140,0.10714285714285714,0.05714285714285714,0.05714285714285714,0.12142857142857143
NP_417285.1,243,0.08641975308641975,0.04938271604938271,0.03292181069958848,0.11934156378600823
NP_417286.1,366,0.08196721311475409,0.06830601092896176,0.08469945355191257,0.08196721311475409
NP_417287.1,131,0.12213740458015267,0.10687022900763359,0.08396946564885496,0.1450381679389313
NP_417288.1,305,0.11475409836065574,0.04590163934426229,0.06229508196721312,0.13442622950819672
NP_417289.2,75,0.08,0.06666666666666667,0.05333333333333334,0.04
NP_417290.1,401,0.14214463840399003,0.07231920199501247,0.08229426433915212,0.11221945137157108
NP_417291.1,147,0.1360544217687075,0.08163265306122448,0.047619047619047616,0.1360544217687075
NP_417292.1,268,0.13432835820895522,0.08955223880597014,0.1044776119402985,0.05970149253731343
NP_417293.1,365,0.08767123287671233,0.11232876712328767,0.06575342465753424,0.06301369863013699
NP_417294.4,417,0.11031175059952038,0.06474820143884892,0.09352517985611511,0.09112709832134293
NP_417295.1,443,0.07674943566591422,0.07674943566591422,0.07223476297968397,0.09706546275395034
NP_417296.1,608,0.12171052631578948,0.06907894736842106,0.054276315789473686,0.12828947368421054
NP_417297.1,1180,0.09915254237288136,0.05423728813559322,0.05254237288135593,0.12203389830508475
NP_417298.1,962,0.10602910602910603,0.04885654885654886,0.06340956340956341,0.0945945945945946
NP_417299.1,1122,0.07575757575757576,0.053475935828877004,0.04723707664884135,0.13725490196078433
NP_417300.1,107,0.06542056074766354,0.06542056074766354,0.07476635514018691,0.102803738317757
NP_417301.4,135,0.08888888888888889,0.06666666666666667,0.07407407407407407,0.14814814814814814
NP_417302.1,187,0.0748663101604278,0.08021390374331551,0.10160427807486631,0.10160427807486631
NP_417303.1,156,0.07051282051282051,0.07692307692307693,0.057692307692307696,0.1282051282051282
NP_417304.1,264,0.04924242424242424,0.06818181818181818,0.04924242424242424,0.10606060606060606
NP_417305.1,291,0.054982817869415807,0.10652920962199312,0.07560137457044673,0.10996563573883161
NP_417306.1,748,0.10695187165775401,0.06417112299465241,0.06684491978609626,0.12967914438502673
NP_417307.1,176,0.045454545454545456,0.06818181818181818,0.09090909090909091,0.056818181818181816
NP_417308.1,229,0.08296943231441048,0.07860262008733625,0.0611353711790393,0.14847161572052403
NP_417309.1,237,0.10126582278481013,0.05907172995780591,0.0759493670886076,0.16455696202531644
NP_417310.1,72,0.08333333333333333,0.08333333333333333,0.08333333333333333,0.041666666666666664
NP_417311.1,346,0.09826589595375723,0.06936416184971098,0.06069364161849711,0.11560693641618497
NP_417312.1,397,0.14357682619647355,0.10831234256926953,0.09571788413098237,0.14357682619647355
NP_417313.1,719,0.07649513212795549,0.07649513212795549,0.08484005563282336,0.10848400556328233
NP_417314.1,343,0.12536443148688048,0.06997084548104957,0.08163265306122448,0.09329446064139942
NP_417315.1,420,0.0880952380952381,0.09047619047619047,0.09047619047619047,0.10476190476190476
NP_417316.1,311,0.09003215434083602,0.04823151125401929,0.09003215434083602,0.14790996784565916
NP_417317.1,230,0.11304347826086956,0.09130434782608696,0.04782608695652174,0.10434782608695652
NP_417318.1,472,0.1059322033898305,0.0826271186440678,0.07627118644067797,0.1271186440677966
NP_417319.1,253,0.11857707509881422,0.10276679841897234,0.06719367588932806,0.09090909090909091
NP_417320.1,278,0.0539568345323741,0.08633093525179857,0.10431654676258993,0.0539568345323741
NP_417321.2,393,0.1450381679389313,0.10432569974554708,0.0916030534351145,0.09669211195928754
NP_417322.1,409,0.08312958435207823,0.05867970660146699,0.08801955990220049,0.12469437652811736
NP_417323.2,210,0.04285714285714286,0.06190476190476191,0.05238095238095238,0.08095238095238096
NP_417324.1,269,0.06691449814126393,0.04460966542750929,0.06319702602230483,0.07063197026022305
NP_417325.4,160,0.05625,0.04375,0.05,0.06875
NP_417326.2,141,0.014184397163120567,0.0,0.10638297872340426,0.0851063829787234
NP_417328.1,163,0.07975460122699386,0.03680981595092025,0.018404907975460124,0.07975460122699386
NP_417329.1,458,0.048034934497816595,0.03711790393013101,0.05021834061135371,0.11790393013100436
NP_417330.1,72,0.06944444444444445,0.027777777777777776,0.041666666666666664,0.027777777777777776
NP_417337.1,301,0.08637873754152824,0.06312292358803986,0.06312292358803986,0.09302325581395349
NP_417338.3,121,0.12396694214876033,0.0743801652892562,0.0743801652892562,0.10743801652892562
NP_417341.4,251,0.0796812749003984,0.11155378486055777,0.06374501992031872,0.07569721115537849
NP_417342.1,752,0.11436170212765957,0.0797872340425532,0.08244680851063829,0.08111702127659574
NP_417343.1,292,0.1404109589041096,0.06506849315068493,0.0410958904109589,0.0958904109589041
NP_417344.1,159,0.09433962264150944,0.1069182389937107,0.050314465408805034,0.1069182389937107
NP_417345.1,592,0.0625,0.06587837837837837,0.07432432432432433,0.11486486486486487
NP_417347.1,398,0.10301507537688442,0.09547738693467336,0.0829145728643216,0.09045226130653267
NP_417348.1,403,0.06947890818858561,0.0967741935483871,0.07692307692307693,0.06451612903225806
NP_417349.4,461,0.0824295010845987,0.08893709327548807,0.06073752711496746,0.09761388286334056
NP_417350.1,310,0.12258064516129032,0.0935483870967742,0.08709677419354839,0.08387096774193549
NP_417351.1,541,0.12014787430683918,0.10166358595194085,0.08872458410351201,0.09426987060998152
NP_417352.2,256,0.08984375,0.0625,0.08203125,0.08984375
NP_417353.1,192,0.07291666666666667,0.057291666666666664,0.036458333333333336,0.09375
NP_417354.1,1032,0.08236434108527131,0.07170542635658915,0.06395348837209303,0.09883720930232558
NP_417355.4,442,0.1085972850678733,0.07692307692307693,0.05203619909502263,0.10180995475113122
NP_417356.1,259,0.1274131274131274,0.06177606177606178,0.0694980694980695,0.11583011583011583
NP_417357.1,956,0.10774058577405858,0.08786610878661087,0.07531380753138076,0.07426778242677824
NP_417358.2,466,0.07510729613733906,0.11802575107296137,0.09656652360515021,0.12660944206008584
NP_417359.1,439,0.06605922551252848,0.07061503416856492,0.05922551252847381,0.1070615034168565
NP_417362.4,162,0.08024691358024691,0.05555555555555555,0.09876543209876543,0.08024691358024691
NP_417363.2,639,0.1111111111111111,0.08450704225352113,0.07355242566510173,0.07198748043818466
NP_417364.2,482,0.06431535269709543,0.1037344398340249,0.0975103734439834,0.12863070539419086
NP_417365.1,182,0.1043956043956044,0.04945054945054945,0.07142857142857142,0.08791208791208792
NP_417366.1,505,0.07920792079207921,0.06930693069306931,0.055445544554455446,0.09504950495049505
NP_417367.1,365,0.07945205479452055,0.0684931506849315,0.06027397260273973,0.0821917808219178
NP_417368.1,577,0.09532062391681109,0.09185441941074524,0.06932409012131716,0.13518197573656845
NP_417369.1,236,0.1059322033898305,0.07627118644067797,0.07627118644067797,0.08050847457627118
NP_417370.1,298,0.087248322147651,0.04697986577181208,0.06040268456375839,0.17114093959731544
NP_417371.1,173,0.05202312138728324,0.09248554913294797,0.046242774566473986,0.12716763005780346
NP_417372.1,135,0.05925925925925926,0.05185185185185185,0.06666666666666667,0.17037037037037037
NP_417373.1,88,0.056818181818181816,0.03409090909090909,0.022727272727272728,0.09090909090909091
NP_417374.1,326,0.12269938650306748,0.06441717791411043,0.06134969325153374,0.11349693251533742
NP_417375.1,219,0.1004566210045662,0.091324200913242,0.0958904109589041,0.1735159817351598
NP_417376.1,103,0.038834951456310676,0.04854368932038835,0.05825242718446602,0.06796116504854369
NP_417377.1,479,0.054279749478079335,0.08768267223382047,0.07933194154488518,0.060542797494780795
NP_417378.1,247,0.12955465587044535,0.10931174089068826,0.09716599190283401,0.08502024291497975
NP_417379.1,957,0.11703239289446186,0.0741901776384535,0.0741901776384535,0.09195402298850575
NP_417380.1,129,0.13178294573643412,0.06201550387596899,0.09302325581395349,0.09302325581395349
NP_417381.1,364,0.1043956043956044,0.09340659340659341,0.07417582417582418,0.08241758241758242
NP_417382.1,400,0.1125,0.08,0.06,0.1275
NP_417383.1,392,0.13520408163265307,0.08928571428571429,0.08418367346938775,0.1096938775510204
NP_417384.1,441,0.07936507936507936,0.07709750566893424,0.07709750566893424,0.08843537414965986
NP_417385.4,192,0.07291666666666667,0.08854166666666667,0.041666666666666664,0.13020833333333334
NP_417386.1,109,0.10091743119266056,0.01834862385321101,0.03669724770642202,0.10091743119266056
NP_417387.3,182,0.054945054945054944,0.054945054945054944,0.09340659340659341,0.12637362637362637
NP_417388.1,410,0.10975609756097561,0.08292682926829269,0.06829268292682927,0.11951219512195121
NP_417389.1,219,0.1095890410958904,0.1187214611872146,0.1095890410958904,0.0730593607305936
NP_417391.1,297,0.08417508417508418,0.04713804713804714,0.0707070707070707,0.15151515151515152
NP_417392.1,714,0.12324929971988796,0.06862745098039216,0.0700280112044818,0.08403361344537816
NP_417393.1,331,0.09365558912386707,0.07854984894259819,0.06646525679758308,0.11178247734138973
NP_417394.4,261,0.07662835249042145,0.06130268199233716,0.08045977011494253,0.0842911877394636
NP_417395.1,492,0.1016260162601626,0.06910569105691057,0.07723577235772358,0.08130081300813008
NP_417396.4,298,0.07046979865771812,0.040268456375838924,0.03691275167785235,0.09060402684563758
NP_417397.1,246,0.15853658536585366,0.044715447154471545,0.08536585365853659,0.07723577235772358
NP_417398.1,211,0.13744075829383887,0.09004739336492891,0.061611374407582936,0.15639810426540285
NP_417399.1,286,0.11538461538461539,0.07692307692307693,0.11188811188811189,0.0979020979020979
NP_417400.1,359,0.08635097493036212,0.08635097493036212,0.08356545961002786,0.07520891364902507
NP_417401.1,387,0.12403100775193798,0.082687338501292,0.09560723514211886,0.10335917312661498
NP_417402.1,339,0.10914454277286136,0.06489675516224189,0.10619469026548672,0.07964601769911504
NP_417403.1,237,0.08016877637130802,0.046413502109704644,0.06751054852320675,0.11392405063291139
NP_417404.1,169,0.09467455621301775,0.029585798816568046,0.05325443786982249,0.1301775147928994
NP_417405.1,321,0.12149532710280374,0.09657320872274143,0.08722741433021806,0.09968847352024922
NP_417408.1,462,0.1038961038961039,0.11904761904761904,0.07575757575757576,0.10822510822510822
NP_417409.1,147,0.09523809523809523,0.061224489795918366,0.027210884353741496,0.12244897959183673
NP_417411.2,252,0.1388888888888889,0.08333333333333333,0.06746031746031746,0.08333333333333333
NP_417412.1,306,0.10784313725490197,0.08496732026143791,0.07516339869281045,0.08823529411764706
NP_417413.1,658,0.07446808510638298,0.07750759878419453,0.07142857142857142,0.10182370820668693
NP_417414.2,43,0.09302325581395349,0.023255813953488372,0.06976744186046512,0.13953488372093023
NP_417415.1,71,0.056338028169014086,0.04225352112676056,0.09859154929577464,0.04225352112676056
NP_417417.1,384,0.09895833333333333,0.08854166666666667,0.07552083333333333,0.07291666666666667
NP_417418.1,464,0.10560344827586207,0.08836206896551724,0.07327586206896551,0.12931034482758622
NP_417419.1,165,0.07272727272727272,0.048484848484848485,0.09090909090909091,0.10909090909090909
NP_417420.1,235,0.11063829787234042,0.08085106382978724,0.07234042553191489,0.03404255319148936
NP_417421.4,243,0.07818930041152264,0.06995884773662552,0.053497942386831275,0.11934156378600823
NP_417422.1,316,0.06962025316455696,0.07911392405063292,0.04746835443037975,0.10443037974683544
NP_417423.4,187,0.08021390374331551,0.06417112299465241,0.053475935828877004,0.11764705882352941
NP_417424.1,138,0.08695652173913043,0.10869565217391304,0.057971014492753624,0.09420289855072464
NP_417425.2,326,0.10122699386503067,0.0705521472392638,0.06441717791411043,0.15337423312883436
NP_417426.1,234,0.13247863247863248,0.05982905982905983,0.05128205128205128,0.09401709401709402
NP_417427.1,188,0.06382978723404255,0.05319148936170213,0.09574468085106383,0.19148936170212766
NP_417428.2,96,0.08333333333333333,0.07291666666666667,0.11458333333333333,0.08333333333333333
NP_417429.1,197,0.116751269035533,0.09644670050761421,0.07614213197969544,0.116751269035533
NP_417430.1,378,0.082010582010582,0.082010582010582,0.042328042328042326,0.12169312169312169
NP_417431.1,335,0.08955223880597014,0.041791044776119404,0.050746268656716415,0.07462686567164178
NP_417432.1,348,0.10919540229885058,0.08620689655172414,0.10632183908045977,0.07471264367816093
NP_417433.1,239,0.08368200836820083,0.07531380753138076,0.07531380753138076,0.09205020920502092
NP_417434.4,108,0.046296296296296294,0.05555555555555555,0.05555555555555555,0.07407407407407407
NP_417435.1,239,0.06276150627615062,0.07531380753138076,0.08786610878661087,0.08786610878661087
NP_417436.1,350,0.1,0.06857142857142857,0.06571428571428571,0.12285714285714286
NP_417437.1,91,0.04395604395604396,0.054945054945054944,0.02197802197802198,0.08791208791208792
NP_417438.2,359,0.07799442896935933,0.06963788300835655,0.06128133704735376,0.07799442896935933
NP_417439.4,418,0.08851674641148326,0.07177033492822966,0.07177033492822966,0.11244019138755981
NP_417440.4,711,0.0970464135021097,0.06891701828410689,0.0759493670886076,0.09985935302390998
NP_417441.1,235,0.13617021276595745,0.0851063829787234,0.06808510638297872,0.16595744680851063
NP_417442.1,178,0.10112359550561797,0.0449438202247191,0.0898876404494382,0.10112359550561797
NP_417445.1,136,0.07352941176470588,0.0661764705882353,0.04411764705882353,0.10294117647058823
NP_417446.4,269,0.10037174721189591,0.08178438661710037,0.07063197026022305,0.15985130111524162
NP_417449.1,560,0.12142857142857143,0.10178571428571428,0.08928571428571429,0.11607142857142858
NP_417450.1,723,0.0995850622406639,0.07053941908713693,0.0636237897648686,0.0954356846473029
NP_417451.1,134,0.1865671641791045,0.09701492537313433,0.09701492537313433,0.07462686567164178
NP_417453.1,499,0.09819639278557114,0.09819639278557114,0.08216432865731463,0.12024048096192384
NP_417454.1,254,0.08661417322834646,0.03937007874015748,0.07480314960629922,0.13385826771653545
NP_417456.2,326,0.08588957055214724,0.049079754601226995,0.03680981595092025,0.09815950920245399
NP_417458.1,252,0.07936507936507936,0.07142857142857142,0.06746031746031746,0.10317460317460317
NP_417459.1,237,0.09282700421940929,0.0759493670886076,0.046413502109704644,0.11814345991561181
NP_417460.1,230,0.1,0.07391304347826087,0.09130434782608696,0.09565217391304348
NP_417461.1,499,0.11022044088176353,0.09018036072144289,0.07615230460921844,0.12625250501002003
NP_417462.1,619,0.06623586429725363,0.07754442649434572,0.0630048465266559,0.10016155088852989
NP_417463.4,288,0.08680555555555555,0.09375,0.0625,0.09027777777777778
NP_417464.1,82,0.10975609756097561,0.08536585365853659,0.10975609756097561,0.0975609756097561
NP_417465.1,113,0.07964601769911504,0.04424778761061947,0.12389380530973451,0.07079646017699115
NP_417466.1,162,0.06172839506172839,0.07407407407407407,0.06172839506172839,0.10493827160493827
NP_417467.1,164,0.0975609756097561,0.07926829268292683,0.07926829268292683,0.1402439024390244
NP_417468.1,567,0.08112874779541446,0.07407407407407407,0.08994708994708994,0.07936507936507936
NP_417469.1,392,0.07397959183673469,0.08928571428571429,0.07653061224489796,0.15816326530612246
NP_417470.1,328,0.06097560975609756,0.09146341463414634,0.07317073170731707,0.09146341463414634
NP_417471.1,372,0.10215053763440861,0.11827956989247312,0.07795698924731183,0.06989247311827956
NP_417472.1,95,0.08421052631578947,0.09473684210526316,0.042105263157894736,0.08421052631578947
NP_417474.1,346,0.08092485549132948,0.08092485549132948,0.03757225433526012,0.1416184971098266
NP_417475.1,164,0.07926829268292683,0.036585365853658534,0.0975609756097561,0.17073170731707318
NP_417476.1,294,0.12244897959183673,0.09183673469387756,0.06462585034013606,0.08163265306122448
NP_417478.1,141,0.0851063829787234,0.0425531914893617,0.09219858156028368,0.09929078014184398
NP_417479.1,244,0.13524590163934427,0.0860655737704918,0.0860655737704918,0.11475409836065574
NP_417481.1,395,0.10886075949367088,0.0759493670886076,0.07341772151898734,0.10126582278481013
NP_417482.1,219,0.1187214611872146,0.0730593607305936,0.0684931506849315,0.1689497716894977
NP_417483.2,318,0.08490566037735849,0.05345911949685535,0.050314465408805034,0.12578616352201258
NP_417484.1,387,0.10852713178294573,0.08785529715762273,0.07751937984496124,0.10335917312661498
NP_417485.4,275,0.06909090909090909,0.07272727272727272,0.06909090909090909,0.10545454545454545
NP_417487.1,85,0.1411764705882353,0.023529411764705882,0.07058823529411765,0.11764705882352941
NP_417489.1,470,0.06382978723404255,0.09148936170212765,0.08723404255319149,0.09787234042553192
NP_417490.1,245,0.07755102040816327,0.06938775510204082,0.08163265306122448,0.08571428571428572
NP_417491.1,752,0.08643617021276596,0.0678191489361702,0.061170212765957445,0.11436170212765957
NP_417492.1,535,0.102803738317757,0.04672897196261682,0.0691588785046729,0.10841121495327102
NP_417493.1,131,0.06870229007633588,0.06870229007633588,0.08396946564885496,0.06870229007633588
NP_417494.1,98,0.030612244897959183,0.05102040816326531,0.10204081632653061,0.10204081632653061
NP_417496.1,130,0.08461538461538462,0.08461538461538462,0.12307692307692308,0.03076923076923077
NP_417497.1,219,0.0776255707762557,0.091324200913242,0.0547945205479452,0.1506849315068493
NP_417498.1,449,0.08463251670378619,0.05790645879732739,0.07349665924276169,0.1447661469933185
NP_417499.1,110,0.045454545454545456,0.05454545454545454,0.03636363636363636,0.14545454545454545
NP_417500.1,193,0.06217616580310881,0.09326424870466321,0.08290155440414508,0.07253886010362694
NP_417501.1,104,0.10576923076923077,0.057692307692307696,0.08653846153846154,0.0673076923076923
NP_417502.1,630,0.07936507936507936,0.0761904761904762,0.08253968253968254,0.10634920634920635
NP_417503.1,193,0.06735751295336788,0.07253886010362694,0.06735751295336788,0.13989637305699482
NP_417504.1,275,0.09818181818181818,0.05818181818181818,0.04363636363636364,0.14545454545454545
NP_417505.1,140,0.08571428571428572,0.014285714285714285,0.05714285714285714,0.08571428571428572
NP_417506.1,209,0.09090909090909091,0.06220095693779904,0.09090909090909091,0.09090909090909091
NP_417507.2,493,0.11561866125760649,0.0486815415821501,0.056795131845841784,0.1075050709939148
NP_417509.3,223,0.15695067264573992,0.09865470852017937,0.03587443946188341,0.03587443946188341
NP_417510.1,386,0.05958549222797927,0.054404145077720206,0.04404145077720207,0.10621761658031088
NP_417511.3,271,0.07011070110701106,0.08487084870848709,0.07380073800738007,0.1070110701107011
NP_417512.1,257,0.13229571984435798,0.11673151750972763,0.06614785992217899,0.16342412451361868
NP_417513.1,217,0.11981566820276497,0.08755760368663594,0.06912442396313365,0.08294930875576037
NP_417514.4,96,0.03125,0.020833333333333332,0.052083333333333336,0.125
NP_417515.1,183,0.08196721311475409,0.08743169398907104,0.08196721311475409,0.07650273224043716
NP_417516.3,121,0.12396694214876033,0.0743801652892562,0.0743801652892562,0.10743801652892562
NP_417517.1,301,0.08637873754152824,0.06312292358803986,0.06312292358803986,0.09302325581395349
NP_417519.4,249,0.04417670682730924,0.04819277108433735,0.06827309236947791,0.06827309236947791
NP_417520.1,354,0.07344632768361582,0.08192090395480225,0.07627118644067797,0.07062146892655367
NP_417521.1,66,0.10606060606060606,0.030303030303030304,0.030303030303030304,0.09090909090909091
NP_417522.1,209,0.07655502392344497,0.07655502392344497,0.04784688995215311,0.15789473684210525
NP_417523.1,553,0.1410488245931284,0.0433996383363472,0.07775768535262206,0.081374321880651
NP_417524.1,477,0.1069182389937107,0.09014675052410902,0.1069182389937107,0.10272536687631027
NP_417525.1,946,0.09302325581395349,0.052854122621564484,0.05391120507399577,0.13424947145877378
NP_417526.1,433,0.11547344110854503,0.06466512702078522,0.06004618937644342,0.12933025404157045
NP_417527.1,206,0.06310679611650485,0.06310679611650485,0.07766990291262135,0.13592233009708737
NP_417528.1,412,0.09466019417475728,0.06796116504854369,0.07766990291262135,0.11165048543689321
NP_417529.1,273,0.09157509157509157,0.0989010989010989,0.08424908424908426,0.13553113553113552
NP_417530.2,122,0.12295081967213115,0.040983606557377046,0.12295081967213115,0.07377049180327869
NP_417531.1,205,0.0975609756097561,0.11707317073170732,0.06829268292682927,0.12195121951219512
NP_417532.1,310,0.06774193548387097,0.05806451612903226,0.06451612903225806,0.12258064516129032
NP_417533.1,303,0.0858085808580858,0.08250825082508251,0.0924092409240924,0.0858085808580858
NP_417534.1,201,0.04975124378109453,0.07960199004975124,0.0945273631840796,0.07960199004975124
NP_417535.1,487,0.10677618069815195,0.08418891170431211,0.07802874743326489,0.1540041067761807
NP_417536.1,337,0.13353115727002968,0.10089020771513353,0.0712166172106825,0.10682492581602374
NP_417537.1,71,0.1267605633802817,0.014084507042253521,0.08450704225352113,0.056338028169014086
NP_417538.1,581,0.07401032702237521,0.07401032702237521,0.04819277108433735,0.12908777969018934
NP_417539.1,613,0.0799347471451876,0.03915171288743882,0.05546492659053834,0.08809135399673736
NP_417540.1,168,0.08333333333333333,0.09523809523809523,0.07738095238095238,0.10714285714285714
NP_417541.1,254,0.09448818897637795,0.06692913385826772,0.07874015748031496,0.08661417322834646
NP_417542.1,207,0.057971014492753624,0.10628019323671498,0.033816425120772944,0.07729468599033816
NP_417543.1,506,0.12450592885375494,0.05533596837944664,0.09090909090909091,0.09090909090909091
NP_417544.5,459,0.11764705882352941,0.08496732026143791,0.06318082788671024,0.11546840958605664
NP_417545.1,110,0.06363636363636363,0.05454545454545454,0.14545454545454545,0.1
NP_417546.1,327,0.0856269113149847,0.07339449541284404,0.06116207951070336,0.09480122324159021
NP_417548.1,149,0.053691275167785234,0.06040268456375839,0.087248322147651,0.04697986577181208
NP_417550.1,356,0.08146067415730338,0.1151685393258427,0.025280898876404494,0.07303370786516854
NP_417551.1,783,0.09067688378033206,0.07535121328224777,0.05747126436781609,0.07918263090676884
NP_417552.1,672,0.10119047619047619,0.09821428571428571,0.07142857142857142,0.09077380952380952
NP_417553.1,138,0.13043478260869565,0.057971014492753624,0.043478260869565216,0.14492753623188406
NP_417554.1,104,0.07692307692307693,0.04807692307692308,0.08653846153846154,0.07692307692307693
NP_417555.4,378,0.0873015873015873,0.05291005291005291,0.06613756613756613,0.12169312169312169
NP_417556.2,167,0.0658682634730539,0.041916167664670656,0.0658682634730539,0.1377245508982036
NP_417557.1,230,0.12173913043478261,0.07391304347826087,0.06956521739130435,0.10869565217391304
NP_417558.2,328,0.10670731707317073,0.04573170731707317,0.08536585365853659,0.10060975609756098
NP_417560.1,414,0.11835748792270531,0.07971014492753623,0.10144927536231885,0.15942028985507245
NP_417561.1,183,0.07103825136612021,0.09836065573770492,0.07650273224043716,0.09836065573770492
NP_417562.1,495,0.09090909090909091,0.09494949494949495,0.07272727272727272,0.09090909090909091
NP_417563.1,470,0.08297872340425531,0.06382978723404255,0.03829787234042553,0.10425531914893617
NP_417564.2,432,0.1412037037037037,0.09027777777777778,0.0787037037037037,0.1087962962962963
NP_417565.2,258,0.10077519379844961,0.031007751937984496,0.06201550387596899,0.08139534883720931
NP_417566.1,220,0.07272727272727272,0.09090909090909091,0.07272727272727272,0.21818181818181817
NP_417567.1,127,0.10236220472440945,0.05511811023622047,0.03937007874015748,0.12598425196850394
NP_417568.2,122,0.14754098360655737,0.02459016393442623,0.02459016393442623,0.09836065573770492
NP_417569.1,101,0.10891089108910891,0.07920792079207921,0.06930693069306931,0.10891089108910891
NP_417570.1,134,0.08208955223880597,0.05970149253731343,0.07462686567164178,0.19402985074626866
NP_417571.1,99,0.0707070707070707,0.050505050505050504,0.06060606060606061,0.13131313131313133
NP_417572.2,130,0.08461538461538462,0.13076923076923078,0.046153846153846156,0.16923076923076924
NP_417573.1,328,0.0701219512195122,0.08231707317073171,0.054878048780487805,0.08536585365853659
NP_417574.1,121,0.049586776859504134,0.09917355371900827,0.05785123966942149,0.1322314049586777
NP_417575.1,118,0.06779661016949153,0.0847457627118644,0.06779661016949153,0.1694915254237288
NP_417576.1,298,0.1174496644295302,0.04697986577181208,0.0738255033557047,0.11409395973154363
NP_417577.1,233,0.10300429184549356,0.07296137339055794,0.04291845493562232,0.13733905579399142
NP_417578.2,54,0.18518518518518517,0.018518518518518517,0.07407407407407407,0.07407407407407407
NP_417583.4,129,0.10077519379844961,0.06201550387596899,0.11627906976744186,0.05426356589147287
NP_417585.2,402,0.09701492537313433,0.09203980099502487,0.07462686567164178,0.09950248756218906
NP_417586.1,443,0.07900677200902935,0.0744920993227991,0.0744920993227991,0.1309255079006772
NP_417587.1,329,0.0851063829787234,0.10030395136778116,0.08814589665653495,0.06382978723404255
NP_417588.1,312,0.057692307692307696,0.057692307692307696,0.09294871794871795,0.10256410256410256
NP_417589.4,72,0.027777777777777776,0.0,0.027777777777777776,0.06944444444444445
NP_417590.2,179,0.05027932960893855,0.027932960893854747,0.061452513966480445,0.0446927374301676
NP_417591.1,395,0.030379746835443037,0.03291139240506329,0.0379746835443038,0.10379746835443038
NP_417593.4,381,0.12860892388451445,0.13123359580052493,0.08136482939632546,0.07349081364829396
NP_417594.3,294,0.15306122448979592,0.09863945578231292,0.08163265306122448,0.09523809523809523
NP_417595.1,256,0.12890625,0.078125,0.08984375,0.078125
NP_417596.1,444,0.09009009009009009,0.09009009009009009,0.08333333333333333,0.12612612612612611
NP_417597.1,523,0.0841300191204589,0.09369024856596558,0.10133843212237094,0.08604206500956023
NP_417598.1,111,0.07207207207207207,0.07207207207207207,0.05405405405405406,0.07207207207207207
NP_417599.1,154,0.07142857142857142,0.06493506493506493,0.06493506493506493,0.07142857142857142
NP_417600.1,269,0.08178438661710037,0.07434944237918216,0.08550185873605948,0.08921933085501858
NP_417601.1,426,0.12206572769953052,0.0539906103286385,0.06103286384976526,0.1056338028169014
NP_417602.4,157,0.10191082802547771,0.07643312101910828,0.14012738853503184,0.09554140127388536
NP_417605.1,384,0.12239583333333333,0.059895833333333336,0.057291666666666664,0.09895833333333333
NP_417606.1,286,0.11188811188811189,0.05944055944055944,0.10139860139860139,0.07692307692307693
NP_417607.1,158,0.03164556962025317,0.08227848101265822,0.11392405063291139,0.06962025316455696
NP_417608.1,267,0.1348314606741573,0.0898876404494382,0.07116104868913857,0.13857677902621723
NP_417609.1,263,0.07604562737642585,0.08745247148288973,0.07224334600760456,0.12167300380228137
NP_417610.1,251,0.06772908366533864,0.07171314741035857,0.06374501992031872,0.15139442231075698
NP_417611.1,194,0.10824742268041238,0.08762886597938144,0.08247422680412371,0.061855670103092786
NP_417612.1,231,0.09523809523809523,0.06060606060606061,0.05627705627705628,0.09956709956709957
NP_417613.1,838,0.06324582338902147,0.07995226730310262,0.0441527446300716,0.07995226730310262
NP_417614.1,363,0.05785123966942149,0.1046831955922865,0.09366391184573003,0.06060606060606061
NP_417615.1,286,0.13286713286713286,0.06643356643356643,0.055944055944055944,0.14335664335664336
NP_417616.1,678,0.12979351032448377,0.06784660766961652,0.058997050147492625,0.09734513274336283
NP_417617.1,131,0.10687022900763359,0.08396946564885496,0.06870229007633588,0.06870229007633588
NP_417618.1,196,0.1377551020408163,0.05612244897959184,0.061224489795918366,0.10204081632653061
NP_417619.1,191,0.13089005235602094,0.07853403141361257,0.12041884816753927,0.08376963350785341
NP_417620.1,346,0.14739884393063585,0.08670520231213873,0.0953757225433526,0.13583815028901733
NP_417621.2,211,0.10426540284360189,0.07109004739336493,0.06635071090047394,0.11374407582938388
NP_417622.2,172,0.0872093023255814,0.06976744186046512,0.0872093023255814,0.0755813953488372
NP_417623.1,147,0.10884353741496598,0.06802721088435375,0.06802721088435375,0.08163265306122448
NP_417624.1,100,0.09,0.08,0.05,0.13
NP_417625.1,167,0.10179640718562874,0.09580838323353294,0.08982035928143713,0.12574850299401197
NP_417626.1,174,0.07471264367816093,0.04597701149425287,0.08620689655172414,0.15517241379310345
NP_417627.1,331,0.12084592145015106,0.05740181268882175,0.06646525679758308,0.09969788519637462
NP_417628.2,292,0.08904109589041095,0.07191780821917808,0.07534246575342465,0.13013698630136986
NP_417629.1,335,0.1044776119402985,0.07164179104477612,0.04477611940298507,0.11940298507462686
NP_417630.1,414,0.10869565217391304,0.09903381642512077,0.08454106280193237,0.1473429951690821
NP_417631.2,629,0.08267090620031796,0.09538950715421304,0.05246422893481717,0.10651828298887123
NP_417632.1,294,0.1054421768707483,0.04421768707482993,0.04081632653061224,0.1598639455782313
NP_417633.4,711,0.10267229254571027,0.08860759493670886,0.09845288326300984,0.07172995780590717
NP_417634.1,89,0.07865168539325842,0.056179775280898875,0.056179775280898875,0.1348314606741573
NP_417635.1,314,0.07643312101910828,0.07961783439490445,0.06687898089171974,0.11146496815286625
NP_417636.1,133,0.07518796992481203,0.05263157894736842,0.09022556390977443,0.09022556390977443
NP_417637.1,890,0.12247191011235956,0.07640449438202247,0.09325842696629214,0.060674157303370786
NP_417638.1,495,0.11717171717171718,0.05656565656565657,0.09090909090909091,0.08686868686868687
NP_417639.6,150,0.07333333333333333,0.06,0.12666666666666668,0.08666666666666667
NP_417640.1,447,0.07829977628635347,0.09619686800894854,0.04697986577181208,0.09619686800894854
NP_417641.4,541,0.08317929759704251,0.04805914972273567,0.07948243992606285,0.10720887245841035
NP_417642.1,110,0.12727272727272726,0.10909090909090909,0.045454545454545456,0.11818181818181818
NP_417643.1,445,0.12359550561797752,0.10786516853932585,0.08089887640449438,0.08764044943820225
NP_417644.4,282,0.10638297872340426,0.07446808510638298,0.0851063829787234,0.09219858156028368
NP_417645.1,644,0.09161490683229814,0.09006211180124224,0.07763975155279502,0.07919254658385093
NP_417646.1,209,0.06698564593301436,0.0861244019138756,0.10526315789473684,0.08133971291866028
NP_417647.1,97,0.061855670103092786,0.061855670103092786,0.09278350515463918,0.14432989690721648
NP_417648.4,158,0.08860759493670886,0.06962025316455696,0.08860759493670886,0.06962025316455696
NP_417649.1,477,0.11320754716981132,0.07756813417190776,0.06918238993710692,0.09224318658280922
NP_417650.1,390,0.07179487179487179,0.10512820512820513,0.07435897435897436,0.08205128205128205
NP_417651.1,321,0.11214953271028037,0.08099688473520249,0.08722741433021806,0.1588785046728972
NP_417652.1,85,0.10588235294117647,0.15294117647058825,0.07058823529411765,0.03529411764705882
NP_417653.1,103,0.06796116504854369,0.11650485436893204,0.13592233009708737,0.02912621359223301
NP_417654.1,323,0.12693498452012383,0.0804953560371517,0.06501547987616099,0.11145510835913312
NP_417655.1,92,0.08695652173913043,0.05434782608695652,0.010869565217391304,0.06521739130434782
NP_417656.1,419,0.11217183770883055,0.0954653937947494,0.09307875894988067,0.09069212410501193
NP_417657.2,84,0.08333333333333333,0.07142857142857142,0.09523809523809523,0.07142857142857142
NP_417658.4,97,0.061855670103092786,0.07216494845360824,0.08247422680412371,0.1958762886597938
NP_417659.1,211,0.10900473933649289,0.052132701421800945,0.04739336492890995,0.0947867298578199
NP_417660.1,183,0.08743169398907104,0.09289617486338798,0.06557377049180328,0.11475409836065574
NP_417661.1,260,0.09615384615384616,0.1,0.11153846153846154,0.1576923076923077
NP_417662.1,269,0.10037174721189591,0.08178438661710037,0.07806691449814127,0.11152416356877323
NP_417663.1,325,0.10153846153846154,0.08307692307692308,0.10153846153846154,0.18461538461538463
NP_417664.1,328,0.0975609756097561,0.09146341463414634,0.09451219512195122,0.10975609756097561
NP_417665.1,188,0.12234042553191489,0.09574468085106383,0.0851063829787234,0.1276595744680851
NP_417666.1,191,0.06282722513089005,0.031413612565445025,0.09947643979057591,0.09424083769633508
NP_417667.1,185,0.06486486486486487,0.08648648648648649,0.0972972972972973,0.07027027027027027
NP_417668.1,241,0.08298755186721991,0.07883817427385892,0.07883817427385892,0.11203319502074689
NP_417669.1,477,0.0649895178197065,0.03773584905660377,0.05450733752620545,0.12368972746331237
NP_417670.1,95,0.09473684210526316,0.05263157894736842,0.08421052631578947,0.09473684210526316
NP_417671.1,163,0.09202453987730061,0.04294478527607362,0.06134969325153374,0.12883435582822086
NP_417672.1,284,0.06338028169014084,0.04225352112676056,0.06338028169014084,0.13028169014084506
NP_417673.1,90,0.13333333333333333,0.06666666666666667,0.06666666666666667,0.1111111111111111
NP_417674.1,210,0.06190476190476191,0.05714285714285714,0.0380952380952381,0.10476190476190476
NP_417675.1,242,0.10330578512396695,0.07024793388429752,0.09090909090909091,0.09917355371900827
NP_417676.2,217,0.1382488479262673,0.07373271889400922,0.08294930875576037,0.10138248847926268
NP_417678.1,309,0.08090614886731391,0.09061488673139159,0.06796116504854369,0.11326860841423948
NP_417679.2,1486,0.0955585464333782,0.0901749663526245,0.06594885598923284,0.09959623149394348
NP_417680.1,472,0.08050847457627118,0.1038135593220339,0.08686440677966102,0.0614406779661017
NP_417681.1,254,0.11811023622047244,0.08661417322834646,0.05905511811023622,0.07480314960629922
NP_417682.1,224,0.04017857142857143,0.04017857142857143,0.08035714285714286,0.09375
NP_417683.1,793,0.07187894073139975,0.0832282471626734,0.0605296343001261,0.07692307692307693
NP_417685.2,326,0.08588957055214724,0.049079754601226995,0.03680981595092025,0.09815950920245399
NP_417686.1,238,0.10504201680672269,0.09663865546218488,0.07563025210084033,0.06722689075630252
NP_417687.1,375,0.08266666666666667,0.05333333333333334,0.04533333333333334,0.12533333333333332
NP_417688.1,154,0.09090909090909091,0.07792207792207792,0.06493506493506493,0.09740259740259741
NP_417689.4,291,0.16838487972508592,0.12371134020618557,0.054982817869415807,0.13058419243986255
NP_417690.1,229,0.1572052401746725,0.06986899563318777,0.07860262008733625,0.09170305676855896
NP_417691.4,496,0.125,0.10685483870967742,0.07862903225806452,0.1310483870967742
NP_417692.1,297,0.08754208754208755,0.09090909090909091,0.08080808080808081,0.11447811447811448
NP_417693.3,263,0.11406844106463879,0.049429657794676805,0.049429657794676805,0.09885931558935361
NP_417694.1,455,0.1054945054945055,0.08131868131868132,0.11428571428571428,0.1076923076923077
NP_417695.1,165,0.09696969696969697,0.06060606060606061,0.09090909090909091,0.09090909090909091
NP_417696.1,212,0.07075471698113207,0.04716981132075472,0.06132075471698113,0.1179245283018868
NP_417697.1,130,0.07692307692307693,0.1,0.07692307692307693,0.06923076923076923
NP_417698.1,142,0.09859154929577464,0.08450704225352113,0.08450704225352113,0.06338028169014084
NP_417699.1,375,0.072,0.056,0.064,0.128
NP_417700.2,132,0.12121212121212122,0.05303030303030303,0.03787878787878788,0.12121212121212122
NP_417701.1,455,0.1076923076923077,0.11208791208791209,0.06593406593406594,0.11208791208791209
NP_417702.1,355,0.08169014084507042,0.10422535211267606,0.08450704225352113,0.09859154929577464
NP_417703.1,312,0.11217948717948718,0.11538461538461539,0.10897435897435898,0.10576923076923077
NP_417704.1,156,0.10256410256410256,0.0641025641025641,0.07051282051282051,0.12179487179487179
NP_417705.2,87,0.1839080459770115,0.05747126436781609,0.06896551724137931,0.05747126436781609
NP_417706.1,90,0.03333333333333333,0.044444444444444446,0.05555555555555555,0.14444444444444443
NP_417707.1,655,0.09618320610687023,0.05648854961832061,0.07022900763358779,0.12366412213740458
NP_417708.1,310,0.10967741935483871,0.05161290322580645,0.1032258064516129,0.08064516129032258
NP_417709.2,67,0.04477611940298507,0.029850746268656716,0.11940298507462686,0.19402985074626866
NP_417710.1,309,0.06796116504854369,0.06796116504854369,0.08737864077669903,0.11650485436893204
NP_417711.1,481,0.08316008316008316,0.12266112266112267,0.09771309771309772,0.10187110187110188
NP_417713.2,489,0.07566462167689161,0.06339468302658487,0.09202453987730061,0.08588957055214724
NP_417714.1,197,0.1065989847715736,0.08121827411167512,0.09137055837563451,0.116751269035533
NP_417715.1,162,0.06790123456790123,0.043209876543209874,0.13580246913580246,0.17901234567901234
NP_417716.1,367,0.1008174386920981,0.07356948228882834,0.08719346049046321,0.11444141689373297
NP_417717.2,347,0.09510086455331412,0.11239193083573487,0.10086455331412104,0.08069164265129683
NP_417718.1,646,0.06191950464396285,0.06346749226006192,0.06811145510835913,0.12848297213622292
NP_417719.1,324,0.1111111111111111,0.10493827160493827,0.09567901234567901,0.09876543209876543
NP_417721.1,156,0.1346153846153846,0.05128205128205128,0.09615384615384616,0.038461538461538464
NP_417722.1,449,0.10022271714922049,0.0957683741648107,0.066815144766147,0.062360801781737196
NP_417723.1,80,0.1375,0.0625,0.0625,0.15
NP_417724.4,483,0.11387163561076605,0.09109730848861283,0.09316770186335403,0.16356107660455488
NP_417725.1,293,0.09897610921501707,0.08191126279863481,0.06143344709897611,0.11945392491467577
NP_417726.1,321,0.11526479750778816,0.06230529595015576,0.06230529595015576,0.08411214953271028
NP_417727.1,98,0.05102040816326531,0.05102040816326531,0.10204081632653061,0.12244897959183673
NP_417728.4,294,0.07142857142857142,0.061224489795918366,0.05102040816326531,0.0782312925170068
NP_417729.1,59,0.03389830508474576,0.0,0.1016949152542373,0.15254237288135594
NP_417730.1,220,0.09090909090909091,0.045454545454545456,0.05454545454545454,0.11818181818181818
NP_417731.1,385,0.11428571428571428,0.06753246753246753,0.09610389610389611,0.07272727272727272
NP_417732.1,1034,0.10444874274661509,0.08027079303675048,0.097678916827853,0.1102514506769826
NP_417733.1,73,0.1643835616438356,0.1095890410958904,0.0684931506849315,0.1095890410958904
NP_417736.2,367,0.08446866485013624,0.07629427792915532,0.07356948228882834,0.1362397820163488
NP_417737.1,252,0.06746031746031746,0.05952380952380952,0.08333333333333333,0.08333333333333333
NP_417738.4,184,0.03260869565217391,0.10869565217391304,0.11413043478260869,0.09239130434782608
NP_417739.1,85,0.07058823529411765,0.047058823529411764,0.03529411764705882,0.08235294117647059
NP_417740.1,272,0.11029411764705882,0.09191176470588236,0.04779411764705882,0.12867647058823528
NP_417741.1,190,0.1,0.06842105263157895,0.09473684210526316,0.1
NP_417743.1,157,0.06369426751592357,0.03184713375796178,0.050955414012738856,0.17197452229299362
NP_417745.1,169,0.07100591715976332,0.047337278106508875,0.08284023668639054,0.11834319526627218
NP_417746.1,315,0.10158730158730159,0.07936507936507936,0.0761904761904762,0.12380952380952381
NP_417747.1,429,0.09324009324009325,0.06293706293706294,0.053613053613053616,0.12354312354312354
NP_417748.1,458,0.10043668122270742,0.06986899563318777,0.10043668122270742,0.0851528384279476
NP_417749.1,136,0.11029411764705882,0.0661764705882353,0.09558823529411764,0.09558823529411764
NP_417751.1,141,0.06382978723404255,0.06382978723404255,0.0425531914893617,0.09929078014184398
NP_417752.1,122,0.08196721311475409,0.06557377049180328,0.01639344262295082,0.18032786885245902
NP_417753.1,127,0.13385826771653545,0.05511811023622047,0.047244094488188976,0.08661417322834646
NP_417754.1,329,0.06990881458966565,0.060790273556231005,0.0911854103343465,0.11550151975683891
NP_417755.1,206,0.08737864077669903,0.07281553398058252,0.07766990291262135,0.10194174757281553
NP_417756.1,129,0.13178294573643412,0.10077519379844961,0.07751937984496124,0.023255813953488372
NP_417757.1,118,0.09322033898305085,0.09322033898305085,0.059322033898305086,0.07627118644067797
NP_417758.1,38,0.05263157894736842,0.05263157894736842,0.13157894736842105,0.02631578947368421
NP_417759.1,443,0.09255079006772009,0.09706546275395034,0.07900677200902935,0.10835214446952596
NP_417760.1,144,0.10416666666666667,0.18055555555555555,0.0625,0.08333333333333333
NP_417761.1,59,0.0847457627118644,0.0847457627118644,0.06779661016949153,0.0847457627118644
NP_417762.1,167,0.11976047904191617,0.12574850299401197,0.11377245508982035,0.05389221556886228
NP_417763.1,117,0.18803418803418803,0.06837606837606838,0.08547008547008547,0.06837606837606838
NP_417764.1,177,0.11299435028248588,0.10734463276836158,0.12429378531073447,0.06779661016949153
NP_417765.1,130,0.1076923076923077,0.08461538461538462,0.09230769230769231,0.07692307692307693
NP_417766.1,101,0.1188118811881188,0.04950495049504951,0.04950495049504951,0.07920792079207921
NP_417767.1,179,0.0893854748603352,0.07262569832402235,0.0670391061452514,0.07262569832402235
NP_417768.1,104,0.08653846153846154,0.09615384615384616,0.125,0.038461538461538464
NP_417769.1,123,0.056910569105691054,0.0975609756097561,0.11382113821138211,0.06504065040650407
NP_417770.1,84,0.023809523809523808,0.047619047619047616,0.14285714285714285,0.05952380952380952
NP_417771.1,63,0.09523809523809523,0.031746031746031744,0.06349206349206349,0.19047619047619047
NP_417772.1,136,0.10294117647058823,0.09558823529411764,0.08088235294117647,0.07352941176470588
NP_417773.1,233,0.10300429184549356,0.0815450643776824,0.0944206008583691,0.055793991416309016
NP_417774.1,110,0.11818181818181818,0.03636363636363636,0.1,0.07272727272727272
NP_417775.1,92,0.06521739130434782,0.07608695652173914,0.07608695652173914,0.07608695652173914
NP_417776.1,273,0.07692307692307693,0.12454212454212454,0.09523809523809523,0.054945054945054944
NP_417777.1,100,0.1,0.06,0.14,0.08
NP_417778.1,201,0.11442786069651742,0.06467661691542288,0.1044776119402985,0.0945273631840796
NP_417779.1,209,0.09090909090909091,0.12440191387559808,0.1339712918660287,0.05263157894736842
NP_417780.1,103,0.08737864077669903,0.038834951456310676,0.08737864077669903,0.0970873786407767
NP_417781.1,139,0.07913669064748201,0.050359712230215826,0.10071942446043165,0.07913669064748201
NP_417782.1,489,0.07566462167689161,0.05930470347648262,0.07770961145194274,0.130879345603272
NP_417783.1,271,0.06642066420664207,0.05904059040590406,0.055350553505535055,0.1070110701107011
NP_417784.4,650,0.07692307692307693,0.07076923076923076,0.09230769230769231,0.1
NP_417785.1,493,0.08519269776876268,0.056795131845841784,0.06490872210953347,0.11561866125760649
NP_417786.1,398,0.07788944723618091,0.052763819095477386,0.06030150753768844,0.1708542713567839
NP_417787.1,145,0.08275862068965517,0.08275862068965517,0.07586206896551724,0.11724137931034483
NP_417788.1,169,0.11242603550295859,0.05325443786982249,0.0650887573964497,0.11834319526627218
NP_417789.4,125,0.056,0.064,0.024,0.112
NP_417790.1,195,0.08205128205128205,0.035897435897435895,0.046153846153846156,0.14358974358974358
NP_417791.1,327,0.08256880733944955,0.03058103975535168,0.04281345565749235,0.13149847094801223
NP_417792.2,387,0.06718346253229975,0.03359173126614987,0.059431524547803614,0.13695090439276486
NP_417793.2,153,0.08496732026143791,0.0457516339869281,0.05228758169934641,0.11764705882352941
NP_417794.1,225,0.1111111111111111,0.08444444444444445,0.07555555555555556,0.17777777777777778
NP_417795.1,158,0.05063291139240506,0.06962025316455696,0.0379746835443038,0.1518987341772152
NP_417796.1,64,0.0625,0.046875,0.078125,0.0625
NP_417797.1,897,0.11036789297658862,0.0758082497212932,0.07357859531772576,0.046822742474916385
NP_417798.1,394,0.06852791878172589,0.10406091370558376,0.09390862944162437,0.07106598984771574
NP_417799.1,704,0.09517045454545454,0.08380681818181818,0.08522727272727272,0.061079545454545456
NP_417800.1,179,0.12290502793296089,0.055865921787709494,0.0893854748603352,0.0893854748603352
NP_417801.1,124,0.07258064516129033,0.08870967741935484,0.12096774193548387,0.06451612903225806
NP_417802.1,95,0.08421052631578947,0.05263157894736842,0.05263157894736842,0.18947368421052632
NP_417803.1,119,0.15126050420168066,0.058823529411764705,0.06722689075630252,0.14285714285714285
NP_417804.1,128,0.15625,0.0859375,0.0859375,0.109375
NP_417805.4,240,0.05416666666666667,0.05,0.07083333333333333,0.10416666666666667
NP_417806.1,270,0.14444444444444443,0.07407407407407407,0.06296296296296296,0.08148148148148149
NP_417807.1,72,0.1111111111111111,0.0,0.027777777777777776,0.1527777777777778
NP_417808.1,196,0.07142857142857142,0.14795918367346939,0.12755102040816327,0.07142857142857142
NP_417809.1,601,0.09816971713810316,0.08652246256239601,0.08818635607321132,0.16139767054908485
NP_417810.1,184,0.10326086956521739,0.05434782608695652,0.05434782608695652,0.11956521739130435
NP_417811.1,637,0.09419152276295134,0.06436420722135008,0.03924646781789639,0.13971742543171115
NP_417812.1,340,0.09411764705882353,0.06764705882352941,0.047058823529411764,0.10882352941176471
NP_417813.1,72,0.027777777777777776,0.041666666666666664,0.08333333333333333,0.125
NP_417814.1,289,0.06228373702422145,0.07958477508650519,0.08304498269896193,0.08650519031141868
NP_417815.1,134,0.11940298507462686,0.06716417910447761,0.11194029850746269,0.08955223880597014
NP_417816.1,210,0.06190476190476191,0.0761904761904762,0.06666666666666667,0.10476190476190476
NP_417817.2,700,0.08857142857142856,0.04857142857142857,0.04857142857142857,0.16428571428571428
NP_417818.1,406,0.12561576354679804,0.09852216748768473,0.0812807881773399,0.07142857142857142
NP_417819.1,187,0.08021390374331551,0.08021390374331551,0.0748663101604278,0.11229946524064172
NP_417820.1,200,0.09,0.085,0.04,0.11
NP_417821.1,55,0.09090909090909091,0.01818181818181818,0.03636363636363636,0.16363636363636364
NP_417822.1,190,0.11578947368421053,0.07368421052631578,0.09473684210526316,0.05789473684210526
NP_417823.1,393,0.089058524173028,0.08396946564885496,0.07888040712468193,0.13231552162849872
NP_417824.1,847,0.08146399055489964,0.09445100354191263,0.06729634002361275,0.09208972845336481
NP_417825.1,108,0.05555555555555555,0.06481481481481481,0.08333333333333333,0.09259259259259259
NP_417827.1,457,0.09846827133479212,0.08971553610503283,0.0787746170678337,0.12035010940919037
NP_417828.1,55,0.10909090909090909,0.09090909090909091,0.05454545454545454,0.09090909090909091
NP_417829.2,445,0.12134831460674157,0.0853932584269663,0.06292134831460675,0.1258426966292135
NP_417830.4,340,0.07647058823529412,0.061764705882352944,0.07941176470588235,0.10294117647058823
NP_417833.1,261,0.13409961685823754,0.09578544061302682,0.06896551724137931,0.06513409961685823
NP_417834.6,243,0.06172839506172839,0.04526748971193416,0.07407407407407407,0.0823045267489712
NP_417835.1,361,0.12742382271468145,0.08033240997229917,0.09695290858725762,0.10803324099722991
NP_417836.1,434,0.11981566820276497,0.07834101382488479,0.10599078341013825,0.1382488479262673
NP_417837.2,117,0.1452991452991453,0.09401709401709402,0.05982905982905983,0.05128205128205128
NP_417838.1,292,0.0684931506849315,0.07534246575342465,0.05821917808219178,0.09931506849315068
NP_417839.1,408,0.08088235294117647,0.09068627450980392,0.10784313725490197,0.09313725490196079
NP_417840.1,387,0.09819121447028424,0.08010335917312661,0.08010335917312661,0.12144702842377261
NP_417841.2,120,0.09166666666666666,0.05,0.08333333333333333,0.15
NP_417843.1,334,0.08982035928143713,0.059880239520958084,0.0748502994011976,0.09281437125748503
NP_417844.1,252,0.1111111111111111,0.08333333333333333,0.07539682539682539,0.11507936507936507
NP_417845.1,225,0.10222222222222223,0.07111111111111111,0.09333333333333334,0.08888888888888889
NP_417846.1,278,0.09352517985611511,0.046762589928057555,0.0683453237410072,0.09352517985611511
NP_417847.1,428,0.11448598130841121,0.04672897196261682,0.0630841121495327,0.053738317757009345
NP_417848.1,362,0.10773480662983426,0.09392265193370165,0.08839779005524862,0.13535911602209943
NP_417850.1,412,0.09223300970873786,0.07281553398058252,0.09223300970873786,0.13106796116504854
NP_417851.4,134,0.05223880597014925,0.11194029850746269,0.05223880597014925,0.09701492537313433
NP_417852.1,146,0.08904109589041095,0.03424657534246575,0.04794520547945205,0.1643835616438356
NP_417853.1,179,0.1005586592178771,0.0335195530726257,0.027932960893854747,0.16759776536312848
NP_417854.4,259,0.12355212355212356,0.05405405405405406,0.04633204633204633,0.1274131274131274
NP_417855.4,850,0.10352941176470588,0.08235294117647059,0.07529411764705882,0.07411764705882352
NP_417856.1,186,0.05913978494623656,0.053763440860215055,0.0967741935483871,0.11290322580645161
NP_417857.1,711,0.08438818565400844,0.05485232067510549,0.053445850914205346,0.13220815752461323
NP_417858.4,222,0.09009009009009009,0.05405405405405406,0.04054054054054054,0.13513513513513514
NP_417859.1,133,0.10526315789473684,0.03759398496240601,0.05263157894736842,0.09774436090225563
NP_417860.2,292,0.07534246575342465,0.06506849315068493,0.07876712328767123,0.11301369863013698
NP_417861.1,574,0.08188153310104529,0.05749128919860627,0.08710801393728224,0.17770034843205576
NP_417862.1,540,0.08333333333333333,0.08703703703703704,0.05925925925925926,0.08518518518518518
NP_417863.1,450,0.08666666666666667,0.07333333333333333,0.07555555555555556,0.11555555555555555
NP_417864.1,239,0.07112970711297072,0.058577405857740586,0.07112970711297072,0.11715481171548117
NP_417866.4,773,0.11513583441138421,0.06597671410090557,0.08020698576972833,0.10090556274256145
NP_417867.1,75,0.06666666666666667,0.05333333333333334,0.09333333333333334,0.13333333333333333
NP_417868.1,773,0.09573091849935317,0.07632600258732213,0.07761966364812418,0.12807244501940493
NP_417869.1,78,0.10256410256410256,0.0641025641025641,0.02564102564102564,0.1282051282051282
NP_417870.1,292,0.08904109589041095,0.0410958904109589,0.03424657534246575,0.1267123287671233
NP_417871.1,256,0.09375,0.0703125,0.08203125,0.14453125
NP_417872.2,227,0.07929515418502203,0.04405286343612335,0.07048458149779736,0.15859030837004406
NP_417873.1,191,0.09424083769633508,0.07853403141361257,0.06282722513089005,0.10471204188481675
NP_417875.1,694,0.09798270893371758,0.069164265129683,0.05763688760806916,0.10662824207492795
NP_417877.1,901,0.10543840177580466,0.04439511653718091,0.038845726970033294,0.146503884572697
NP_417879.1,408,0.10049019607843138,0.07598039215686274,0.07352941176470588,0.07107843137254902
NP_417880.1,532,0.09774436090225563,0.06203007518796992,0.05075187969924812,0.10714285714285714
NP_417883.1,108,0.12037037037037036,0.07407407407407407,0.08333333333333333,0.05555555555555555
NP_417884.1,501,0.08183632734530938,0.08183632734530938,0.059880239520958084,0.10578842315369262
NP_417886.1,815,0.07116564417177915,0.05889570552147239,0.06625766871165645,0.1067484662576687
NP_417887.1,477,0.1069182389937107,0.09224318658280922,0.07337526205450734,0.1278825995807128
NP_417888.1,431,0.07192575406032482,0.06264501160092807,0.08584686774941995,0.08584686774941995
NP_417889.1,657,0.0989345509893455,0.0821917808219178,0.0517503805175038,0.1050228310502283
NP_417890.1,728,0.06593406593406594,0.08379120879120878,0.054945054945054944,0.09340659340659341
NP_417891.1,367,0.08174386920980926,0.09536784741144415,0.07629427792915532,0.11171662125340599
NP_417892.1,197,0.08629441624365482,0.08121827411167512,0.06091370558375635,0.19796954314720813
NP_417894.2,175,0.08,0.06285714285714286,0.08,0.10285714285714286
NP_417896.1,231,0.06926406926406926,0.0735930735930736,0.06926406926406926,0.0735930735930736
NP_417897.1,345,0.0782608695652174,0.06666666666666667,0.08115942028985507,0.0782608695652174
NP_417898.1,162,0.08024691358024691,0.05555555555555555,0.09876543209876543,0.04938271604938271
NP_417899.1,392,0.05102040816326531,0.07908163265306123,0.025510204081632654,0.10204081632653061
NP_417901.1,91,0.07692307692307693,0.0989010989010989,0.054945054945054944,0.054945054945054944
NP_417902.1,167,0.03592814371257485,0.0658682634730539,0.0718562874251497,0.10778443113772455
NP_417903.1,94,0.11702127659574468,0.07446808510638298,0.02127659574468085,0.09574468085106383
NP_417904.1,580,0.11206896551724138,0.09655172413793103,0.07586206896551724,0.07586206896551724
NP_417905.1,146,0.02054794520547945,0.0547945205479452,0.0136986301369863,0.11643835616438356
NP_417906.1,247,0.10121457489878542,0.08502024291497975,0.048582995951417005,0.12955465587044535
NP_417907.2,356,0.07865168539325842,0.10112359550561797,0.08146067415730338,0.11797752808988764
NP_417908.1,281,0.08896797153024912,0.0498220640569395,0.09252669039145907,0.13167259786476868
NP_417909.1,295,0.09830508474576272,0.05084745762711865,0.10508474576271186,0.11864406779661017
NP_417910.1,438,0.10730593607305935,0.0821917808219178,0.045662100456621,0.07534246575342465
NP_417911.4,237,0.08860759493670886,0.09282700421940929,0.06329113924050633,0.11392405063291139
NP_417912.1,255,0.07058823529411765,0.08235294117647059,0.058823529411764705,0.1450980392156863
NP_417913.1,425,0.1011764705882353,0.10352941176470588,0.08470588235294117,0.1623529411764706
NP_417914.1,308,0.12012987012987013,0.10714285714285714,0.08766233766233766,0.10714285714285714
NP_417915.1,369,0.12737127371273713,0.10569105691056911,0.06233062330623306,0.06233062330623306
NP_417916.1,127,0.07874015748031496,0.07874015748031496,0.07874015748031496,0.10236220472440945
NP_417918.1,284,0.11619718309859155,0.04225352112676056,0.06338028169014084,0.10211267605633803
NP_417919.1,352,0.09659090909090909,0.08238636363636363,0.09375,0.12215909090909091
NP_417920.1,222,0.07657657657657657,0.10810810810810811,0.06756756756756757,0.11711711711711711
NP_417921.1,497,0.12474849094567404,0.060362173038229376,0.0925553319919517,0.0744466800804829
NP_417922.1,198,0.10606060606060606,0.08585858585858586,0.0707070707070707,0.1111111111111111
NP_417923.1,89,0.0449438202247191,0.056179775280898875,0.0898876404494382,0.19101123595505617
NP_417924.1,119,0.06722689075630252,0.06722689075630252,0.08403361344537816,0.058823529411764705
NP_417925.1,208,0.1201923076923077,0.04807692307692308,0.052884615384615384,0.20673076923076922
NP_417926.1,732,0.16256830601092895,0.08060109289617487,0.07513661202185792,0.12431693989071038
NP_417927.1,81,0.04938271604938271,0.07407407407407407,0.04938271604938271,0.1111111111111111
NP_417928.1,221,0.1085972850678733,0.04072398190045249,0.06787330316742081,0.14027149321266968
NP_417929.4,185,0.0972972972972973,0.07567567567567568,0.07567567567567568,0.10810810810810811
NP_417930.2,405,0.12839506172839507,0.1259259259259259,0.1037037037037037,0.15555555555555556
NP_417931.4,349,0.07449856733524356,0.07163323782234957,0.11461318051575932,0.18051575931232092
NP_417932.1,195,0.08717948717948718,0.06153846153846154,0.06153846153846154,0.11282051282051282
NP_417933.1,524,0.10687022900763359,0.04770992366412214,0.04961832061068702,0.09923664122137404
NP_417934.1,314,0.10509554140127389,0.06369426751592357,0.07643312101910828,0.16560509554140126
NP_417935.1,277,0.10469314079422383,0.07942238267148015,0.08664259927797834,0.1624548736462094
NP_417936.1,254,0.13385826771653545,0.07874015748031496,0.07874015748031496,0.12992125984251968
NP_417937.1,268,0.07835820895522388,0.06716417910447761,0.08955223880597014,0.15298507462686567
NP_417938.1,133,0.07518796992481203,0.05263157894736842,0.07518796992481203,0.11278195488721804
NP_417940.2,127,0.06299212598425197,0.07086614173228346,0.07874015748031496,0.05511811023622047
NP_417941.1,378,0.07142857142857142,0.05555555555555555,0.05026455026455026,0.07936507936507936
NP_417942.6,374,0.0748663101604278,0.07754010695187166,0.07754010695187166,0.12299465240641712
NP_417944.1,355,0.16338028169014085,0.04788732394366197,0.09014084507042254,0.09859154929577464
NP_417945.1,540,0.04814814814814815,0.06296296296296296,0.05185185185185185,0.07222222222222222
NP_417948.4,350,0.1,0.08571428571428572,0.08,0.13714285714285715
NP_417949.1,400,0.08,0.0975,0.075,0.1225
NP_417950.1,499,0.11022044088176353,0.09418837675350701,0.08216432865731463,0.1342685370741483
NP_417951.1,111,0.06306306306306306,0.04504504504504504,0.11711711711711711,0.12612612612612611
NP_417952.1,144,0.0625,0.04861111111111111,0.10416666666666667,0.11805555555555555
NP_417953.1,489,0.09202453987730061,0.08793456032719836,0.09202453987730061,0.1411042944785276
NP_417954.1,250,0.116,0.1,0.1,0.124
NP_417955.1,680,0.09705882352941177,0.0661764705882353,0.051470588235294115,0.11323529411764706
NP_417956.1,280,0.075,0.06428571428571428,0.05714285714285714,0.12142857142857143
NP_417957.1,450,0.09777777777777778,0.09777777777777778,0.08888888888888889,0.06
NP_417958.1,117,0.07692307692307693,0.042735042735042736,0.042735042735042736,0.17094017094017094
NP_417959.4,429,0.1258741258741259,0.09324009324009325,0.10722610722610723,0.1585081585081585
NP_417960.1,141,0.04964539007092199,0.05673758865248227,0.06382978723404255,0.11347517730496454
NP_417962.2,326,0.08588957055214724,0.049079754601226995,0.03680981595092025,0.09815950920245399
NP_417963.4,188,0.05851063829787234,0.09042553191489362,0.0851063829787234,0.09574468085106383
NP_417964.1,176,0.03409090909090909,0.017045454545454544,0.09090909090909091,0.09659090909090909
NP_417965.1,215,0.08372093023255814,0.10697674418604651,0.09767441860465116,0.12558139534883722
NP_417966.4,108,0.1111111111111111,0.027777777777777776,0.05555555555555555,0.09259259259259259
NP_417967.1,110,0.12727272727272726,0.05454545454545454,0.10909090909090909,0.08181818181818182
NP_417968.1,190,0.09473684210526316,0.07368421052631578,0.1,0.15263157894736842
NP_417969.1,175,0.02857142857142857,0.022857142857142857,0.02857142857142857,0.12
NP_417970.1,385,0.0987012987012987,0.07012987012987013,0.0987012987012987,0.09350649350649351
NP_417971.1,1037,0.11089681774349083,0.07328833172613308,0.09257473481195758,0.10414657666345227
NP_417972.1,242,0.0371900826446281,0.024793388429752067,0.03305785123966942,0.1322314049586777
NP_417973.1,274,0.072992700729927,0.0364963503649635,0.072992700729927,0.12773722627737227
NP_417974.1,466,0.08798283261802575,0.07725321888412018,0.05150214592274678,0.08798283261802575
NP_417975.1,465,0.0989247311827957,0.07741935483870968,0.060215053763440864,0.08602150537634409
NP_417976.1,549,0.07468123861566485,0.06375227686703097,0.04189435336976321,0.10564663023679417
NP_417977.1,200,0.08,0.05,0.07,0.105
NP_417978.2,299,0.07023411371237458,0.07692307692307693,0.06354515050167224,0.14381270903010032
NP_417979.1,337,0.09792284866468842,0.05341246290801187,0.050445103857566766,0.11572700296735905
NP_417980.1,440,0.12045454545454545,0.09772727272727273,0.07727272727272727,0.15
NP_417981.2,686,0.08892128279883382,0.09620991253644315,0.06559766763848396,0.11078717201166181
NP_417982.2,255,0.06666666666666667,0.0392156862745098,0.06274509803921569,0.12156862745098039
NP_417983.2,309,0.11003236245954692,0.0744336569579288,0.07119741100323625,0.09385113268608414
NP_417984.1,498,0.10642570281124498,0.04618473895582329,0.05622489959839357,0.12449799196787148
NP_417985.1,428,0.102803738317757,0.09813084112149532,0.10046728971962617,0.12149532710280374
NP_417986.4,662,0.09063444108761329,0.04380664652567976,0.0755287009063444,0.1419939577039275
NP_417988.1,368,0.09510869565217392,0.07336956521739131,0.051630434782608696,0.09239130434782608
NP_417989.1,779,0.07830551989730423,0.06290115532734275,0.08087291399229782,0.09884467265725289
NP_417990.4,872,0.07339449541284404,0.06307339449541284,0.07339449541284404,0.11697247706422019
NP_417992.1,62,0.14516129032258066,0.016129032258064516,0.016129032258064516,0.11290322580645161
NP_417993.1,523,0.07265774378585087,0.045889101338432124,0.05927342256214149,0.12237093690248566
NP_417994.2,63,0.09523809523809523,0.031746031746031744,0.047619047619047616,0.1111111111111111
NP_417995.1,559,0.08050089445438283,0.07513416815742398,0.07155635062611806,0.11270125223613596
NP_417996.1,423,0.0851063829787234,0.05673758865248227,0.0851063829787234,0.13002364066193853
NP_417997.1,334,0.059880239520958084,0.0718562874251497,0.0658682634730539,0.12275449101796407
NP_417998.1,327,0.10397553516819572,0.07033639143730887,0.07339449541284404,0.10703363914373089
NP_417999.1,300,0.12,0.08333333333333333,0.11,0.15333333333333332
NP_418000.1,339,0.07374631268436578,0.09144542772861357,0.10619469026548672,0.13274336283185842
NP_418001.1,535,0.08411214953271028,0.06355140186915888,0.07663551401869159,0.07289719626168224
NP_418002.2,563,0.08348134991119005,0.06216696269982238,0.07104795737122557,0.09769094138543517
NP_418003.1,402,0.1044776119402985,0.09950248756218906,0.08208955223880597,0.14427860696517414
NP_418004.4,232,0.08189655172413793,0.06465517241379311,0.05603448275862069,0.09482758620689655
NP_418005.1,187,0.0748663101604278,0.06951871657754011,0.08021390374331551,0.058823529411764705
NP_418006.1,146,0.0958904109589041,0.04794520547945205,0.0684931506849315,0.0958904109589041
NP_418007.3,777,0.10424710424710425,0.09009009009009009,0.05791505791505792,0.08236808236808237
NP_418009.2,324,0.12345679012345678,0.05864197530864197,0.08641975308641975,0.1111111111111111
NP_418010.2,236,0.1228813559322034,0.05508474576271186,0.08050847457627118,0.08898305084745763
NP_418011.1,96,0.052083333333333336,0.03125,0.0625,0.125
NP_418012.1,70,0.07142857142857142,0.14285714285714285,0.07142857142857142,0.02857142857142857
NP_418014.1,173,0.09826589595375723,0.057803468208092484,0.07514450867052024,0.09826589595375723
NP_418015.1,283,0.045936395759717315,0.04240282685512368,0.06713780918727916,0.0989399293286219
NP_418016.1,689,0.12336719883889695,0.055152394775036286,0.07402031930333818,0.11030478955007257
NP_418017.1,303,0.066006600660066,0.07260726072607261,0.0594059405940594,0.10231023102310231
NP_418018.1,331,0.07854984894259819,0.0634441087613293,0.06646525679758308,0.1419939577039275
NP_418019.4,145,0.08275862068965517,0.07586206896551724,0.08275862068965517,0.12413793103448276
NP_418020.2,113,0.07964601769911504,0.08849557522123894,0.08849557522123894,0.168141592920354
NP_418021.1,484,0.12396694214876033,0.08677685950413223,0.06818181818181818,0.11983471074380166
NP_418022.1,440,0.1,0.08636363636363636,0.05227272727272727,0.09545454545454546
NP_418023.1,330,0.10303030303030303,0.07575757575757576,0.08787878787878788,0.09393939393939393
NP_418024.1,513,0.06627680311890838,0.08382066276803118,0.06432748538011696,0.11695906432748537
NP_418025.1,393,0.12468193384223919,0.12213740458015267,0.08396946564885496,0.13231552162849872
NP_418026.1,392,0.08673469387755102,0.05102040816326531,0.07908163265306123,0.09183673469387756
NP_418028.1,676,0.09171597633136094,0.08727810650887574,0.04437869822485207,0.08875739644970414
NP_418030.1,157,0.11464968152866242,0.03184713375796178,0.08280254777070063,0.03184713375796178
NP_418031.1,282,0.09219858156028368,0.07446808510638298,0.0425531914893617,0.1099290780141844
NP_418032.1,332,0.0963855421686747,0.08734939759036145,0.0572289156626506,0.06927710843373494
NP_418033.1,155,0.08387096774193549,0.05161290322580645,0.06451612903225806,0.06451612903225806
NP_418034.1,157,0.09554140127388536,0.044585987261146494,0.07006369426751592,0.1592356687898089
NP_418036.1,328,0.10365853658536585,0.0701219512195122,0.07317073170731707,0.10365853658536585
NP_418037.1,498,0.08634538152610442,0.10240963855421686,0.060240963855421686,0.11044176706827309
NP_418038.1,220,0.17272727272727273,0.1,0.045454545454545456,0.1
NP_418039.2,286,0.1048951048951049,0.06643356643356643,0.06293706293706294,0.08041958041958042
NP_418040.1,231,0.12121212121212122,0.0735930735930736,0.08225108225108226,0.07792207792207792
NP_418041.1,246,0.1016260162601626,0.06504065040650407,0.056910569105691054,0.08536585365853659
NP_418042.1,324,0.07716049382716049,0.033950617283950615,0.06481481481481481,0.09876543209876543
NP_418043.1,378,0.1164021164021164,0.05026455026455026,0.08994708994708994,0.09788359788359788
NP_418044.1,107,0.08411214953271028,0.056074766355140186,0.06542056074766354,0.12149532710280374
NP_418045.4,512,0.09765625,0.09375,0.068359375,0.095703125
NP_418047.1,614,0.10912052117263844,0.0749185667752443,0.06188925081433225,0.12052117263843648
NP_418048.1,463,0.11663066954643629,0.06695464362850972,0.07127429805615551,0.1468682505399568
NP_418049.1,202,0.0891089108910891,0.054455445544554455,0.0891089108910891,0.12376237623762376
NP_418050.1,1377,0.06608569353667393,0.08569353667392883,0.04647785039941903,0.09295570079883805
NP_418051.1,280,0.07857142857142857,0.03214285714285714,0.05,0.09642857142857143
NP_418053.1,153,0.058823529411764705,0.0392156862745098,0.026143790849673203,0.10457516339869281
NP_418054.1,378,0.09523809523809523,0.05291005291005291,0.10317460317460317,0.11375661375661375
NP_418055.1,120,0.10833333333333334,0.041666666666666664,0.05,0.1
NP_418056.1,637,0.10047095761381476,0.10518053375196232,0.07849293563579278,0.10518053375196232
NP_418057.1,382,0.12303664921465969,0.08115183246073299,0.0968586387434555,0.09424083769633508
NP_418058.1,195,0.08717948717948718,0.046153846153846156,0.07179487179487179,0.14871794871794872
NP_418059.1,120,0.10833333333333334,0.041666666666666664,0.058333333333333334,0.10833333333333334
NP_418060.1,551,0.12885662431941924,0.08166969147005444,0.08166969147005444,0.12522686025408347
NP_418061.1,258,0.12015503875968993,0.04263565891472868,0.05813953488372093,0.09689922480620156
NP_418062.1,396,0.13636363636363635,0.09090909090909091,0.06313131313131314,0.10858585858585859
NP_418063.1,157,0.09554140127388536,0.06369426751592357,0.05732484076433121,0.10191082802547771
NP_418064.1,273,0.11721611721611722,0.09523809523809523,0.07326007326007326,0.07692307692307693
NP_418065.1,339,0.12389380530973451,0.10029498525073746,0.06784660766961652,0.11209439528023599
NP_418066.1,155,0.09032258064516129,0.05806451612903226,0.06451612903225806,0.07741935483870968
NP_418067.1,83,0.0963855421686747,0.08433734939759036,0.03614457831325301,0.0963855421686747
NP_418068.1,143,0.09090909090909091,0.08391608391608392,0.11888111888111888,0.0979020979020979
NP_418069.1,514,0.1264591439688716,0.07782101167315175,0.08365758754863813,0.07587548638132295
NP_418070.6,419,0.1288782816229117,0.07875894988066826,0.045346062052505964,0.09785202863961814
NP_418071.4,319,0.10031347962382445,0.0438871473354232,0.08150470219435736,0.08463949843260188
NP_418072.1,344,0.06686046511627906,0.040697674418604654,0.06395348837209303,0.08430232558139535
NP_418073.1,341,0.07624633431085044,0.11143695014662756,0.08504398826979472,0.06744868035190615
NP_418074.1,398,0.1407035175879397,0.09296482412060302,0.0678391959798995,0.0829145728643216
NP_418075.2,285,0.042105263157894736,0.056140350877192984,0.06315789473684211,0.08070175438596491
NP_418076.1,310,0.08064516129032258,0.09032258064516129,0.06451612903225806,0.07741935483870968
NP_418077.1,348,0.10344827586206896,0.06896551724137931,0.05459770114942529,0.11781609195402298
NP_418078.1,319,0.12539184952978055,0.06583072100313479,0.07523510971786834,0.10031347962382445
NP_418079.1,419,0.07637231503579953,0.045346062052505964,0.0477326968973747,0.15274463007159905
NP_418080.1,357,0.025210084033613446,0.03361344537815126,0.04481792717086835,0.10644257703081232
NP_418081.1,283,0.038869257950530034,0.03180212014134275,0.053003533568904596,0.09187279151943463
NP_418082.1,232,0.03017241379310345,0.05172413793103448,0.05172413793103448,0.10344827586206896
NP_418083.1,338,0.06804733727810651,0.04142011834319527,0.06804733727810651,0.1242603550295858
NP_418084.1,339,0.07964601769911504,0.04129793510324484,0.038348082595870206,0.08849557522123894
NP_418085.2,359,0.06406685236768803,0.07242339832869081,0.055710306406685235,0.06963788300835655
NP_418086.1,311,0.022508038585209004,0.03858520900321544,0.03536977491961415,0.08038585209003216
NP_418087.1,265,0.05660377358490566,0.06037735849056604,0.052830188679245285,0.12452830188679245
NP_418088.1,374,0.10695187165775401,0.06417112299465241,0.06417112299465241,0.09358288770053476
NP_418089.1,344,0.08430232558139535,0.055232558139534885,0.061046511627906974,0.10174418604651163
NP_418090.1,425,0.10352941176470588,0.06352941176470588,0.07764705882352942,0.1411764705882353
NP_418091.1,159,0.11949685534591195,0.03773584905660377,0.08176100628930817,0.09433962264150944
NP_418092.1,269,0.06319702602230483,0.07806691449814127,0.07063197026022305,0.13011152416356878
NP_418093.1,55,0.05454545454545454,0.05454545454545454,0.07272727272727272,0.05454545454545454
NP_418094.1,78,0.0641025641025641,0.0641025641025641,0.10256410256410256,0.07692307692307693
NP_418095.4,222,0.06306306306306306,0.06756756756756757,0.05405405405405406,0.12612612612612611
NP_418096.4,406,0.14532019704433496,0.0665024630541872,0.08866995073891626,0.09852216748768473
NP_418097.2,152,0.07894736842105263,0.11842105263157894,0.07236842105263158,0.10526315789473684
NP_418098.4,198,0.08080808080808081,0.050505050505050504,0.025252525252525252,0.14646464646464646
NP_418099.1,213,0.107981220657277,0.0892018779342723,0.056338028169014086,0.107981220657277
NP_418101.1,287,0.09407665505226481,0.03484320557491289,0.07665505226480836,0.11149825783972125
NP_418102.2,274,0.09124087591240876,0.06569343065693431,0.04744525547445255,0.09124087591240876
NP_418103.4,205,0.11707317073170732,0.0975609756097561,0.13170731707317074,0.13170731707317074
NP_418104.2,560,0.09107142857142857,0.07321428571428572,0.08392857142857142,0.0875
NP_418105.1,207,0.09178743961352658,0.05314009661835749,0.057971014492753624,0.08695652173913043
NP_418106.1,91,0.12087912087912088,0.054945054945054944,0.10989010989010989,0.07692307692307693
NP_418107.1,702,0.0868945868945869,0.05698005698005698,0.06552706552706553,0.08974358974358974
NP_418108.1,229,0.12663755458515283,0.06550218340611354,0.07423580786026202,0.07423580786026202
NP_418109.1,693,0.1111111111111111,0.0707070707070707,0.06204906204906205,0.1370851370851371
NP_418110.1,401,0.1172069825436409,0.10224438902743142,0.09725685785536159,0.16209476309226933
NP_418111.1,463,0.09935205183585313,0.09287257019438445,0.08855291576673865,0.1468682505399568
NP_418112.1,569,0.08963093145869948,0.07381370826010544,0.061511423550087874,0.12126537785588752
NP_418113.1,772,0.06217616580310881,0.08419689119170984,0.07512953367875648,0.08419689119170984
NP_418114.4,460,0.08695652173913043,0.08260869565217391,0.08260869565217391,0.1108695652173913
NP_418115.1,394,0.10406091370558376,0.06852791878172589,0.05583756345177665,0.14720812182741116
NP_418116.1,307,0.08794788273615635,0.0749185667752443,0.06514657980456026,0.16938110749185667
NP_418117.1,272,0.09926470588235294,0.07720588235294118,0.08455882352941177,0.11397058823529412
NP_418118.2,396,0.12626262626262627,0.08333333333333333,0.09090909090909091,0.14393939393939395
NP_418119.2,150,0.1,0.04666666666666667,0.09333333333333334,0.12
NP_418120.2,444,0.08333333333333333,0.10585585585585586,0.11486486486486487,0.11036036036036036
NP_418121.1,588,0.11054421768707483,0.08163265306122448,0.0663265306122449,0.1054421768707483
NP_418122.1,463,0.09503239740820735,0.11231101511879049,0.06047516198704104,0.12095032397408208
NP_418123.2,439,0.12984054669703873,0.10022779043280182,0.06605922551252848,0.1275626423690205
NP_418124.4,500,0.078,0.074,0.056,0.2
NP_418125.1,196,0.11224489795918367,0.09183673469387756,0.08163265306122448,0.1326530612244898
NP_418126.1,96,0.03125,0.03125,0.10416666666666667,0.09375
NP_418127.1,562,0.12633451957295375,0.0800711743772242,0.060498220640569395,0.08362989323843416
NP_418128.1,32,0.15625,0.03125,0.28125,0.09375
NP_418129.2,394,0.10152284263959391,0.1065989847715736,0.07868020304568528,0.1700507614213198
NP_418130.1,165,0.08484848484848485,0.03636363636363636,0.048484848484848485,0.09090909090909091
NP_418131.1,120,0.10833333333333334,0.041666666666666664,0.06666666666666667,0.13333333333333333
NP_418132.1,115,0.11304347826086956,0.0782608695652174,0.06086956521739131,0.20869565217391303
NP_418133.1,149,0.09395973154362416,0.1342281879194631,0.04697986577181208,0.12080536912751678
NP_418134.1,497,0.06639839034205232,0.06237424547283702,0.052313883299798795,0.07042253521126761
NP_418135.1,571,0.09457092819614711,0.09281961471103327,0.0893169877408056,0.1243432574430823
NP_418136.2,297,0.0707070707070707,0.04713804713804714,0.050505050505050504,0.10101010101010101
NP_418139.1,238,0.058823529411764705,0.05042016806722689,0.07142857142857142,0.13865546218487396
NP_418140.4,553,0.0759493670886076,0.11392405063291139,0.09945750452079566,0.14647377938517178
NP_418141.2,142,0.07746478873239436,0.056338028169014086,0.02112676056338028,0.11971830985915492
NP_418142.1,137,0.08759124087591241,0.058394160583941604,0.058394160583941604,0.10218978102189781
NP_418143.2,110,0.09090909090909091,0.08181818181818182,0.06363636363636363,0.08181818181818182
NP_418144.3,415,0.06987951807228916,0.0891566265060241,0.0891566265060241,0.06506024096385542
NP_418145.2,354,0.08757062146892655,0.06497175141242938,0.05649717514124294,0.08192090395480225
NP_418146.4,430,0.09767441860465116,0.10930232558139535,0.08372093023255814,0.11395348837209303
NP_418148.1,292,0.11986301369863013,0.08561643835616438,0.0821917808219178,0.0958904109589041
NP_418152.1,270,0.11481481481481481,0.05555555555555555,0.08888888888888889,0.08518518518518518
NP_418153.4,132,0.08333333333333333,0.12878787878787878,0.06060606060606061,0.16666666666666666
NP_418155.1,357,0.08683473389355742,0.07563025210084033,0.036414565826330535,0.12044817927170869
NP_418156.1,366,0.07650273224043716,0.06830601092896176,0.08469945355191257,0.11748633879781421
NP_418157.1,467,0.10706638115631692,0.04925053533190578,0.06423982869379015,0.10278372591006424
NP_418158.1,46,0.10869565217391304,0.06521739130434782,0.06521739130434782,0.06521739130434782
NP_418159.1,119,0.08403361344537816,0.05042016806722689,0.06722689075630252,0.13445378151260504
NP_418161.1,548,0.07481751824817519,0.06934306569343066,0.05474452554744526,0.10036496350364964
NP_418162.1,454,0.11894273127753303,0.09030837004405286,0.05506607929515418,0.1211453744493392
NP_418163.1,24,0.0,0.0,0.08333333333333333,0.041666666666666664
NP_418164.4,471,0.09341825902335456,0.07855626326963906,0.06581740976645435,0.07643312101910828
NP_418165.1,415,0.08433734939759036,0.0963855421686747,0.07228915662650602,0.12048192771084337
NP_418166.1,391,0.13554987212276215,0.07672634271099744,0.08184143222506395,0.14066496163682865
NP_418167.1,319,0.06896551724137931,0.018808777429467086,0.04075235109717868,0.16300940438871472
NP_418168.2,249,0.07630522088353414,0.060240963855421686,0.060240963855421686,0.12048192771084337
NP_418169.1,188,0.0797872340425532,0.09042553191489362,0.09574468085106383,0.10106382978723404
NP_418170.1,445,0.09213483146067415,0.1101123595505618,0.11685393258426967,0.11685393258426967
NP_418171.1,221,0.09502262443438914,0.058823529411764705,0.08597285067873303,0.07692307692307693
NP_418172.1,155,0.06451612903225806,0.09032258064516129,0.10967741935483871,0.14838709677419354
NP_418173.1,195,0.05128205128205128,0.08717948717948718,0.041025641025641026,0.07179487179487179
NP_418175.3,389,0.09511568123393316,0.07712082262210797,0.08740359897172237,0.06940874035989718
NP_418176.1,538,0.08178438661710037,0.08364312267657993,0.05204460966542751,0.05947955390334572
NP_418177.1,470,0.08297872340425531,0.08297872340425531,0.0574468085106383,0.07872340425531915
NP_418178.1,625,0.1008,0.1008,0.0848,0.1088
NP_418179.1,278,0.05755395683453238,0.046762589928057555,0.05755395683453238,0.11870503597122302
NP_418180.1,241,0.07053941908713693,0.04979253112033195,0.07053941908713693,0.08713692946058091
NP_418181.1,257,0.07392996108949416,0.0622568093385214,0.042801556420233464,0.10505836575875487
NP_418182.1,296,0.12837837837837837,0.07094594594594594,0.060810810810810814,0.13851351351351351
NP_418183.1,319,0.11912225705329153,0.09717868338557993,0.07210031347962383,0.12225705329153605
NP_418184.1,346,0.11560693641618497,0.09826589595375723,0.07803468208092486,0.07225433526011561
NP_418185.1,609,0.09688013136288999,0.08045977011494253,0.07060755336617405,0.11658456486042693
NP_418186.1,456,0.09868421052631579,0.1074561403508772,0.08552631578947369,0.09868421052631579
NP_418187.1,139,0.1223021582733813,0.08633093525179857,0.07194244604316546,0.08633093525179857
NP_418188.1,460,0.07391304347826087,0.09782608695652174,0.10217391304347827,0.09130434782608696
NP_418189.1,287,0.09407665505226481,0.06968641114982578,0.08710801393728224,0.10104529616724739
NP_418190.1,513,0.11306042884990253,0.0935672514619883,0.07797270955165692,0.08966861598440545
NP_418191.1,177,0.15254237288135594,0.04519774011299435,0.0903954802259887,0.1016949152542373
NP_418192.1,156,0.1987179487179487,0.019230769230769232,0.0641025641025641,0.08974358974358974
NP_418193.1,79,0.16455696202531644,0.12658227848101267,0.0759493670886076,0.1518987341772152
NP_418194.1,271,0.06273062730627306,0.06273062730627306,0.08487084870848709,0.16605166051660517
NP_418195.2,126,0.12698412698412698,0.05555555555555555,0.1746031746031746,0.18253968253968253
NP_418196.1,207,0.05314009661835749,0.057971014492753624,0.09178743961352658,0.13526570048309178
NP_418197.1,629,0.10015898251192369,0.0794912559618442,0.057233704292527825,0.0985691573926868
NP_418198.1,147,0.09523809523809523,0.10204081632653061,0.027210884353741496,0.1292517006802721
NP_418199.1,152,0.07894736842105263,0.06578947368421052,0.05921052631578947,0.09210526315789473
NP_418200.1,330,0.08181818181818182,0.08787878787878788,0.07272727272727272,0.12121212121212122
NP_418202.4,498,0.08433734939759036,0.05622489959839357,0.04819277108433735,0.15060240963855423
NP_418204.2,139,0.06474820143884892,0.05755395683453238,0.07913669064748201,0.08633093525179857
NP_418205.1,501,0.06786427145708583,0.09780439121756487,0.07784431137724551,0.11177644710578842
NP_418206.1,321,0.12149532710280374,0.11214953271028037,0.10903426791277258,0.14330218068535824
NP_418207.1,296,0.14864864864864866,0.08108108108108109,0.10810810810810811,0.0945945945945946
NP_418208.1,309,0.15857605177993528,0.08737864077669903,0.08090614886731391,0.08414239482200647
NP_418209.1,330,0.08484848484848485,0.06666666666666667,0.05757575757575758,0.11515151515151516
NP_418210.1,475,0.10105263157894737,0.07789473684210527,0.06947368421052631,0.14105263157894737
NP_418213.1,112,0.05357142857142857,0.07142857142857142,0.05357142857142857,0.05357142857142857
NP_418214.2,506,0.1007905138339921,0.07707509881422925,0.04940711462450593,0.13043478260869565
NP_418215.1,32,0.125,0.09375,0.1875,0.125
NP_418217.1,87,0.10344827586206896,0.011494252873563218,0.12643678160919541,0.08045977011494253
NP_418220.1,514,0.11673151750972763,0.08949416342412451,0.07782101167315175,0.11478599221789883
NP_418221.1,297,0.08754208754208755,0.050505050505050504,0.08417508417508418,0.11447811447811448
NP_418222.1,491,0.10183299389002037,0.09368635437881874,0.06313645621181263,0.09164969450101833
NP_418223.1,93,0.08602150537634409,0.0967741935483871,0.06451612903225806,0.11827956989247312
NP_418227.1,421,0.09738717339667459,0.07363420427553444,0.047505938242280284,0.11401425178147269
NP_418228.2,109,0.11009174311926606,0.08256880733944955,0.045871559633027525,0.11926605504587157
NP_418230.1,419,0.07398568019093078,0.06921241050119331,0.059665871121718374,0.10501193317422435
NP_418231.1,367,0.09264305177111716,0.08719346049046321,0.07629427792915532,0.12806539509536785
NP_418232.2,348,0.11781609195402298,0.05172413793103448,0.04597701149425287,0.09770114942528736
NP_418236.1,293,0.06825938566552901,0.10238907849829351,0.05460750853242321,0.10921501706484642
NP_418238.1,376,0.10106382978723404,0.07446808510638298,0.05585106382978723,0.09574468085106383
NP_418239.1,416,0.13221153846153846,0.08653846153846154,0.09615384615384616,0.16826923076923078
NP_418241.1,450,0.07111111111111111,0.07111111111111111,0.09111111111111111,0.14444444444444443
NP_418242.1,246,0.08943089430894309,0.08130081300813008,0.07317073170731707,0.10975609756097561
NP_418245.1,551,0.0780399274047187,0.09074410163339383,0.07078039927404718,0.06896551724137931
NP_418246.1,398,0.12060301507537688,0.05527638190954774,0.05527638190954774,0.13316582914572864
NP_418247.1,393,0.14249363867684478,0.030534351145038167,0.05343511450381679,0.10687022900763359
NP_418248.1,246,0.10569105691056911,0.06097560975609756,0.056910569105691054,0.15447154471544716
NP_418250.1,848,0.055424528301886794,0.055424528301886794,0.06721698113207547,0.12264150943396226
NP_418251.1,106,0.04716981132075472,0.08490566037735849,0.02830188679245283,0.09433962264150944
NP_418254.2,274,0.08759124087591241,0.0948905109489051,0.11313868613138686,0.07664233576642336
NP_418255.1,235,0.09361702127659574,0.059574468085106386,0.06382978723404255,0.16170212765957448
NP_418256.1,298,0.08389261744966443,0.06375838926174497,0.06040268456375839,0.14093959731543623
NP_418257.1,238,0.09663865546218488,0.058823529411764705,0.04201680672268908,0.11764705882352941
NP_418258.1,720,0.09166666666666666,0.07083333333333333,0.05694444444444444,0.10833333333333334
NP_418260.1,316,0.07278481012658228,0.04746835443037975,0.05063291139240506,0.1360759493670886
NP_418261.1,126,0.0873015873015873,0.07936507936507936,0.07142857142857142,0.11904761904761904
NP_418262.2,126,0.047619047619047616,0.05555555555555555,0.047619047619047616,0.0873015873015873
NP_418264.4,155,0.11612903225806452,0.07741935483870968,0.08387096774193549,0.11612903225806452
NP_418265.1,289,0.06228373702422145,0.07958477508650519,0.06228373702422145,0.10034602076124567
NP_418271.1,299,0.09698996655518395,0.0802675585284281,0.08361204013377926,0.1505016722408027
NP_418272.1,317,0.0946372239747634,0.04100946372239748,0.06624605678233439,0.13249211356466878
NP_418273.1,753,0.10225763612217796,0.06108897742363878,0.0703851261620186,0.11420982735723771
NP_418275.1,253,0.11067193675889328,0.08300395256916997,0.09486166007905138,0.07905138339920949
NP_418276.1,475,0.09473684210526316,0.035789473684210524,0.056842105263157895,0.10736842105263159
NP_418278.1,201,0.13432835820895522,0.06467661691542288,0.0845771144278607,0.12437810945273632
NP_418279.1,546,0.06227106227106227,0.06043956043956044,0.07326007326007326,0.12637362637362637
NP_418280.4,89,0.10112359550561797,0.07865168539325842,0.0449438202247191,0.06741573033707865
NP_418282.1,258,0.08527131782945736,0.04263565891472868,0.10852713178294573,0.12790697674418605
NP_418284.1,162,0.07407407407407407,0.04938271604938271,0.08024691358024691,0.08641975308641975
NP_418285.1,497,0.0744466800804829,0.07645875251509054,0.07645875251509054,0.0925553319919517
NP_418286.1,233,0.09871244635193133,0.06866952789699571,0.06866952789699571,0.09012875536480687
NP_418288.1,729,0.11248285322359397,0.0850480109739369,0.07956104252400549,0.10150891632373114
NP_418289.1,443,0.09480812641083522,0.05869074492099323,0.06320541760722348,0.10158013544018059
NP_418290.4,204,0.12745098039215685,0.10294117647058823,0.08333333333333333,0.10784313725490197
NP_418292.1,181,0.08839779005524862,0.03867403314917127,0.06077348066298342,0.06629834254143646
NP_418293.2,175,0.10285714285714286,0.06857142857142857,0.06857142857142857,0.12571428571428572
NP_418294.1,194,0.0979381443298969,0.07731958762886598,0.09278350515463918,0.1134020618556701
NP_418295.1,89,0.07865168539325842,0.0449438202247191,0.033707865168539325,0.16853932584269662
NP_418296.1,328,0.08841463414634146,0.054878048780487805,0.051829268292682924,0.10975609756097561
NP_418297.1,208,0.10576923076923077,0.0673076923076923,0.10576923076923077,0.07692307692307693
NP_418298.4,476,0.08403361344537816,0.06722689075630252,0.06512605042016807,0.08823529411764706
NP_418299.1,310,0.04516129032258064,0.035483870967741936,0.06774193548387097,0.14838709677419354
NP_418300.1,928,0.10668103448275862,0.061422413793103446,0.061422413793103446,0.11422413793103449
NP_418301.3,210,0.08095238095238096,0.06190476190476191,0.0761904761904762,0.11904761904761904
NP_418302.1,169,0.07100591715976332,0.07100591715976332,0.01775147928994083,0.10059171597633136
NP_418303.2,457,0.0787746170678337,0.0525164113785558,0.04814004376367615,0.10940919037199125
NP_418304.1,469,0.1044776119402985,0.07036247334754797,0.06183368869936034,0.1257995735607676
NP_418305.1,349,0.07449856733524356,0.07449856733524356,0.05157593123209169,0.1518624641833811
NP_418306.1,469,0.09594882729211088,0.0767590618336887,0.06823027718550106,0.06823027718550106
NP_418308.1,236,0.06779661016949153,0.07203389830508475,0.046610169491525424,0.08898305084745763
NP_418309.1,326,0.08588957055214724,0.04294478527607362,0.05214723926380368,0.12269938650306748
NP_418310.1,421,0.0855106888361045,0.09501187648456057,0.07600950118764846,0.11163895486935867
NP_418311.1,230,0.034782608695652174,0.06956521739130435,0.043478260869565216,0.07391304347826087
NP_418313.4,461,0.07809110629067245,0.09978308026030369,0.07158351409978309,0.1193058568329718
NP_418314.1,678,0.07669616519174041,0.07964601769911504,0.04277286135693215,0.09734513274336283
NP_418315.3,308,0.08766233766233766,0.06168831168831169,0.06493506493506493,0.11363636363636363
NP_418316.4,413,0.1016949152542373,0.0774818401937046,0.06779661016949153,0.07263922518159806
NP_418317.1,292,0.1232876712328767,0.06506849315068493,0.08904109589041095,0.08904109589041095
NP_418318.1,298,0.1476510067114094,0.09395973154362416,0.07718120805369127,0.10738255033557047
NP_418319.2,298,0.12751677852348994,0.10067114093959731,0.09395973154362416,0.08053691275167785
NP_418320.2,261,0.11494252873563218,0.05747126436781609,0.08045977011494253,0.09578544061302682
NP_418321.4,199,0.08542713567839195,0.05025125628140704,0.06532663316582915,0.09547738693467336
NP_418322.1,290,0.10689655172413794,0.041379310344827586,0.07931034482758621,0.15172413793103448
NP_418323.1,145,0.0896551724137931,0.0896551724137931,0.1103448275862069,0.0896551724137931
NP_418324.1,329,0.08206686930091185,0.0851063829787234,0.057750759878419454,0.09422492401215805
NP_418325.4,72,0.06944444444444445,0.06944444444444445,0.09722222222222222,0.08333333333333333
NP_418326.2,72,0.041666666666666664,0.05555555555555555,0.06944444444444445,0.1388888888888889
NP_418327.1,309,0.10679611650485436,0.042071197411003236,0.042071197411003236,0.11974110032362459
NP_418328.1,211,0.0995260663507109,0.04739336492890995,0.0995260663507109,0.07109004739336493
NP_418329.1,300,0.09,0.08,0.07333333333333333,0.05333333333333334
NP_418330.1,1016,0.09448818897637795,0.09055118110236221,0.05216535433070866,0.08267716535433071
NP_418331.1,277,0.07220216606498195,0.08664259927797834,0.09747292418772563,0.10469314079422383
NP_418332.1,351,0.1225071225071225,0.039886039886039885,0.05982905982905983,0.07122507122507123
NP_418333.1,582,0.09621993127147767,0.04639175257731959,0.03951890034364261,0.13745704467353953
NP_418334.1,356,0.07584269662921349,0.10112359550561797,0.0898876404494382,0.0898876404494382
NP_418335.4,483,0.13250517598343686,0.09937888198757763,0.08074534161490683,0.12215320910973085
NP_418336.1,148,0.08783783783783784,0.08108108108108109,0.060810810810810814,0.11486486486486487
NP_418337.1,104,0.09615384615384616,0.009615384615384616,0.08653846153846154,0.0673076923076923
NP_418338.1,274,0.08029197080291971,0.08759124087591241,0.06934306569343066,0.10583941605839416
NP_418340.1,489,0.09202453987730061,0.06952965235173825,0.053169734151329244,0.1083844580777096
NP_418341.1,278,0.050359712230215826,0.046762589928057555,0.05755395683453238,0.14028776978417265
NP_418342.2,282,0.07092198581560284,0.04609929078014184,0.05673758865248227,0.11702127659574468
NP_418343.1,344,0.10174418604651163,0.11337209302325581,0.07848837209302326,0.11918604651162791
NP_418344.3,206,0.1262135922330097,0.06310679611650485,0.04854368932038835,0.0970873786407767
NP_418345.2,327,0.1345565749235474,0.11009174311926606,0.09480122324159021,0.10703363914373089
NP_418346.2,224,0.08928571428571429,0.07589285714285714,0.0625,0.08928571428571429
NP_418347.1,457,0.08096280087527352,0.061269146608315096,0.0525164113785558,0.1422319474835886
NP_418348.1,232,0.05172413793103448,0.06465517241379311,0.05603448275862069,0.17672413793103448
NP_418350.1,300,0.10333333333333333,0.06666666666666667,0.08,0.12666666666666668
NP_418351.1,320,0.084375,0.11875,0.078125,0.078125
NP_418352.1,329,0.1033434650455927,0.0729483282674772,0.0790273556231003,0.0729483282674772
NP_418353.1,251,0.07171314741035857,0.055776892430278883,0.06374501992031872,0.12350597609561753
NP_418354.1,255,0.17647058823529413,0.08627450980392157,0.07450980392156863,0.06666666666666667
NP_418355.1,199,0.12060301507537688,0.04522613065326633,0.02512562814070352,0.12562814070351758
NP_418356.1,146,0.0958904109589041,0.0958904109589041,0.07534246575342465,0.13013698630136986
NP_418357.1,99,0.13131313131313133,0.04040404040404041,0.050505050505050504,0.0707070707070707
NP_418358.1,142,0.06338028169014084,0.04929577464788732,0.028169014084507043,0.14788732394366197
NP_418359.1,248,0.07661290322580645,0.06854838709677419,0.08064516129032258,0.12903225806451613
NP_418360.1,336,0.11607142857142858,0.11011904761904762,0.0744047619047619,0.09523809523809523
NP_418361.1,502,0.09163346613545817,0.08565737051792828,0.07171314741035857,0.07171314741035857
NP_418362.1,281,0.12099644128113879,0.11387900355871886,0.09252669039145907,0.10676156583629894
NP_418363.1,81,0.04938271604938271,0.024691358024691357,0.04938271604938271,0.13580246913580246
NP_418364.1,161,0.07453416149068323,0.13043478260869565,0.10559006211180125,0.09937888198757763
NP_418365.1,308,0.11038961038961038,0.08116883116883117,0.07467532467532467,0.18181818181818182
NP_418366.1,443,0.09480812641083522,0.05417607223476298,0.06320541760722348,0.09029345372460497
NP_418367.1,176,0.13636363636363635,0.08522727272727272,0.07386363636363637,0.10227272727272728
NP_418368.1,319,0.109717868338558,0.050156739811912224,0.05329153605015674,0.05956112852664577
NP_418369.1,341,0.09090909090909091,0.06451612903225806,0.05865102639296188,0.10263929618768329
NP_418370.1,732,0.1051912568306011,0.06420765027322405,0.07377049180327869,0.12704918032786885
NP_418371.1,70,0.02857142857142857,0.08571428571428572,0.07142857142857142,0.02857142857142857
NP_418372.1,202,0.06435643564356436,0.054455445544554455,0.09405940594059406,0.0891089108910891
NP_418373.1,105,0.0761904761904762,0.0380952380952381,0.0380952380952381,0.08571428571428572
NP_418374.1,386,0.11139896373056994,0.09067357512953368,0.08031088082901554,0.12953367875647667
NP_418375.1,810,0.10246913580246914,0.07777777777777778,0.08148148148148149,0.1259259259259259
NP_418376.1,296,0.09797297297297297,0.057432432432432436,0.06418918918918919,0.08108108108108109
NP_418377.1,726,0.10606060606060606,0.08953168044077135,0.05922865013774105,0.08677685950413223
NP_418378.4,301,0.12956810631229235,0.06976744186046512,0.09634551495016612,0.16611295681063123
NP_418379.1,205,0.08292682926829269,0.06341463414634146,0.08780487804878048,0.08780487804878048
NP_418380.4,367,0.1553133514986376,0.09536784741144415,0.07356948228882834,0.1008174386920981
NP_418381.1,220,0.14545454545454545,0.06818181818181818,0.07272727272727272,0.10909090909090909
NP_418384.1,359,0.12256267409470752,0.12534818941504178,0.12534818941504178,0.10306406685236769
NP_418385.1,106,0.1792452830188679,0.05660377358490566,0.08490566037735849,0.04716981132075472
NP_418386.1,765,0.08366013071895424,0.06666666666666667,0.05228758169934641,0.11764705882352941
NP_418387.3,292,0.07876712328767123,0.07191780821917808,0.07534246575342465,0.11301369863013698
NP_418388.1,113,0.13274336283185842,0.04424778761061947,0.08849557522123894,0.12389380530973451
NP_418389.1,283,0.07773851590106007,0.0636042402826855,0.06007067137809187,0.11307420494699646
NP_418390.1,577,0.0658578856152513,0.043327556325823226,0.05545927209705372,0.11265164644714037
NP_418391.1,883,0.09060022650056625,0.06342015855039637,0.056625141562853906,0.13363533408833522
NP_418392.1,383,0.0835509138381201,0.07571801566579635,0.04699738903394256,0.11488250652741515
NP_418393.1,334,0.11976047904191617,0.07784431137724551,0.08383233532934131,0.11377245508982035
NP_418394.3,258,0.11627906976744186,0.10465116279069768,0.07751937984496124,0.1434108527131783
NP_418395.1,457,0.11816192560175055,0.0700218818380744,0.07221006564551423,0.12910284463894967
NP_418396.1,305,0.08852459016393442,0.05901639344262295,0.06557377049180328,0.14426229508196722
NP_418397.2,466,0.08583690987124463,0.09227467811158799,0.06437768240343347,0.07725321888412018
NP_418398.3,234,0.11965811965811966,0.05555555555555555,0.0641025641025641,0.08974358974358974
NP_418399.1,119,0.10084033613445378,0.06722689075630252,0.1092436974789916,0.13445378151260504
NP_418400.1,366,0.09016393442622951,0.03278688524590164,0.060109289617486336,0.10655737704918032
NP_418401.1,614,0.06677524429967427,0.10260586319218241,0.06677524429967427,0.0732899022801303
NP_418402.2,285,0.12631578947368421,0.05964912280701754,0.09473684210526316,0.12982456140350876
NP_418403.1,342,0.08771929824561403,0.08187134502923976,0.0935672514619883,0.09064327485380116
NP_418404.1,321,0.08722741433021806,0.10903426791277258,0.056074766355140186,0.13395638629283488
NP_418405.1,316,0.056962025316455694,0.04113924050632911,0.07278481012658228,0.12341772151898735
NP_418407.1,394,0.06852791878172589,0.10152284263959391,0.09390862944162437,0.07106598984771574
NP_418408.1,127,0.14173228346456693,0.07874015748031496,0.13385826771653545,0.14960629921259844
NP_418409.1,181,0.049723756906077346,0.07734806629834254,0.13259668508287292,0.049723756906077346
NP_418410.1,142,0.14084507042253522,0.08450704225352113,0.09154929577464789,0.04929577464788732
NP_418411.1,234,0.14102564102564102,0.08547008547008547,0.12393162393162394,0.07264957264957266
NP_418412.1,165,0.2,0.05454545454545454,0.09090909090909091,0.09090909090909091
NP_418413.1,121,0.23140495867768596,0.06611570247933884,0.1322314049586777,0.06611570247933884
NP_418414.1,1342,0.05886736214605067,0.07898658718330849,0.08122205663189269,0.09463487332339791
NP_418415.1,1407,0.08813077469793888,0.08173418621179815,0.0767590618336887,0.09879175550817342
NP_418416.1,179,0.0670391061452514,0.0446927374301676,0.055865921787709494,0.08379888268156424
NP_418417.1,377,0.09283819628647215,0.05570291777188329,0.042440318302387266,0.11671087533156499
NP_418418.2,256,0.1640625,0.07421875,0.078125,0.12109375
NP_418420.4,251,0.09561752988047809,0.09163346613545817,0.07171314741035857,0.1394422310756972
NP_418421.1,211,0.14691943127962084,0.07109004739336493,0.09004739336492891,0.10426540284360189
NP_418422.1,631,0.0919175911251981,0.07765451664025357,0.0491283676703645,0.07131537242472266
NP_418423.1,158,0.08227848101265822,0.04430379746835443,0.06329113924050633,0.15822784810126583
NP_418425.1,354,0.09887005649717515,0.0903954802259887,0.07344632768361582,0.10734463276836158
NP_418426.2,223,0.11659192825112108,0.06726457399103139,0.08071748878923767,0.11210762331838565
NP_418427.1,196,0.07653061224489796,0.04591836734693878,0.05102040816326531,0.10714285714285714
NP_418428.1,90,0.16666666666666666,0.06666666666666667,0.07777777777777778,0.07777777777777778
NP_418429.1,231,0.06926406926406926,0.05627705627705628,0.06060606060606061,0.09523809523809523
NP_418430.2,141,0.14184397163120568,0.12056737588652482,0.028368794326241134,0.07092198581560284
NP_418431.1,465,0.10752688172043011,0.07311827956989247,0.07956989247311828,0.12258064516129032
NP_418432.1,441,0.11564625850340136,0.061224489795918366,0.07482993197278912,0.12698412698412698
NP_418433.1,429,0.1258741258741259,0.1048951048951049,0.08624708624708624,0.07692307692307693
NP_418434.1,529,0.1323251417769376,0.07939508506616257,0.08128544423440454,0.062381852551984876
NP_418435.1,127,0.09448818897637795,0.031496062992125984,0.10236220472440945,0.11811023622047244
NP_418436.1,147,0.07482993197278912,0.07482993197278912,0.11564625850340136,0.10884353741496598
NP_418437.1,309,0.06796116504854369,0.03559870550161812,0.05825242718446602,0.11650485436893204
NP_418438.1,533,0.0975609756097561,0.0600375234521576,0.04878048780487805,0.09380863039399624
NP_418439.1,434,0.12903225806451613,0.08064516129032258,0.059907834101382486,0.07603686635944701
NP_418440.1,578,0.07439446366782007,0.050173010380622836,0.058823529411764705,0.10553633217993079
NP_418441.1,728,0.07280219780219781,0.03708791208791209,0.04807692307692308,0.11813186813186813
NP_418442.2,274,0.12043795620437957,0.08029197080291971,0.06204379562043796,0.10948905109489052
NP_418443.1,1227,0.11083944580277098,0.07090464547677261,0.07497962510187449,0.07823960880195599
NP_418444.1,543,0.11049723756906077,0.06077348066298342,0.07734806629834254,0.1712707182320442
NP_418445.1,229,0.10480349344978165,0.09606986899563319,0.07860262008733625,0.11790393013100436
NP_418446.1,290,0.041379310344827586,0.08620689655172414,0.08620689655172414,0.07931034482758621
NP_418447.1,90,0.1,0.022222222222222223,0.022222222222222223,0.07777777777777778
NP_418448.1,449,0.111358574610245,0.066815144766147,0.08463251670378619,0.1403118040089087
NP_418449.1,549,0.08743169398907104,0.07103825136612021,0.060109289617486336,0.08378870673952642
NP_418450.1,80,0.2125,0.125,0.1,0.0375
NP_418451.4,212,0.08018867924528301,0.07075471698113207,0.07547169811320754,0.10377358490566038
NP_418452.1,245,0.12244897959183673,0.07346938775510205,0.07755102040816327,0.10612244897959183
NP_418453.1,698,0.0659025787965616,0.09455587392550144,0.0659025787965616,0.09455587392550144
NP_418454.1,136,0.04411764705882353,0.04411764705882353,0.11029411764705882,0.19117647058823528
NP_418455.1,491,0.09775967413441955,0.09572301425661914,0.07942973523421588,0.11405295315682282
NP_418456.1,296,0.125,0.07432432432432433,0.08108108108108109,0.1554054054054054
NP_418457.1,514,0.08560311284046693,0.08949416342412451,0.06031128404669261,0.13229571984435798
NP_418458.1,396,0.12626262626262627,0.07575757575757576,0.050505050505050504,0.08585858585858586
NP_418459.1,371,0.07547169811320754,0.07547169811320754,0.11590296495956873,0.1078167115902965
NP_418460.1,446,0.08968609865470852,0.10986547085201794,0.053811659192825115,0.04932735426008968
NP_418461.1,306,0.11437908496732026,0.06535947712418301,0.08496732026143791,0.10784313725490197
NP_418463.4,165,0.048484848484848485,0.06666666666666667,0.03636363636363636,0.19393939393939394
NP_418464.1,290,0.1206896551724138,0.06551724137931035,0.0896551724137931,0.15517241379310345
NP_418465.4,807,0.08302354399008674,0.055762081784386616,0.05947955390334572,0.1288723667905824
NP_418466.1,122,0.14754098360655737,0.06557377049180328,0.11475409836065574,0.09836065573770492
NP_418467.1,202,0.07920792079207921,0.08415841584158416,0.09405940594059406,0.10891089108910891
NP_418468.3,459,0.13725490196078433,0.08061002178649238,0.08061002178649238,0.19825708061002179
NP_418469.1,69,0.028985507246376812,0.10144927536231885,0.057971014492753624,0.028985507246376812
NP_418470.4,171,0.10526315789473684,0.03508771929824561,0.07602339181286549,0.1111111111111111
NP_418471.1,84,0.07142857142857142,0.05952380952380952,0.0,0.08333333333333333
NP_418472.1,235,0.06382978723404255,0.03829787234042553,0.03829787234042553,0.09787234042553192
NP_418473.3,345,0.08985507246376812,0.08115942028985507,0.06376811594202898,0.08985507246376812
NP_418474.4,80,0.1125,0.0625,0.125,0.1875
NP_418475.1,327,0.1162079510703364,0.09480122324159021,0.0764525993883792,0.09480122324159021
NP_418476.1,471,0.09129511677282377,0.06369426751592357,0.059447983014861996,0.09341825902335456
NP_418477.1,359,0.11142061281337047,0.08913649025069638,0.09192200557103064,0.0947075208913649
NP_418478.1,397,0.12846347607052896,0.07556675062972293,0.07556675062972293,0.10831234256926953
NP_418479.1,237,0.0970464135021097,0.06329113924050633,0.06751054852320675,0.05907172995780591
NP_418480.1,138,0.036231884057971016,0.08695652173913043,0.043478260869565216,0.13043478260869565
NP_418481.1,118,0.07627118644067797,0.01694915254237288,0.09322033898305085,0.13559322033898305
NP_418482.1,940,0.07234042553191489,0.08617021276595745,0.07127659574468086,0.10212765957446808
NP_418483.1,178,0.07303370786516854,0.16292134831460675,0.07303370786516854,0.0449438202247191
NP_418484.4,93,0.08602150537634409,0.06451612903225806,0.08602150537634409,0.12903225806451613
NP_418485.1,528,0.08333333333333333,0.043560606060606064,0.054924242424242424,0.11553030303030302
NP_418486.1,107,0.04672897196261682,0.028037383177570093,0.056074766355140186,0.09345794392523364
NP_418487.1,154,0.07142857142857142,0.09740259740259741,0.045454545454545456,0.12337662337662338
NP_418488.1,449,0.12026726057906459,0.12472160356347439,0.11804008908685969,0.1358574610244989
NP_418489.1,549,0.10382513661202186,0.07468123861566485,0.08743169398907104,0.151183970856102
NP_418490.1,430,0.05813953488372093,0.027906976744186046,0.04883720930232558,0.08372093023255814
NP_418491.1,549,0.12750455373406194,0.10564663023679417,0.08014571948998178,0.12021857923497267
NP_418492.1,104,0.0673076923076923,0.08653846153846154,0.08653846153846154,0.09615384615384616
NP_418493.1,652,0.08895705521472393,0.08742331288343558,0.07208588957055215,0.07515337423312883
NP_418494.1,478,0.1192468619246862,0.056485355648535567,0.04184100418410042,0.058577405857740586
NP_418495.2,188,0.06914893617021277,0.047872340425531915,0.07446808510638298,0.0797872340425532
NP_418496.1,223,0.08071748878923767,0.07174887892376682,0.09417040358744394,0.06726457399103139
NP_418497.1,318,0.09433962264150944,0.0880503144654088,0.10062893081761007,0.18867924528301888
NP_418498.1,552,0.10326086956521739,0.08876811594202899,0.07246376811594203,0.18659420289855072
NP_418499.1,127,0.08661417322834646,0.03937007874015748,0.09448818897637795,0.15748031496062992
NP_418500.1,198,0.12626262626262627,0.015151515151515152,0.04040404040404041,0.15151515151515152
NP_418501.1,437,0.09382151029748284,0.07551487414187644,0.11212814645308924,0.13043478260869565
NP_418502.1,229,0.14410480349344978,0.07423580786026202,0.026200873362445413,0.10043668122270742
NP_418503.1,715,0.1062937062937063,0.07552447552447553,0.06993006993006994,0.06153846153846154
NP_418504.1,488,0.13319672131147542,0.06352459016393443,0.05737704918032787,0.13319672131147542
NP_418505.2,683,0.11127379209370425,0.04538799414348463,0.07027818448023426,0.13469985358711567
NP_418506.1,343,0.15160349854227406,0.04956268221574344,0.10204081632653061,0.09037900874635568
NP_418507.2,661,0.1059001512859304,0.07866868381240545,0.05597579425113464,0.08472012102874432
NP_418508.1,309,0.11326860841423948,0.08090614886731391,0.06796116504854369,0.10679611650485436
NP_418509.1,231,0.09956709956709957,0.047619047619047616,0.05194805194805195,0.08658008658008658
NP_418510.1,326,0.10122699386503067,0.12576687116564417,0.0950920245398773,0.10736196319018405
NP_418511.1,510,0.060784313725490195,0.07647058823529412,0.07647058823529412,0.09803921568627451
NP_418512.1,311,0.1382636655948553,0.08681672025723473,0.0932475884244373,0.08038585209003216
NP_418513.4,296,0.11486486486486487,0.057432432432432436,0.07432432432432433,0.09797297297297297
NP_418514.1,149,0.11409395973154363,0.11409395973154363,0.10738255033557047,0.06040268456375839
NP_418516.1,252,0.07142857142857142,0.08333333333333333,0.07142857142857142,0.11904761904761904
NP_418517.1,144,0.1111111111111111,0.0625,0.0625,0.11805555555555555
NP_418518.1,185,0.10270270270270271,0.07027027027027027,0.043243243243243246,0.15675675675675677
NP_418519.1,378,0.10846560846560846,0.06349206349206349,0.06878306878306878,0.10846560846560846
NP_418520.1,226,0.10176991150442478,0.06637168141592921,0.11061946902654868,0.11061946902654868
NP_418522.1,281,0.06761565836298933,0.06405693950177936,0.07473309608540925,0.0498220640569395
NP_418523.1,354,0.11016949152542373,0.0847457627118644,0.059322033898305086,0.11864406779661017
NP_418524.1,194,0.10309278350515463,0.05154639175257732,0.061855670103092786,0.14948453608247422
NP_418525.1,150,0.17333333333333334,0.06,0.05333333333333334,0.08666666666666667
NP_418526.1,241,0.07883817427385892,0.04979253112033195,0.05394190871369295,0.12863070539419086
NP_418529.1,338,0.10059171597633136,0.05325443786982249,0.0621301775147929,0.10059171597633136
NP_418530.1,262,0.08396946564885496,0.07251908396946564,0.08015267175572519,0.10687022900763359
NP_418531.1,147,0.10884353741496598,0.08163265306122448,0.047619047619047616,0.05442176870748299
NP_418532.1,111,0.04504504504504504,0.07207207207207207,0.05405405405405406,0.07207207207207207
NP_418533.1,742,0.09433962264150944,0.03638814016172507,0.06064690026954178,0.1334231805929919
NP_418534.4,292,0.11301369863013698,0.06506849315068493,0.04452054794520548,0.1506849315068493
NP_418535.1,500,0.094,0.086,0.078,0.12
NP_418536.1,363,0.07988980716253444,0.046831955922865015,0.06887052341597796,0.1487603305785124
NP_418537.1,222,0.07657657657657657,0.07207207207207207,0.06306306306306306,0.16216216216216217
NP_418538.2,547,0.0712979890310786,0.04753199268738574,0.06946983546617916,0.13711151736745886
NP_418539.1,445,0.1258426966292135,0.10337078651685393,0.10337078651685393,0.1101123595505618
NP_418540.1,253,0.043478260869565216,0.015810276679841896,0.07114624505928854,0.1067193675889328
NP_418541.2,755,0.08211920529801324,0.07417218543046358,0.06887417218543046,0.0781456953642384
NP_418542.1,302,0.04966887417218543,0.04304635761589404,0.052980132450331126,0.08940397350993377
NP_418543.1,451,0.09534368070953436,0.06208425720620843,0.06208425720620843,0.08647450110864745
NP_418544.2,473,0.080338266384778,0.07610993657505286,0.10782241014799154,0.1226215644820296
NP_418545.1,209,0.09090909090909091,0.07655502392344497,0.07655502392344497,0.1674641148325359
NP_418546.1,548,0.09671532846715329,0.09124087591240876,0.05474452554744526,0.09306569343065693
NP_418547.1,446,0.10762331838565023,0.08520179372197309,0.09641255605381166,0.11883408071748879
NP_418548.1,239,0.07112970711297072,0.03765690376569038,0.05439330543933055,0.1087866108786611
NP_418549.1,543,0.0570902394106814,0.07366482504604052,0.07918968692449356,0.12338858195211787
NP_418550.1,76,0.05263157894736842,0.09210526315789473,0.09210526315789473,0.06578947368421052
NP_418551.1,90,0.044444444444444446,0.06666666666666667,0.06666666666666667,0.044444444444444446
NP_418552.1,98,0.04081632653061224,0.02040816326530612,0.05102040816326531,0.10204081632653061
NP_418553.1,505,0.08118811881188119,0.06534653465346535,0.055445544554455446,0.0891089108910891
NP_418554.1,485,0.12577319587628866,0.08453608247422681,0.06597938144329897,0.13814432989690723
NP_418555.1,715,0.06433566433566433,0.06153846153846154,0.05314685314685315,0.08951048951048951
NP_418556.1,444,0.13288288288288289,0.10135135135135136,0.08333333333333333,0.10135135135135136
NP_418557.1,512,0.060546875,0.0390625,0.072265625,0.11328125
NP_418558.2,191,0.10471204188481675,0.03664921465968586,0.05235602094240838,0.14659685863874344
NP_418559.1,565,0.10973451327433628,0.07787610619469026,0.07079646017699115,0.13982300884955753
NP_418560.1,112,0.11607142857142858,0.026785714285714284,0.07142857142857142,0.16071428571428573
NP_418561.1,433,0.10854503464203233,0.08083140877598152,0.10854503464203233,0.12933025404157045
NP_418562.4,478,0.08786610878661087,0.07112970711297072,0.0899581589958159,0.09205020920502092
NP_418564.2,158,0.05063291139240506,0.0949367088607595,0.0759493670886076,0.15822784810126583
NP_418565.1,418,0.1339712918660287,0.09808612440191387,0.08133971291866028,0.16985645933014354
NP_418566.1,97,0.07216494845360824,0.10309278350515463,0.13402061855670103,0.07216494845360824
NP_418567.1,548,0.13503649635036497,0.10766423357664233,0.10583941605839416,0.07664233576642336
NP_418568.2,117,0.1111111111111111,0.1452991452991453,0.05982905982905983,0.06837606837606838
NP_418569.1,289,0.08996539792387544,0.031141868512110725,0.06228373702422145,0.12802768166089964
NP_418570.1,342,0.0847953216374269,0.043859649122807015,0.07309941520467836,0.14912280701754385
NP_418571.1,188,0.0851063829787234,0.09042553191489362,0.09574468085106383,0.0797872340425532
NP_418572.4,105,0.13333333333333333,0.10476190476190476,0.11428571428571428,0.1523809523809524
NP_418573.1,177,0.096045197740113,0.0847457627118644,0.0847457627118644,0.07909604519774012
NP_418574.1,377,0.10610079575596817,0.07692307692307693,0.058355437665782495,0.09018567639257294
NP_418575.1,119,0.08403361344537816,0.10084033613445378,0.10084033613445378,0.15126050420168066
NP_418576.1,131,0.10687022900763359,0.03816793893129771,0.0916030534351145,0.10687022900763359
NP_418577.1,244,0.09836065573770492,0.05737704918032787,0.05737704918032787,0.06967213114754098
NP_418578.1,602,0.10132890365448505,0.10963455149501661,0.0681063122923588,0.07973421926910298
NP_418579.2,325,0.09230769230769231,0.04923076923076923,0.06461538461538462,0.11076923076923077
NP_418580.2,500,0.1,0.082,0.086,0.112
NP_418581.1,104,0.0673076923076923,0.0673076923076923,0.07692307692307693,0.08653846153846154
NP_418582.1,104,0.0673076923076923,0.04807692307692308,0.057692307692307696,0.125
NP_418583.1,1107,0.0993676603432701,0.052393857271906055,0.053297199638663056,0.15356820234869015
NP_418584.1,322,0.07453416149068323,0.06832298136645963,0.08074534161490683,0.11180124223602485
NP_418585.4,350,0.05714285714285714,0.08,0.07428571428571429,0.08571428571428572
NP_418586.4,181,0.08839779005524862,0.049723756906077346,0.04419889502762431,0.11049723756906077
NP_418587.1,379,0.07651715039577836,0.06596306068601583,0.047493403693931395,0.13192612137203166
NP_418588.1,515,0.13203883495145632,0.1029126213592233,0.06990291262135923,0.1145631067961165
NP_418589.1,153,0.09803921568627451,0.0915032679738562,0.0718954248366013,0.12418300653594772
NP_418590.1,445,0.10112359550561797,0.07191011235955057,0.07865168539325842,0.0853932584269663
NP_418591.1,615,0.12195121951219512,0.05203252032520325,0.061788617886178863,0.11382113821138211
NP_418592.1,316,0.12658227848101267,0.06329113924050633,0.05063291139240506,0.11708860759493671
NP_418593.1,102,0.058823529411764705,0.06862745098039216,0.08823529411764706,0.06862745098039216
NP_418594.1,426,0.0892018779342723,0.056338028169014086,0.08215962441314555,0.11502347417840375
NP_418595.1,419,0.0954653937947494,0.1026252983293556,0.06443914081145585,0.07159904534606205
NP_418596.1,334,0.09880239520958084,0.05389221556886228,0.08383233532934131,0.0658682634730539
NP_418597.1,65,0.07692307692307693,0.1076923076923077,0.1076923076923077,0.16923076923076924
NP_418598.1,432,0.07407407407407407,0.10648148148148148,0.09027777777777778,0.10185185185185185
NP_418599.1,141,0.07092198581560284,0.06382978723404255,0.0851063829787234,0.1347517730496454
NP_418600.4,813,0.08241082410824108,0.07257072570725707,0.07380073800738007,0.08733087330873308
NP_418601.1,243,0.1111111111111111,0.07407407407407407,0.07818930041152264,0.11522633744855967
NP_418602.1,133,0.05263157894736842,0.022556390977443608,0.05263157894736842,0.12781954887218044
NP_418603.1,232,0.14224137931034483,0.04741379310344827,0.06896551724137931,0.11206896551724138
NP_418604.1,219,0.0547945205479452,0.091324200913242,0.0365296803652968,0.1095890410958904
NP_418605.1,132,0.15151515151515152,0.07575757575757576,0.05303030303030303,0.11363636363636363
NP_418606.1,212,0.07075471698113207,0.11320754716981132,0.05188679245283019,0.02830188679245283
NP_418607.1,387,0.06718346253229975,0.059431524547803614,0.046511627906976744,0.09302325581395349
NP_418608.6,541,0.09796672828096119,0.08502772643253234,0.053604436229205174,0.1367837338262477
NP_418609.4,91,0.13186813186813187,0.04395604395604396,0.06593406593406594,0.07692307692307693
NP_418610.4,109,0.11009174311926606,0.045871559633027525,0.11009174311926606,0.08256880733944955
NP_418611.1,249,0.11646586345381527,0.05622489959839357,0.05220883534136546,0.12449799196787148
NP_418612.1,251,0.0796812749003984,0.0796812749003984,0.07171314741035857,0.10756972111553785
NP_418613.2,354,0.06497175141242938,0.08192090395480225,0.07062146892655367,0.06779661016949153
NP_418614.4,465,0.10752688172043011,0.09247311827956989,0.07526881720430108,0.08817204301075268
NP_418615.1,101,0.0594059405940594,0.0891089108910891,0.10891089108910891,0.0594059405940594
NP_418616.1,154,0.1038961038961039,0.05194805194805195,0.09090909090909091,0.09740259740259741
NP_418617.1,216,0.1388888888888889,0.0787037037037037,0.08333333333333333,0.0787037037037037
NP_418618.1,284,0.1056338028169014,0.06690140845070422,0.08098591549295775,0.0880281690140845
NP_418619.1,228,0.09649122807017543,0.09210526315789473,0.08771929824561403,0.06578947368421052
NP_418620.1,91,0.14285714285714285,0.04395604395604396,0.054945054945054944,0.0989010989010989
NP_418621.5,131,0.10687022900763359,0.03816793893129771,0.07633587786259542,0.03816793893129771
NP_418622.1,104,0.057692307692307696,0.07692307692307693,0.09615384615384616,0.0673076923076923
NP_418623.1,75,0.09333333333333334,0.04,0.02666666666666667,0.06666666666666667
NP_418624.1,149,0.1610738255033557,0.0738255033557047,0.1342281879194631,0.08053691275167785
NP_418625.1,264,0.07954545454545454,0.06439393939393939,0.03787878787878788,0.10984848484848485
NP_418627.4,212,0.07075471698113207,0.0660377358490566,0.07547169811320754,0.07075471698113207
NP_418628.4,206,0.10679611650485436,0.10194174757281553,0.09223300970873786,0.09223300970873786
NP_418629.1,470,0.1,0.07446808510638298,0.10851063829787234,0.1127659574468085
NP_418630.1,220,0.09545454545454546,0.045454545454545456,0.045454545454545456,0.10909090909090909
NP_418631.2,321,0.1059190031152648,0.07165109034267912,0.08722741433021806,0.17445482866043613
NP_418632.1,286,0.17132867132867133,0.08741258741258741,0.06293706293706294,0.10839160839160839
NP_418633.4,126,0.0873015873015873,0.05555555555555555,0.10317460317460317,0.14285714285714285
NP_418634.1,647,0.11282843894899536,0.0695517774343122,0.080370942812983,0.07264296754250386
NP_418635.1,246,0.10569105691056911,0.07317073170731707,0.09349593495934959,0.07317073170731707
NP_418637.1,184,0.08152173913043478,0.059782608695652176,0.08152173913043478,0.11956521739130435
NP_418638.2,68,0.04411764705882353,0.04411764705882353,0.10294117647058823,0.10294117647058823
NP_418639.1,447,0.07606263982102908,0.053691275167785234,0.08277404921700224,0.11409395973154363
NP_418640.1,212,0.11320754716981132,0.08962264150943396,0.05660377358490566,0.06132075471698113
NP_418641.1,577,0.05545927209705372,0.09358752166377816,0.07279029462738301,0.09185441941074524
NP_418642.1,1259,0.06671961874503574,0.09054805401111994,0.08737092930897537,0.12152501985702939
NP_418643.1,113,0.061946902654867256,0.11504424778761062,0.05309734513274336,0.10619469026548672
NP_418645.2,83,0.07228915662650602,0.060240963855421686,0.060240963855421686,0.0963855421686747
NP_418646.1,116,0.11206896551724138,0.10344827586206896,0.13793103448275862,0.11206896551724138
NP_418647.1,176,0.09090909090909091,0.05113636363636364,0.09090909090909091,0.08522727272727272
NP_418648.1,318,0.11320754716981132,0.07861635220125786,0.07861635220125786,0.06918238993710692
NP_418651.3,341,0.11436950146627566,0.10263929618768329,0.10557184750733138,0.15542521994134897
NP_418652.2,331,0.08761329305135952,0.12386706948640483,0.08459214501510574,0.13595166163141995
NP_418653.1,332,0.07228915662650602,0.08734939759036145,0.0783132530120482,0.08132530120481928
NP_418654.1,457,0.10722100656455143,0.09846827133479212,0.07439824945295405,0.09409190371991247
NP_418655.1,183,0.07650273224043716,0.04371584699453552,0.03825136612021858,0.12568306010928962
NP_418656.1,450,0.10222222222222223,0.09777777777777778,0.06444444444444444,0.09111111111111111
NP_418658.1,154,0.025974025974025976,0.07792207792207792,0.09740259740259741,0.08441558441558442
NP_418659.1,712,0.08146067415730338,0.07865168539325842,0.06460674157303371,0.07443820224719101
NP_418660.1,551,0.07078039927404718,0.07078039927404718,0.050816696914700546,0.08892921960072596
NP_418661.1,473,0.09302325581395349,0.10359408033826638,0.0824524312896406,0.12050739957716702
NP_418662.1,315,0.09841269841269841,0.06984126984126984,0.07936507936507936,0.10793650793650794
NP_418663.1,898,0.09242761692650334,0.05790645879732739,0.08129175946547884,0.12026726057906459
NP_418664.2,128,0.1484375,0.0546875,0.125,0.0390625
NP_418665.1,153,0.06535947712418301,0.0392156862745098,0.0784313725490196,0.09803921568627451
NP_418666.1,311,0.10932475884244373,0.04823151125401929,0.0707395498392283,0.12218649517684887
NP_418667.1,44,0.045454545454545456,0.06818181818181818,0.09090909090909091,0.11363636363636363
NP_418669.1,131,0.10687022900763359,0.061068702290076333,0.07633587786259542,0.05343511450381679
NP_418670.1,237,0.16033755274261605,0.12658227848101267,0.08016877637130802,0.05907172995780591
NP_418672.4,197,0.13705583756345177,0.07106598984771574,0.07614213197969544,0.06598984771573604
NP_418673.4,150,0.1,0.06666666666666667,0.07333333333333333,0.08
NP_418674.2,604,0.033112582781456956,0.0347682119205298,0.04304635761589404,0.11589403973509933
NP_418675.1,334,0.11077844311377245,0.07784431137724551,0.059880239520958084,0.10778443113772455
NP_418676.1,138,0.07246376811594203,0.057971014492753624,0.057971014492753624,0.10869565217391304
NP_418679.1,951,0.08201892744479496,0.0694006309148265,0.06414300736067298,0.08307045215562565
NP_418680.1,147,0.1292517006802721,0.047619047619047616,0.06802721088435375,0.08843537414965986
NP_418681.1,503,0.09542743538767395,0.09741550695825049,0.06759443339960239,0.09940357852882704
NP_418682.1,366,0.09836065573770492,0.06284153005464481,0.09289617486338798,0.1557377049180328
NP_418683.4,360,0.075,0.09166666666666666,0.08055555555555556,0.12777777777777777
NP_418684.1,500,0.09,0.096,0.074,0.118
NP_418685.1,332,0.06927710843373494,0.0572289156626506,0.04819277108433735,0.10542168674698796
NP_418686.1,439,0.11845102505694761,0.10022779043280182,0.10022779043280182,0.13211845102505695
NP_418687.1,254,0.1220472440944882,0.08267716535433071,0.08661417322834646,0.07874015748031496
NP_418688.1,343,0.08746355685131195,0.09329446064139942,0.10204081632653061,0.061224489795918366
NP_418689.1,187,0.0855614973262032,0.06417112299465241,0.0427807486631016,0.10160427807486631
NP_418690.4,339,0.10029498525073746,0.10324483775811209,0.0855457227138643,0.08259587020648967
NP_418692.2,121,0.12396694214876033,0.0743801652892562,0.0743801652892562,0.10743801652892562
NP_418693.1,301,0.08637873754152824,0.06312292358803986,0.06312292358803986,0.09302325581395349
NP_418697.1,109,0.03669724770642202,0.11926605504587157,0.05504587155963303,0.13761467889908258
NP_418698.1,442,0.07013574660633484,0.06787330316742081,0.05429864253393665,0.13122171945701358
NP_418699.4,405,0.08395061728395062,0.10864197530864197,0.07407407407407407,0.11604938271604938
NP_418700.2,372,0.07526881720430108,0.08602150537634409,0.056451612903225805,0.08064516129032258
NP_418704.1,383,0.057441253263707574,0.057441253263707574,0.0391644908616188,0.10443864229765012
NP_418707.1,255,0.054901960784313725,0.07058823529411765,0.09019607843137255,0.14901960784313725
NP_418708.1,318,0.12578616352201258,0.07547169811320754,0.0880503144654088,0.21069182389937108
NP_418709.1,332,0.1355421686746988,0.08734939759036145,0.09036144578313253,0.20180722891566266
NP_418710.4,300,0.14333333333333334,0.04666666666666667,0.07333333333333333,0.11
NP_418711.1,774,0.07622739018087855,0.1020671834625323,0.05297157622739018,0.08527131782945736
NP_418712.1,317,0.0914826498422713,0.0694006309148265,0.06624605678233439,0.12302839116719243
NP_418713.1,173,0.08092485549132948,0.05202312138728324,0.046242774566473986,0.16184971098265896
NP_418714.1,91,0.07692307692307693,0.0989010989010989,0.054945054945054944,0.054945054945054944
NP_418715.2,328,0.07621951219512195,0.08231707317073171,0.0975609756097561,0.10365853658536585
NP_418716.1,449,0.10022271714922049,0.1091314031180401,0.0757238307349666,0.1514476614699332
NP_418717.1,655,0.10534351145038168,0.10076335877862595,0.061068702290076333,0.09770992366412214
NP_418718.4,301,0.09302325581395349,0.07641196013289037,0.08637873754152824,0.10963455149501661
NP_418719.1,262,0.05343511450381679,0.0648854961832061,0.04961832061068702,0.14122137404580154
NP_418720.1,260,0.08461538461538462,0.057692307692307696,0.057692307692307696,0.08461538461538462
NP_418721.1,210,0.13333333333333333,0.05714285714285714,0.0380952380952381,0.1
NP_418722.1,143,0.13286713286713286,0.055944055944055944,0.06993006993006994,0.08391608391608392
NP_418723.1,268,0.1044776119402985,0.0708955223880597,0.10074626865671642,0.07462686567164178
NP_418724.1,437,0.08695652173913043,0.10983981693363844,0.10983981693363844,0.11670480549199085
NP_418725.4,373,0.08310991957104558,0.08042895442359249,0.08310991957104558,0.09651474530831099
NP_418726.1,248,0.12096774193548387,0.0967741935483871,0.056451612903225805,0.0846774193548387
NP_418727.1,181,0.09944751381215469,0.08839779005524862,0.04419889502762431,0.09392265193370165
NP_418729.1,326,0.09202453987730061,0.0736196319018405,0.03067484662576687,0.06748466257668712
NP_418730.4,368,0.10054347826086957,0.11956521739130435,0.059782608695652176,0.06521739130434782
NP_418731.2,238,0.058823529411764705,0.06302521008403361,0.0546218487394958,0.07563025210084033
NP_418732.1,200,0.08,0.065,0.02,0.11
NP_418733.1,198,0.09595959595959595,0.0707070707070707,0.03535353535353535,0.09595959595959595
NP_418734.1,182,0.1978021978021978,0.08791208791208792,0.09340659340659341,0.08241758241758242
NP_418735.2,179,0.09497206703910614,0.10614525139664804,0.08379888268156424,0.0782122905027933
NP_418736.3,241,0.0954356846473029,0.05394190871369295,0.06224066390041494,0.1078838174273859
NP_418737.1,878,0.08200455580865604,0.09567198177676538,0.05694760820045558,0.09567198177676538
NP_418738.1,176,0.13636363636363635,0.056818181818181816,0.07386363636363637,0.11363636363636363
NP_418739.1,167,0.1377245508982036,0.07784431137724551,0.08982035928143713,0.07784431137724551
NP_418740.1,300,0.08666666666666667,0.1,0.12333333333333334,0.07
NP_418741.1,447,0.1185682326621924,0.087248322147651,0.10738255033557047,0.1342281879194631
NP_418742.1,394,0.08883248730964467,0.06345177664974619,0.07360406091370558,0.07360406091370558
NP_418743.1,486,0.11316872427983539,0.06995884773662552,0.06995884773662552,0.10699588477366255
NP_418744.1,257,0.10116731517509728,0.042801556420233464,0.05058365758754864,0.11673151750972763
NP_418745.3,276,0.07246376811594203,0.07971014492753623,0.036231884057971016,0.09057971014492754
NP_418746.4,130,0.06153846153846154,0.03076923076923077,0.05384615384615385,0.16153846153846155
NP_418747.1,303,0.07920792079207921,0.039603960396039604,0.0462046204620462,0.132013201320132
NP_418748.1,390,0.09487179487179487,0.10256410256410256,0.08974358974358974,0.10256410256410256
NP_418749.1,153,0.12418300653594772,0.0915032679738562,0.12418300653594772,0.12418300653594772
NP_418750.2,227,0.12334801762114538,0.12334801762114538,0.07048458149779736,0.11013215859030837
NP_418751.4,184,0.11413043478260869,0.06521739130434782,0.07065217391304347,0.09239130434782608
NP_418752.1,392,0.11479591836734694,0.10204081632653061,0.05102040816326531,0.19387755102040816
NP_418753.3,286,0.06293706293706294,0.04895104895104895,0.06293706293706294,0.07692307692307693
NP_418754.2,255,0.12156862745098039,0.08627450980392157,0.06274509803921569,0.08627450980392157
NP_418755.4,383,0.09138381201044386,0.06266318537859007,0.08093994778067885,0.08616187989556136
NP_418756.1,426,0.11032863849765258,0.04460093896713615,0.056338028169014086,0.1431924882629108
NP_418757.1,410,0.10975609756097561,0.07073170731707316,0.1024390243902439,0.12926829268292683
NP_418760.1,470,0.07234042553191489,0.05531914893617021,0.07659574468085106,0.1
NP_418761.1,54,0.05555555555555555,0.037037037037037035,0.07407407407407407,0.09259259259259259
NP_418765.1,348,0.031609195402298854,0.0603448275862069,0.034482758620689655,0.1206896551724138
NP_418766.4,459,0.0457516339869281,0.06100217864923747,0.04357298474945534,0.07407407407407407
NP_418767.4,113,0.1415929203539823,0.061946902654867256,0.09734513274336283,0.05309734513274336
NP_418768.1,464,0.08189655172413793,0.0603448275862069,0.0603448275862069,0.10560344827586207
NP_418769.1,529,0.06805293005671077,0.07750472589792061,0.052930056710775046,0.10964083175803403
NP_418770.2,1170,0.08034188034188035,0.04871794871794872,0.06581196581196581,0.09487179487179487
NP_418771.1,304,0.09539473684210527,0.08223684210526316,0.09210526315789473,0.1118421052631579
NP_418772.4,318,0.06918238993710692,0.06918238993710692,0.06918238993710692,0.12264150943396226
NP_418773.1,67,0.05970149253731343,0.13432835820895522,0.014925373134328358,0.04477611940298507
NP_418774.2,716,0.10614525139664804,0.09636871508379888,0.0935754189944134,0.11731843575418995
NP_418775.1,551,0.14156079854809436,0.06352087114337568,0.08348457350272233,0.08166969147005444
NP_418776.1,453,0.10596026490066225,0.08830022075055188,0.06181015452538632,0.10816777041942605
NP_418778.4,340,0.11470588235294117,0.09411764705882353,0.08235294117647059,0.07058823529411765
NP_418779.2,763,0.06946264744429882,0.07339449541284404,0.0655307994757536,0.10091743119266056
NP_418780.2,164,0.11585365853658537,0.07317073170731707,0.036585365853658534,0.14634146341463414
NP_418781.1,245,0.061224489795918366,0.0653061224489796,0.053061224489795916,0.08979591836734693
NP_418782.1,179,0.1452513966480447,0.0670391061452514,0.1005586592178771,0.09497206703910614
NP_418783.2,157,0.10828025477707007,0.08280254777070063,0.07643312101910828,0.12738853503184713
NP_418784.4,256,0.09765625,0.0703125,0.07421875,0.140625
NP_418785.1,241,0.08713692946058091,0.04564315352697095,0.058091286307053944,0.1078838174273859
NP_418786.4,225,0.07111111111111111,0.04,0.04,0.1111111111111111
NP_418787.1,262,0.08015267175572519,0.03435114503816794,0.0648854961832061,0.13740458015267176
NP_418788.1,343,0.10204081632653061,0.07580174927113703,0.08454810495626822,0.10495626822157435
NP_418789.1,137,0.10948905109489052,0.043795620437956206,0.058394160583941604,0.1386861313868613
NP_418790.1,148,0.13513513513513514,0.0472972972972973,0.033783783783783786,0.10810810810810811
NP_418791.1,225,0.08888888888888889,0.07111111111111111,0.05333333333333334,0.1111111111111111
NP_418792.1,529,0.07183364839319471,0.07183364839319471,0.08128544423440454,0.09262759924385633
NP_418793.1,201,0.11940298507462686,0.05970149253731343,0.12935323383084577,0.05472636815920398
NP_418794.1,357,0.08403361344537816,0.07282913165266107,0.06162464985994398,0.10084033613445378
NP_418796.1,287,0.08362369337979095,0.07317073170731707,0.08710801393728224,0.12195121951219512
NP_418797.1,516,0.08914728682170543,0.060077519379844964,0.05232558139534884,0.10852713178294573
NP_418798.1,259,0.15444015444015444,0.0694980694980695,0.06177606177606178,0.08494208494208494
NP_418799.1,440,0.12727272727272726,0.08863636363636364,0.07727272727272727,0.08181818181818182
NP_418800.1,407,0.09090909090909091,0.11302211302211303,0.05405405405405406,0.085995085995086
NP_418801.1,239,0.1087866108786611,0.09623430962343096,0.08368200836820083,0.06276150627615062
NP_418802.1,443,0.10158013544018059,0.07223476297968397,0.060948081264108354,0.10158013544018059
NP_418803.1,338,0.09763313609467456,0.0650887573964497,0.0621301775147929,0.10650887573964497
NP_418804.1,214,0.08411214953271028,0.056074766355140186,0.06074766355140187,0.1588785046728972
NP_418805.1,322,0.11490683229813664,0.08385093167701864,0.06832298136645963,0.13354037267080746
NP_418806.1,460,0.1,0.08695652173913043,0.10434782608695652,0.10652173913043478
NP_418807.4,410,0.06341463414634146,0.06097560975609756,0.06097560975609756,0.08780487804878048
NP_418808.1,555,0.07387387387387387,0.08648648648648649,0.05405405405405406,0.11531531531531532
NP_418809.4,645,0.11472868217054263,0.05581395348837209,0.05116279069767442,0.08837209302325581
NP_418810.1,108,0.09259259259259259,0.046296296296296294,0.046296296296296294,0.17592592592592593
NP_418811.2,170,0.1411764705882353,0.08823529411764706,0.09411764705882353,0.058823529411764705
NP_418812.1,215,0.07906976744186046,0.07441860465116279,0.05581395348837209,0.12093023255813953
NP_418813.1,289,0.07612456747404844,0.06920415224913495,0.04152249134948097,0.10726643598615918
NP_418814.1,157,0.08917197452229299,0.07643312101910828,0.10828025477707007,0.08280254777070063
NP_418815.1,229,0.06550218340611354,0.05240174672489083,0.08296943231441048,0.14410480349344978
NP_418816.1,474,0.11392405063291139,0.06751054852320675,0.08860759493670886,0.12869198312236288
NP_418817.1,450,0.07555555555555556,0.07777777777777778,0.07555555555555556,0.14
NP_418818.1,238,0.046218487394957986,0.06722689075630252,0.04201680672268908,0.1092436974789916
NP_418819.1,46,0.06521739130434782,0.021739130434782608,0.15217391304347827,0.10869565217391304
NP_418820.1,228,0.13157894736842105,0.039473684210526314,0.07017543859649122,0.13157894736842105
YP_001165307.1,159,0.05660377358490566,0.050314465408805034,0.05660377358490566,0.1069182389937107
YP_001165308.1,33,0.06060606060606061,0.06060606060606061,0.0,0.15151515151515152
YP_001165309.1,64,0.0625,0.03125,0.015625,0.03125
YP_001165313.1,30,0.0,0.03333333333333333,0.1,0.3
YP_001165314.1,57,0.03508771929824561,0.0,0.05263157894736842,0.12280701754385964
YP_001165315.1,61,0.03278688524590164,0.0,0.04918032786885246,0.08196721311475409
YP_001165316.1,57,0.03508771929824561,0.03508771929824561,0.017543859649122806,0.07017543859649122
YP_001165317.1,57,0.12280701754385964,0.017543859649122806,0.07017543859649122,0.10526315789473684
YP_001165318.1,31,0.06451612903225806,0.06451612903225806,0.12903225806451613,0.0967741935483871
YP_001165319.1,31,0.0967741935483871,0.0967741935483871,0.06451612903225806,0.12903225806451613
YP_001165320.1,27,0.07407407407407407,0.037037037037037035,0.037037037037037035,0.18518518518518517
YP_001165321.1,29,0.10344827586206896,0.06896551724137931,0.13793103448275862,0.20689655172413793
YP_001165325.1,19,0.0,0.05263157894736842,0.05263157894736842,0.10526315789473684
YP_001165328.2,27,0.1111111111111111,0.037037037037037035,0.037037037037037035,0.3333333333333333
YP_001165331.1,29,0.13793103448275862,0.0,0.10344827586206896,0.3103448275862069
YP_001165332.1,92,0.07608695652173914,0.05434782608695652,0.07608695652173914,0.09782608695652174
YP_001165333.1,67,0.04477611940298507,0.0,0.05970149253731343,0.16417910447761194
YP_001165334.1,91,0.13186813186813187,0.03296703296703297,0.06593406593406594,0.12087912087912088
YP_001491546.1,28,0.03571428571428571,0.03571428571428571,0.10714285714285714,0.03571428571428571
YP_001491548.1,41,0.04878048780487805,0.0,0.07317073170731707,0.12195121951219512
YP_002791237.1,43,0.046511627906976744,0.023255813953488372,0.023255813953488372,0.13953488372093023
YP_002791238.1,33,0.06060606060606061,0.0,0.15151515151515152,0.09090909090909091
YP_002791239.1,34,0.08823529411764706,0.0,0.08823529411764706,0.058823529411764705
YP_002791240.1,21,0.0,0.0,0.047619047619047616,0.047619047619047616
YP_002791241.1,84,0.03571428571428571,0.011904761904761904,0.023809523809523808,0.17857142857142858
YP_002791242.1,32,0.15625,0.125,0.125,0.03125
YP_002791243.1,24,0.041666666666666664,0.125,0.125,0.08333333333333333
YP_002791244.1,21,0.0,0.0,0.047619047619047616,0.14285714285714285
YP_002791245.1,28,0.0,0.03571428571428571,0.03571428571428571,0.07142857142857142
YP_002791246.1,20,0.15,0.05,0.15,0.0
YP_002791247.1,19,0.05263157894736842,0.0,0.15789473684210525,0.15789473684210525
YP_002791248.1,18,0.05555555555555555,0.0,0.16666666666666666,0.2222222222222222
YP_002791249.1,27,0.037037037037037035,0.07407407407407407,0.14814814814814814,0.18518518518518517
YP_002791250.1,23,0.08695652173913043,0.08695652173913043,0.08695652173913043,0.043478260869565216
YP_002791251.1,26,0.038461538461538464,0.0,0.07692307692307693,0.23076923076923078
YP_002791252.1,46,0.043478260869565216,0.021739130434782608,0.08695652173913043,0.043478260869565216
YP_002791253.1,26,0.038461538461538464,0.0,0.038461538461538464,0.19230769230769232
YP_002791254.1,41,0.07317073170731707,0.0,0.04878048780487805,0.1951219512195122
YP_002791255.1,19,0.05263157894736842,0.0,0.10526315789473684,0.2631578947368421
YP_002791256.1,19,0.10526315789473684,0.0,0.15789473684210525,0.2631578947368421
YP_002791257.1,19,0.0,0.0,0.15789473684210525,0.3157894736842105
YP_002791258.1,26,0.15384615384615385,0.038461538461538464,0.038461538461538464,0.11538461538461539
YP_002791259.1,16,0.0,0.0625,0.0,0.0
YP_002791260.1,36,0.16666666666666666,0.05555555555555555,0.1111111111111111,0.1111111111111111
YP_002791261.1,17,0.058823529411764705,0.058823529411764705,0.11764705882352941,0.0
YP_003933616.1,17,0.0,0.0,0.0,0.17647058823529413
YP_004831120.1,29,0.034482758620689655,0.0,0.1724137931034483,0.10344827586206896
YP_008592385.1,21,0.19047619047619047,0.0,0.09523809523809523,0.09523809523809523
YP_009029994.1,419,0.13365155131264916,0.10739856801909307,0.059665871121718374,0.07637231503579953
YP_009029995.1,42,0.0,0.0,0.07142857142857142,0.09523809523809523
YP_009518733.1,161,0.055900621118012424,0.012422360248447204,0.031055900621118012,0.10559006211180125
YP_009518734.1,216,0.037037037037037035,0.06481481481481481,0.07407407407407407,0.11574074074074074
YP_009518735.1,52,0.057692307692307696,0.038461538461538464,0.07692307692307693,0.1346153846153846
YP_009518736.1,14,0.0,0.07142857142857142,0.0,0.14285714285714285
YP_009518737.1,14,0.07142857142857142,0.0,0.0,0.07142857142857142
YP_009518738.1,21,0.14285714285714285,0.09523809523809523,0.0,0.09523809523809523
YP_009518739.1,167,0.03592814371257485,0.0658682634730539,0.0718562874251497,0.10778443113772455
YP_009518740.1,91,0.07692307692307693,0.0989010989010989,0.054945054945054944,0.054945054945054944
YP_009518741.1,381,0.07874015748031496,0.06561679790026247,0.06036745406824147,0.11548556430446194
YP_009518742.1,116,0.06896551724137931,0.08620689655172414,0.05172413793103448,0.13793103448275862
YP_009518743.1,42,0.11904761904761904,0.11904761904761904,0.023809523809523808,0.11904761904761904
YP_009518744.1,243,0.102880658436214,0.04938271604938271,0.0823045267489712,0.09876543209876543
YP_009518745.1,74,0.04054054054054054,0.02702702702702703,0.02702702702702703,0.12162162162162163
YP_009518746.1,136,0.08823529411764706,0.08088235294117647,0.03676470588235294,0.125
YP_009518747.1,24,0.041666666666666664,0.041666666666666664,0.125,0.16666666666666666
YP_009518748.2,106,0.16981132075471697,0.12264150943396226,0.12264150943396226,0.11320754716981132
YP_009518749.1,39,0.15384615384615385,0.0,0.0,0.10256410256410256
YP_009518750.1,27,0.1111111111111111,0.0,0.0,0.07407407407407407
YP_009518751.1,431,0.11832946635730858,0.05104408352668213,0.06728538283062645,0.13225058004640372
YP_009518752.1,70,0.08571428571428572,0.07142857142857142,0.08571428571428572,0.07142857142857142
YP_009518753.1,123,0.0975609756097561,0.056910569105691054,0.08943089430894309,0.0975609756097561
YP_009518754.1,49,0.02040816326530612,0.0,0.08163265306122448,0.24489795918367346
YP_009518755.1,187,0.09090909090909091,0.0481283422459893,0.09090909090909091,0.0855614973262032
YP_009518756.1,61,0.09836065573770492,0.01639344262295082,0.03278688524590164,0.08196721311475409
YP_009518757.1,29,0.1724137931034483,0.034482758620689655,0.06896551724137931,0.13793103448275862
YP_009518758.1,84,0.047619047619047616,0.07142857142857142,0.07142857142857142,0.09523809523809523
YP_009518759.1,35,0.0,0.08571428571428572,0.14285714285714285,0.05714285714285714
YP_009518760.1,21,0.0,0.0,0.09523809523809523,0.0
YP_009518761.1,62,0.06451612903225806,0.03225806451612903,0.03225806451612903,0.06451612903225806
YP_009518762.2,8,0.125,0.0,0.125,0.0
YP_009518763.1,103,0.08737864077669903,0.07766990291262135,0.1262135922330097,0.0970873786407767
YP_009518764.1,455,0.09230769230769231,0.06813186813186813,0.06813186813186813,0.07032967032967033
YP_009518765.1,157,0.08280254777070063,0.07643312101910828,0.07643312101910828,0.10828025477707007
YP_009518766.1,14,0.14285714285714285,0.0,0.0,0.07142857142857142
YP_009518767.1,36,0.0,0.0,0.05555555555555555,0.1388888888888889
YP_009518768.1,67,0.11940298507462686,0.029850746268656716,0.014925373134328358,0.11940298507462686
YP_009518769.1,91,0.15384615384615385,0.10989010989010989,0.04395604395604396,0.12087912087912088
YP_009518770.2,326,0.08588957055214724,0.049079754601226995,0.03680981595092025,0.09815950920245399
YP_009518771.1,31,0.06451612903225806,0.03225806451612903,0.0,0.12903225806451613
YP_009518772.1,54,0.037037037037037035,0.1111111111111111,0.018518518518518517,0.1111111111111111
YP_009518773.1,60,0.08333333333333333,0.06666666666666667,0.05,0.06666666666666667
YP_009518774.1,21,0.09523809523809523,0.047619047619047616,0.0,0.047619047619047616
YP_009518775.1,57,0.03508771929824561,0.017543859649122806,0.05263157894736842,0.05263157894736842
YP_009518776.1,186,0.12903225806451613,0.04838709677419355,0.05913978494623656,0.08602150537634409
YP_009518777.1,119,0.09243697478991597,0.05042016806722689,0.06722689075630252,0.10084033613445378
YP_009518778.1,342,0.15204678362573099,0.06140350877192982,0.04678362573099415,0.09064327485380116
YP_009518779.1,37,0.02702702702702703,0.05405405405405406,0.02702702702702703,0.13513513513513514
YP_009518780.1,61,0.0,0.0,0.06557377049180328,0.11475409836065574
YP_009518781.1,318,0.03773584905660377,0.018867924528301886,0.031446540880503145,0.16037735849056603
YP_009518782.1,96,0.09375,0.11458333333333333,0.07291666666666667,0.08333333333333333
YP_009518783.1,13,0.07692307692307693,0.0,0.23076923076923078,0.15384615384615385
YP_009518784.1,40,0.0,0.05,0.125,0.1
YP_009518785.1,382,0.0549738219895288,0.10732984293193717,0.060209424083769635,0.07068062827225131
YP_009518786.1,427,0.11241217798594848,0.08899297423887588,0.05620608899297424,0.10304449648711944
YP_009518787.1,37,0.02702702702702703,0.05405405405405406,0.02702702702702703,0.13513513513513514
YP_009518788.1,189,0.1111111111111111,0.06349206349206349,0.05291005291005291,0.08994708994708994
YP_009518789.1,21,0.09523809523809523,0.09523809523809523,0.047619047619047616,0.14285714285714285
YP_009518790.1,62,0.03225806451612903,0.03225806451612903,0.016129032258064516,0.06451612903225806
YP_009518791.1,29,0.06896551724137931,0.034482758620689655,0.06896551724137931,0.20689655172413793
YP_009518792.1,49,0.04081632653061224,0.0,0.04081632653061224,0.061224489795918366
YP_009518793.1,96,0.125,0.052083333333333336,0.052083333333333336,0.052083333333333336
YP_009518794.1,36,0.1111111111111111,0.05555555555555555,0.05555555555555555,0.08333333333333333
YP_009518795.2,52,0.057692307692307696,0.019230769230769232,0.038461538461538464,0.1346153846153846
YP_009518796.1,58,0.10344827586206896,0.017241379310344827,0.034482758620689655,0.10344827586206896
YP_009518797.1,64,0.09375,0.046875,0.109375,0.09375
YP_009518798.1,118,0.11016949152542373,0.07627118644067797,0.09322033898305085,0.1016949152542373
YP_009518799.1,274,0.0948905109489051,0.040145985401459854,0.08394160583941605,0.07664233576642336
YP_009518800.1,614,0.11726384364820847,0.05211726384364821,0.06026058631921824,0.12052117263843648
YP_009518801.1,54,0.09259259259259259,0.05555555555555555,0.05555555555555555,0.05555555555555555
YP_009518802.1,47,0.02127659574468085,0.0851063829787234,0.06382978723404255,0.0851063829787234
YP_009518803.1,91,0.12087912087912088,0.06593406593406594,0.03296703296703297,0.0989010989010989
YP_009518804.1,122,0.06557377049180328,0.03278688524590164,0.05737704918032787,0.06557377049180328
YP_009518805.1,46,0.06521739130434782,0.043478260869565216,0.021739130434782608,0.10869565217391304
YP_009518806.1,51,0.0196078431372549,0.0784313725490196,0.0,0.21568627450980393
YP_009518807.1,104,0.019230769230769232,0.04807692307692308,0.028846153846153848,0.08653846153846154
YP_009518808.1,263,0.030418250950570342,0.049429657794676805,0.057034220532319393,0.07604562737642585
YP_009518809.1,160,0.0625,0.05625,0.0625,0.10625
YP_009518810.1,48,0.041666666666666664,0.0625,0.08333333333333333,0.125
YP_009518811.1,264,0.08333333333333333,0.05303030303030303,0.04924242424242424,0.125
YP_009518812.1,23,0.0,0.043478260869565216,0.17391304347826086,0.043478260869565216
YP_009518813.1,27,0.037037037037037035,0.037037037037037035,0.07407407407407407,0.037037037037037035
YP_009518814.1,83,0.07228915662650602,0.060240963855421686,0.04819277108433735,0.14457831325301204
YP_009518815.1,390,0.08461538461538462,0.06666666666666667,0.038461538461538464,0.09743589743589744
YP_009518816.1,47,0.0851063829787234,0.06382978723404255,0.0425531914893617,0.10638297872340426
YP_009518818.1,56,0.10714285714285714,0.017857142857142856,0.08928571428571429,0.125
YP_009518819.1,93,0.07526881720430108,0.10752688172043011,0.10752688172043011,0.15053763440860216
YP_009518820.1,51,0.0392156862745098,0.0196078431372549,0.0392156862745098,0.13725490196078433
YP_009518821.1,111,0.13513513513513514,0.036036036036036036,0.009009009009009009,0.12612612612612611
YP_009518822.1,228,0.10964912280701754,0.10087719298245613,0.08771929824561403,0.09649122807017543
YP_009518824.1,161,0.10559006211180125,0.06832298136645963,0.062111801242236024,0.11180124223602485
YP_009518825.1,368,0.09782608695652174,0.11141304347826086,0.07880434782608696,0.125
YP_009518826.1,26,0.0,0.038461538461538464,0.038461538461538464,0.07692307692307693
YP_009518827.1,33,0.030303030303030304,0.030303030303030304,0.030303030303030304,0.030303030303030304
YP_009518828.1,161,0.11801242236024845,0.06832298136645963,0.09316770186335403,0.08074534161490683
YP_009518830.1,33,0.0,0.030303030303030304,0.09090909090909091,0.09090909090909091
YP_009518831.1,47,0.0425531914893617,0.0425531914893617,0.0,0.0851063829787234
YP_009518832.1,27,0.18518518518518517,0.07407407407407407,0.037037037037037035,0.0
YP_009518833.1,85,0.047058823529411764,0.10588235294117647,0.07058823529411765,0.08235294117647059
YP_009518834.1,505,0.061386138613861385,0.06534653465346535,0.07326732673267326,0.09900990099009901
YP_010051172.1,799,0.08385481852315395,0.07884856070087609,0.0688360450563204,0.10387984981226533
YP_010051173.1,15,0.06666666666666667,0.0,0.0,0.06666666666666667
YP_010051174.1,31,0.03225806451612903,0.03225806451612903,0.06451612903225806,0.0
YP_010051175.1,18,0.05555555555555555,0.05555555555555555,0.16666666666666666,0.0
YP_010051176.1,34,0.058823529411764705,0.0,0.0,0.0
YP_010051177.1,10,0.0,0.0,0.1,0.0
YP_010051178.1,19,0.15789473684210525,0.10526315789473684,0.05263157894736842,0.05263157894736842
YP_010051179.1,24,0.16666666666666666,0.0,0.125,0.0
YP_010051180.1,242,0.10330578512396695,0.08264462809917356,0.07851239669421488,0.09917355371900827
YP_010051181.1,17,0.058823529411764705,0.11764705882352941,0.058823529411764705,0.23529411764705882
YP_010051182.1,42,0.09523809523809523,0.047619047619047616,0.0,0.07142857142857142
YP_010051183.1,15,0.06666666666666667,0.0,0.0,0.13333333333333333
YP_010051184.1,22,0.13636363636363635,0.045454545454545456,0.045454545454545456,0.18181818181818182
YP_010051185.1,34,0.0,0.08823529411764706,0.11764705882352941,0.029411764705882353
YP_010051186.1,56,0.05357142857142857,0.017857142857142856,0.07142857142857142,0.07142857142857142
YP_010051187.1,33,0.030303030303030304,0.030303030303030304,0.030303030303030304,0.18181818181818182
YP_010051188.1,14,0.07142857142857142,0.07142857142857142,0.0,0.07142857142857142
YP_010051189.1,11,0.09090909090909091,0.09090909090909091,0.09090909090909091,0.0
YP_010051190.1,48,0.0625,0.125,0.0625,0.125
YP_010051191.1,9,0.0,0.1111111111111111,0.0,0.2222222222222222
YP_010051192.1,13,0.0,0.0,0.15384615384615385,0.0
YP_010051193.1,20,0.05,0.15,0.15,0.2
YP_010051194.1,709,0.08744710860366714,0.07052186177715092,0.0691114245416079,0.11001410437235543
YP_010051195.1,47,0.0851063829787234,0.06382978723404255,0.0,0.14893617021276595
YP_010051196.1,27,0.1111111111111111,0.0,0.037037037037037035,0.2222222222222222
YP_010051197.1,286,0.11538461538461539,0.04895104895104895,0.06993006993006994,0.11888111888111888
YP_010051198.1,19,0.05263157894736842,0.10526315789473684,0.05263157894736842,0.10526315789473684
YP_010051199.1,331,0.10876132930513595,0.04833836858006042,0.08157099697885196,0.08157099697885196
YP_010051200.1,27,0.07407407407407407,0.0,0.07407407407407407,0.1111111111111111
YP_010051201.1,13,0.15384615384615385,0.0,0.0,0.23076923076923078
YP_010051202.1,9,0.0,0.1111111111111111,0.1111111111111111,0.1111111111111111
YP_010051203.1,37,0.08108108108108109,0.05405405405405406,0.02702702702702703,0.1891891891891892
YP_010051204.1,24,0.08333333333333333,0.041666666666666664,0.041666666666666664,0.16666666666666666
YP_010051205.1,17,0.058823529411764705,0.058823529411764705,0.23529411764705882,0.11764705882352941
YP_010051206.1,23,0.13043478260869565,0.08695652173913043,0.043478260869565216,0.13043478260869565
YP_010051207.1,8,0.0,0.0,0.0,0.0
YP_010051208.1,80,0.1,0.0125,0.025,0.1375
YP_010051209.1,24,0.125,0.0,0.08333333333333333,0.16666666666666666
YP_010051210.1,36,0.08333333333333333,0.027777777777777776,0.027777777777777776,0.08333333333333333
YP_010051211.1,19,0.05263157894736842,0.0,0.05263157894736842,0.0
YP_010051212.1,24,0.041666666666666664,0.08333333333333333,0.041666666666666664,0.041666666666666664
YP_010051213.1,18,0.0,0.0,0.0,0.1111111111111111
YP_010051214.1,16,0.0625,0.0,0.0,0.0625
YP_010051215.1,22,0.0,0.045454545454545456,0.18181818181818182,0.045454545454545456
YP_010051216.1,32,0.125,0.0,0.03125,0.125
YP_010051217.1,298,0.040268456375838924,0.06040268456375839,0.04697986577181208,0.087248322147651
YP_010283908.1,10,0.0,0.0,0.1,0.0
YP_010283909.1,19,0.10526315789473684,0.10526315789473684,0.0,0.10526315789473684
YP_010283910.1,64,0.109375,0.015625,0.0,0.0625
YP_010283911.1,654,0.0871559633027523,0.06880733944954129,0.08409785932721713,0.11773700305810397
YP_010283912.1,16,0.0,0.0625,0.125,0.0
YP_010283913.1,29,0.034482758620689655,0.034482758620689655,0.06896551724137931,0.13793103448275862
YP_010283914.1,41,0.024390243902439025,0.04878048780487805,0.12195121951219512,0.17073170731707318
YP_010283915.1,733,0.11596180081855388,0.08594815825375171,0.10231923601637108,0.06275579809004093
YP_010283916.1,726,0.11707988980716254,0.08677685950413223,0.10330578512396695,0.06336088154269973
YP_010283917.1,17,0.058823529411764705,0.0,0.0,0.17647058823529413
YP_010283918.1,18,0.0,0.0,0.1111111111111111,0.1111111111111111
YP_010283919.1,18,0.0,0.0,0.05555555555555555,0.2222222222222222
YP_010283920.1,11,0.0,0.0,0.0,0.09090909090909091
YP_010283921.1,17,0.0,0.0,0.0,0.058823529411764705
YP_013606033.1,60,0.06666666666666667,0.05,0.05,0.08333333333333333
YP_013606034.1,15,0.0,0.13333333333333333,0.06666666666666667,0.26666666666666666
YP_025292.1,50,0.14,0.02,0.16,0.06
YP_025293.1,392,0.1326530612244898,0.08163265306122448,0.08163265306122448,0.12755102040816327
YP_025294.2,574,0.08188153310104529,0.08536585365853659,0.10278745644599303,0.09233449477351917
YP_025295.1,50,0.1,0.04,0.12,0.18
YP_025297.1,35,0.2,0.02857142857142857,0.02857142857142857,0.08571428571428572
YP_025298.1,35,0.2,0.05714285714285714,0.02857142857142857,0.08571428571428572
YP_025299.1,35,0.2,0.02857142857142857,0.02857142857142857,0.08571428571428572
YP_025300.1,337,0.08902077151335312,0.06528189910979229,0.06824925816023739,0.11869436201780416
YP_025301.1,49,0.061224489795918366,0.02040816326530612,0.061224489795918366,0.1836734693877551
YP_025302.1,483,0.09109730848861283,0.057971014492753624,0.06625258799171843,0.11594202898550725
YP_025303.1,41,0.04878048780487805,0.04878048780487805,0.14634146341463414,0.12195121951219512
YP_025304.1,155,0.07741935483870968,0.16774193548387098,0.16129032258064516,0.05806451612903226
YP_025305.1,298,0.09060402684563758,0.06040268456375839,0.07046979865771812,0.1174496644295302
YP_025306.1,403,0.13399503722084366,0.06947890818858561,0.08684863523573201,0.15632754342431762
YP_025307.1,457,0.12472647702407003,0.09190371991247265,0.08533916849015317,0.13347921225382933
YP_025308.1,753,0.0849933598937583,0.0703851261620186,0.05312084993359894,0.0796812749003984
YP_025309.2,248,0.125,0.08870967741935484,0.07258064516129033,0.0967741935483871
YP_025310.1,222,0.11261261261261261,0.07657657657657657,0.05405405405405406,0.06756756756756757
YP_026160.1,66,0.18181818181818182,0.045454545454545456,0.09090909090909091,0.12121212121212122
YP_026161.1,232,0.1206896551724138,0.05603448275862069,0.07327586206896551,0.07758620689655173
YP_026162.2,328,0.11280487804878049,0.11280487804878049,0.10060975609756098,0.12195121951219512
YP_026163.2,121,0.12396694214876033,0.0743801652892562,0.0743801652892562,0.10743801652892562
YP_026164.1,1039,0.0933589990375361,0.14918190567853706,0.08950914340712224,0.07892204042348412
YP_026168.2,291,0.07903780068728522,0.07216494845360824,0.09621993127147767,0.16151202749140894
YP_026169.1,404,0.08168316831683169,0.08415841584158416,0.06188118811881188,0.0891089108910891
YP_026170.1,1295,0.11428571428571428,0.08803088803088803,0.06872586872586872,0.09652509652509653
YP_026171.3,428,0.05841121495327103,0.053738317757009345,0.09813084112149532,0.11448598130841121
YP_026172.1,553,0.10669077757685352,0.06329113924050633,0.039783001808318265,0.13743218806509946
YP_026173.1,287,0.08013937282229965,0.05574912891986063,0.09407665505226481,0.10801393728222997
YP_026174.2,78,0.15384615384615385,0.11538461538461539,0.16666666666666666,0.10256410256410256
YP_026180.1,187,0.06417112299465241,0.10160427807486631,0.058823529411764705,0.13903743315508021
YP_026181.1,319,0.09717868338557993,0.12225705329153605,0.0877742946708464,0.10031347962382445
YP_026182.1,485,0.13402061855670103,0.07835051546391752,0.09072164948453608,0.11752577319587629
YP_026183.1,484,0.06611570247933884,0.08884297520661157,0.07644628099173553,0.06611570247933884
YP_026185.1,396,0.10353535353535354,0.06565656565656566,0.05303030303030303,0.10353535353535354
YP_026186.1,455,0.12527472527472527,0.11648351648351649,0.10329670329670329,0.13626373626373625
YP_026187.1,425,0.1011764705882353,0.0988235294117647,0.08941176470588236,0.08941176470588236
YP_026188.1,663,0.13423831070889894,0.08748114630467571,0.05731523378582202,0.07541478129713423
YP_026189.1,1520,0.0756578947368421,0.07960526315789473,0.06513157894736842,0.0756578947368421
YP_026190.1,407,0.10319410319410319,0.06388206388206388,0.06633906633906633,0.12776412776412777
YP_026191.1,350,0.08285714285714285,0.11142857142857143,0.054285714285714284,0.12
YP_026192.1,355,0.11830985915492957,0.09014084507042254,0.08450704225352113,0.11830985915492957
YP_026195.1,308,0.09740259740259741,0.03571428571428571,0.06818181818181818,0.08116883116883117
YP_026196.1,739,0.08254397834912043,0.06495263870094722,0.05277401894451962,0.06901217861975643
YP_026197.1,160,0.075,0.06875,0.08125,0.08125
YP_026199.1,1030,0.06601941747572816,0.06893203883495146,0.06796116504854369,0.07378640776699029
YP_026200.1,477,0.10062893081761007,0.07756813417190776,0.0880503144654088,0.10272536687631027
YP_026201.1,321,0.09968847352024922,0.07476635514018691,0.1059190031152648,0.14953271028037382
YP_026202.1,436,0.16055045871559634,0.08256880733944955,0.0779816513761468,0.09862385321100918
YP_026203.3,443,0.09480812641083522,0.07900677200902935,0.09480812641083522,0.12415349887133183
YP_026204.1,454,0.11013215859030837,0.09911894273127753,0.07929515418502203,0.07488986784140969
YP_026205.1,764,0.09031413612565445,0.0693717277486911,0.058900523560209424,0.09031413612565445
YP_026207.1,778,0.06555269922879177,0.056555269922879174,0.08226221079691516,0.12467866323907455
YP_026208.1,1266,0.08925750394944708,0.08688783570300158,0.052132701421800945,0.11927330173775672
YP_026209.1,393,0.09923664122137404,0.07633587786259542,0.08396946564885496,0.13994910941475827
YP_026210.1,180,0.07222222222222222,0.08333333333333333,0.05555555555555555,0.06111111111111111
YP_026211.1,374,0.0962566844919786,0.08288770053475936,0.09358288770053476,0.12834224598930483
YP_026212.2,268,0.13805970149253732,0.1044776119402985,0.06343283582089553,0.12686567164179105
YP_026213.1,276,0.08695652173913043,0.07608695652173914,0.03985507246376811,0.10507246376811594
YP_026214.1,301,0.08305647840531562,0.07308970099667775,0.09634551495016612,0.12292358803986711
YP_026215.2,173,0.06936416184971098,0.07514450867052024,0.08092485549132948,0.08670520231213873
YP_026216.2,158,0.06329113924050633,0.056962025316455694,0.08860759493670886,0.0759493670886076
YP_026217.1,438,0.11187214611872145,0.1050228310502283,0.0958904109589041,0.13013698630136986
YP_026218.1,797,0.10037641154328733,0.06148055207026349,0.06775407779171895,0.1028858218318695
YP_026219.1,338,0.10650887573964497,0.10650887573964497,0.09763313609467456,0.10946745562130178
YP_026220.1,276,0.11231884057971014,0.08695652173913043,0.07246376811594203,0.11956521739130435
YP_026221.1,446,0.13228699551569506,0.11434977578475336,0.09417040358744394,0.1367713004484305
YP_026222.1,331,0.09063444108761329,0.08157099697885196,0.07250755287009064,0.1027190332326284
YP_026223.1,367,0.1335149863760218,0.09809264305177112,0.07356948228882834,0.07356948228882834
YP_026224.1,1411,0.06449326718639263,0.09284195605953224,0.0446491849751949,0.09000708717221828
YP_026225.1,911,0.08342480790340286,0.07135016465422613,0.06805708013172337,0.12403951701427003
YP_026226.4,1157,0.12445980985306827,0.07173725151253241,0.04753673292999136,0.09420916162489196
YP_026227.1,35,0.17142857142857143,0.05714285714285714,0.05714285714285714,0.11428571428571428
YP_026228.1,219,0.1324200913242009,0.136986301369863,0.0776255707762557,0.0821917808219178
YP_026229.1,50,0.06,0.0,0.02,0.2
YP_026230.1,274,0.09854014598540146,0.043795620437956206,0.043795620437956206,0.07664233576642336
YP_026231.1,417,0.0671462829736211,0.08633093525179857,0.03597122302158273,0.11990407673860912
YP_026232.1,425,0.11294117647058824,0.08470588235294117,0.1011764705882353,0.1388235294117647
YP_026233.1,383,0.1618798955613577,0.07049608355091384,0.07049608355091384,0.08093994778067885
YP_026237.1,382,0.0968586387434555,0.09162303664921466,0.06806282722513089,0.08900523560209424
YP_026238.1,205,0.17560975609756097,0.09268292682926829,0.08292682926829269,0.07804878048780488
YP_026239.1,229,0.1222707423580786,0.026200873362445413,0.056768558951965066,0.09170305676855896
YP_026240.1,218,0.0871559633027523,0.0779816513761468,0.06880733944954129,0.0963302752293578
YP_026241.1,804,0.08333333333333333,0.07587064676616916,0.06840796019900497,0.08706467661691543
YP_026242.1,240,0.08333333333333333,0.09583333333333334,0.07083333333333333,0.10833333333333334
YP_026243.1,483,0.07453416149068323,0.043478260869565216,0.055900621118012424,0.13043478260869565
YP_026244.1,622,0.08038585209003216,0.06752411575562701,0.08842443729903537,0.1382636655948553
YP_026245.1,230,0.10869565217391304,0.0391304347826087,0.05652173913043478,0.11304347826086956
YP_026246.1,279,0.08960573476702509,0.05017921146953405,0.03942652329749104,0.15412186379928317
YP_026247.1,309,0.09061488673139159,0.0970873786407767,0.08090614886731391,0.06796116504854369
YP_026248.1,616,0.11363636363636363,0.10227272727272728,0.0633116883116883,0.08928571428571429
YP_026251.1,673,0.07726597325408618,0.05943536404160475,0.05052005943536404,0.12035661218424963
YP_026252.1,494,0.10526315789473684,0.06477732793522267,0.06680161943319839,0.13765182186234817
YP_026253.1,376,0.07446808510638298,0.05585106382978723,0.08244680851063829,0.10904255319148937
YP_026254.1,420,0.11190476190476191,0.05952380952380952,0.10238095238095238,0.08333333333333333
YP_026255.1,355,0.09577464788732394,0.07042253521126761,0.0647887323943662,0.09295774647887324
YP_026256.2,224,0.17410714285714285,0.06696428571428571,0.05803571428571429,0.10267857142857142
YP_026257.1,359,0.09192200557103064,0.06406685236768803,0.06128133704735376,0.116991643454039
YP_026258.1,461,0.11496746203904555,0.09978308026030369,0.09327548806941431,0.09544468546637744
YP_026259.1,411,0.08759124087591241,0.0705596107055961,0.07542579075425791,0.0948905109489051
YP_026260.1,313,0.10862619808306709,0.08945686900958466,0.07667731629392971,0.134185303514377
YP_026261.1,254,0.0984251968503937,0.09448818897637795,0.07086614173228346,0.10236220472440945
YP_026262.1,296,0.11148648648648649,0.060810810810810814,0.07432432432432433,0.14189189189189189
YP_026263.3,609,0.08702791461412152,0.0722495894909688,0.06896551724137931,0.10673234811165845
YP_026264.1,206,0.11165048543689321,0.10679611650485436,0.0825242718446602,0.13592233009708737
YP_026265.1,206,0.12135922330097088,0.0825242718446602,0.07281553398058252,0.1407766990291262
YP_026266.1,340,0.09705882352941177,0.07647058823529412,0.07058823529411765,0.07647058823529412
YP_026267.1,266,0.07894736842105263,0.07518796992481203,0.07142857142857142,0.11278195488721804
YP_026268.1,271,0.12915129151291513,0.08118081180811808,0.05904059040590406,0.08118081180811808
YP_026269.1,251,0.0796812749003984,0.07569721115537849,0.08764940239043825,0.09163346613545817
YP_026270.1,171,0.1286549707602339,0.029239766081871343,0.08187134502923976,0.0935672514619883
YP_026271.1,260,0.11923076923076924,0.057692307692307696,0.05,0.1076923076923077
YP_026272.1,387,0.14728682170542637,0.09560723514211886,0.07235142118863049,0.09302325581395349
YP_026273.1,483,0.09316770186335403,0.09109730848861283,0.07660455486542443,0.13457556935817805
YP_026274.1,607,0.060955518945634266,0.08401976935749589,0.09555189456342669,0.08731466227347612
YP_026275.1,467,0.09850107066381156,0.07922912205567452,0.05353319057815846,0.12419700214132762
YP_026276.1,419,0.1026252983293556,0.057279236276849645,0.05489260143198091,0.10739856801909307
YP_026277.1,166,0.09036144578313253,0.024096385542168676,0.07228915662650602,0.08433734939759036
YP_026278.1,833,0.11284513805522209,0.060024009603841535,0.04921968787515006,0.12364945978391356
YP_026279.1,66,0.13636363636363635,0.07575757575757576,0.06060606060606061,0.10606060606060606
YP_026280.1,257,0.07003891050583658,0.07003891050583658,0.08171206225680934,0.0933852140077821
YP_026281.1,109,0.03669724770642202,0.03669724770642202,0.01834862385321101,0.08256880733944955
YP_026282.1,252,0.05952380952380952,0.09126984126984126,0.09523809523809523,0.15079365079365079
YP_026283.1,41,0.0975609756097561,0.0975609756097561,0.04878048780487805,0.17073170731707318
YP_026284.1,48,0.14583333333333334,0.10416666666666667,0.10416666666666667,0.0625
YP_026285.1,312,0.057692307692307696,0.057692307692307696,0.04807692307692308,0.08653846153846154
YP_026286.1,500,0.086,0.08,0.062,0.126
YP_026287.1,167,0.10179640718562874,0.08982035928143713,0.0658682634730539,0.10778443113772455
YP_026288.1,398,0.06030150753768844,0.0678391959798995,0.07537688442211055,0.13819095477386933
YP_026290.1,304,0.06578947368421052,0.029605263157894735,0.04276315789473684,0.1118421052631579
YP_026291.2,259,0.10424710424710425,0.06563706563706563,0.06177606177606178,0.13127413127413126
YP_588435.1,73,0.0547945205479452,0.0684931506849315,0.0547945205479452,0.0410958904109589
YP_588437.1,46,0.043478260869565216,0.043478260869565216,0.08695652173913043,0.06521739130434782
YP_588439.1,46,0.06521739130434782,0.08695652173913043,0.043478260869565216,0.15217391304347827
YP_588440.1,60,0.016666666666666666,0.05,0.1,0.08333333333333333
YP_588441.1,72,0.09722222222222222,0.041666666666666664,0.027777777777777776,0.08333333333333333
YP_588442.1,65,0.09230769230769231,0.1076923076923077,0.03076923076923077,0.046153846153846156
YP_588443.1,29,0.13793103448275862,0.10344827586206896,0.13793103448275862,0.2413793103448276
YP_588444.1,37,0.13513513513513514,0.10810810810810811,0.05405405405405406,0.13513513513513514
YP_588445.1,91,0.07692307692307693,0.0989010989010989,0.054945054945054944,0.04395604395604396
YP_588446.1,57,0.08771929824561403,0.03508771929824561,0.03508771929824561,0.05263157894736842
YP_588447.1,72,0.05555555555555555,0.027777777777777776,0.08333333333333333,0.20833333333333334
YP_588449.3,46,0.10869565217391304,0.06521739130434782,0.10869565217391304,0.15217391304347827
YP_588450.2,55,0.03636363636363636,0.01818181818181818,0.05454545454545454,0.07272727272727272
YP_588451.1,56,0.08928571428571429,0.017857142857142856,0.017857142857142856,0.07142857142857142
YP_588452.1,61,0.01639344262295082,0.04918032786885246,0.09836065573770492,0.08196721311475409
YP_588453.1,88,0.19318181818181818,0.11363636363636363,0.045454545454545456,0.09090909090909091
YP_588454.1,77,0.05194805194805195,0.025974025974025976,0.03896103896103896,0.05194805194805195
YP_588455.2,35,0.11428571428571428,0.05714285714285714,0.08571428571428572,0.14285714285714285
YP_588456.1,79,0.05063291139240506,0.12658227848101267,0.0759493670886076,0.16455696202531644
YP_588458.1,84,0.03571428571428571,0.03571428571428571,0.03571428571428571,0.09523809523809523
YP_588459.1,105,0.0380952380952381,0.01904761904761905,0.05714285714285714,0.08571428571428572
YP_588460.1,35,0.14285714285714285,0.2,0.05714285714285714,0.14285714285714285
YP_588461.1,84,0.09523809523809523,0.07142857142857142,0.011904761904761904,0.07142857142857142
YP_588462.1,111,0.0990990990990991,0.07207207207207207,0.13513513513513514,0.18018018018018017
YP_588463.1,66,0.06060606060606061,0.07575757575757576,0.030303030303030304,0.10606060606060606
YP_588464.1,72,0.041666666666666664,0.06944444444444445,0.013888888888888888,0.18055555555555555
YP_588465.1,66,0.030303030303030304,0.015151515151515152,0.09090909090909091,0.12121212121212122
YP_588466.1,66,0.07575757575757576,0.06060606060606061,0.06060606060606061,0.030303030303030304
YP_588467.1,72,0.05555555555555555,0.125,0.027777777777777776,0.08333333333333333
YP_588468.1,66,0.12121212121212122,0.045454545454545456,0.06060606060606061,0.0
YP_588469.1,99,0.09090909090909091,0.050505050505050504,0.0707070707070707,0.0707070707070707
YP_588470.1,69,0.057971014492753624,0.057971014492753624,0.057971014492753624,0.13043478260869565
YP_588471.1,97,0.08247422680412371,0.020618556701030927,0.041237113402061855,0.10309278350515463
YP_588472.1,85,0.03529411764705882,0.09411764705882353,0.07058823529411765,0.11764705882352941
YP_588473.1,67,0.05970149253731343,0.07462686567164178,0.07462686567164178,0.1044776119402985
YP_588474.1,57,0.05263157894736842,0.03508771929824561,0.08771929824561403,0.15789473684210525
YP_588476.1,92,0.08695652173913043,0.07608695652173914,0.021739130434782608,0.13043478260869565
YP_588477.1,85,0.047058823529411764,0.047058823529411764,0.08235294117647059,0.12941176470588237
YP_588478.1,78,0.05128205128205128,0.10256410256410256,0.038461538461538464,0.24358974358974358
YP_588479.2,53,0.16981132075471697,0.1509433962264151,0.09433962264150944,0.1320754716981132
