protein_id,length,A_frac,G_frac,V_frac,L_frac,target_label
NP_414542.1,21,0.0476190476190476,0.1428571428571428,0.0,0.0,0
NP_414543.1,820,0.1109756097560975,0.0768292682926829,0.0841463414634146,0.1085365853658536,0
NP_414544.1,310,0.1193548387096774,0.0870967741935483,0.0741935483870967,0.1,1
NP_414545.1,428,0.1098130841121495,0.0654205607476635,0.0630841121495327,0.1261682242990654,1
NP_414546.1,98,0.0714285714285714,0.1122448979591836,0.0510204081632653,0.0714285714285714,0
NP_414547.1,258,0.0736434108527131,0.0542635658914728,0.0271317829457364,0.1201550387596899,1
NP_414548.1,476,0.1176470588235294,0.0945378151260504,0.0693277310924369,0.111344537815126,1
NP_414549.1,317,0.1230283911671924,0.0536277602523659,0.0504731861198738,0.1041009463722397,1
NP_414550.1,195,0.082051282051282,0.0717948717948717,0.0923076923076923,0.1025641025641025,1
NP_414551.1,188,0.1063829787234042,0.1436170212765957,0.0478723404255319,0.1648936170212765,1
NP_414552.1,237,0.080168776371308,0.0717299578059071,0.0590717299578059,0.1645569620253164,1
NP_414554.1,134,0.0970149253731343,0.044776119402985,0.044776119402985,0.0970149253731343,1
NP_414555.1,638,0.109717868338558,0.073667711598746,0.073667711598746,0.0752351097178683,0
NP_414556.1,376,0.0718085106382978,0.1409574468085106,0.0664893617021276,0.0611702127659574,1
NP_414557.1,370,0.1297297297297297,0.0783783783783783,0.0378378378378378,0.127027027027027,1
NP_414559.1,69,0.1159420289855072,0.0144927536231884,0.144927536231884,0.072463768115942,0
NP_414560.1,388,0.1262886597938144,0.0927835051546391,0.0824742268041237,0.1649484536082474,1
NP_414561.1,301,0.0764119601328903,0.0598006644518272,0.0697674418604651,0.1096345514950166,1
NP_414562.1,167,0.0359281437125748,0.0658682634730539,0.0718562874251497,0.1077844311377245,1
NP_414563.1,91,0.0769230769230769,0.0989010989010989,0.0549450549450549,0.0549450549450549,0
NP_414564.1,87,0.2183908045977011,0.0229885057471264,0.0229885057471264,0.0344827586206896,0
NP_414565.1,72,0.1111111111111111,0.0972222222222222,0.0416666666666666,0.125,0
NP_414566.1,313,0.0894568690095846,0.0926517571884984,0.0830670926517571,0.134185303514377,1
NP_414567.1,938,0.0980810234541577,0.079957356076759,0.0788912579957356,0.0820895522388059,0
NP_414568.1,164,0.1097560975609756,0.0914634146341463,0.073170731707317,0.1341463414634146,1
NP_414569.1,149,0.0805369127516778,0.087248322147651,0.0604026845637583,0.1073825503355704,1
NP_414570.1,316,0.0949367088607595,0.0696202531645569,0.1170886075949367,0.0727848101265822,1
NP_414571.1,304,0.1282894736842105,0.0723684210526315,0.0789473684210526,0.1184210526315789,1
NP_414572.1,273,0.1465201465201465,0.1172161172161172,0.0695970695970696,0.0879120879120879,1
NP_414573.1,382,0.1020942408376963,0.0863874345549738,0.0602094240837696,0.094240837696335,1
NP_414574.1,1073,0.1043802423112768,0.0773532152842497,0.0876048462255358,0.0773532152842497,0
NP_414576.4,131,0.0458015267175572,0.0305343511450381,0.0839694656488549,0.0916030534351145,1
NP_414577.2,196,0.0765306122448979,0.1224489795918367,0.096938775510204,0.0816326530612244,1
NP_414578.2,261,0.1379310344827586,0.0881226053639846,0.0651340996168582,0.0957854406130268,1
NP_414579.4,517,0.0793036750483558,0.0657640232108317,0.0599613152804642,0.081237911025145,1
NP_414580.1,405,0.091358024691358,0.0888888888888888,0.0469135802469135,0.0814814814814814,1
NP_414581.1,380,0.0947368421052631,0.0921052631578947,0.0605263157894736,0.0763157894736842,1
NP_414582.1,504,0.0793650793650793,0.0773809523809523,0.0793650793650793,0.115079365079365,1
NP_414583.2,256,0.15234375,0.05859375,0.078125,0.0859375,1
NP_414584.1,313,0.1437699680511182,0.0798722044728434,0.0766773162939297,0.0862619808306709,1
NP_414585.1,428,0.1121495327102803,0.1051401869158878,0.0817757009345794,0.1074766355140186,1
NP_414586.1,95,0.0736842105263157,0.1052631578947368,0.1052631578947368,0.0947368421052631,0
NP_414587.1,443,0.0812641083521444,0.1038374717832957,0.0722347629796839,0.1241534988713318,1
NP_414588.1,176,0.0909090909090909,0.0795454545454545,0.0284090909090909,0.1136363636363636,1
NP_414589.1,620,0.1129032258064516,0.0838709677419354,0.0725806451612903,0.1532258064516129,0
NP_414590.1,159,0.0817610062893081,0.0628930817610062,0.0691823899371069,0.0691823899371069,1
NP_414591.1,280,0.0857142857142857,0.0821428571428571,0.0464285714285714,0.1321428571428571,1
NP_414592.1,125,0.048,0.096,0.104,0.064,1
NP_414593.1,273,0.0879120879120879,0.0549450549450549,0.0879120879120879,0.0989010989010989,1
NP_414594.1,329,0.1124620060790273,0.0911854103343465,0.0820668693009118,0.1306990881458966,1
NP_414595.1,428,0.1121495327102803,0.0607476635514018,0.058411214953271,0.0864485981308411,1
NP_414596.1,784,0.0625,0.0688775510204081,0.0637755102040816,0.0688775510204081,0
NP_414597.1,271,0.1033210332103321,0.0996309963099631,0.047970479704797,0.081180811808118,1
NP_414600.1,219,0.091324200913242,0.0502283105022831,0.0821917808219178,0.091324200913242,1
NP_414601.1,968,0.0878099173553719,0.0557851239669421,0.0599173553719008,0.1208677685950413,0
NP_414602.1,783,0.0715197956577266,0.0727969348659003,0.0561941251596424,0.1034482758620689,0
NP_414603.1,231,0.0909090909090909,0.0822510822510822,0.0909090909090909,0.0692640692640692,1
NP_414604.1,500,0.086,0.078,0.07,0.096,1
NP_414605.1,566,0.1395759717314487,0.0759717314487632,0.0689045936395759,0.0865724381625441,1
NP_414606.1,292,0.071917808219178,0.071917808219178,0.0513698630136986,0.1061643835616438,1
NP_414607.1,254,0.0826771653543307,0.0944881889763779,0.0826771653543307,0.1771653543307086,1
NP_414608.1,232,0.0905172413793103,0.0862068965517241,0.0603448275862069,0.1551724137931034,1
NP_414609.1,536,0.1119402985074626,0.0615671641791044,0.0764925373134328,0.1921641791044776,1
NP_414610.1,327,0.1162079510703364,0.0581039755351682,0.0825688073394495,0.1131498470948012,1
NP_414611.1,551,0.0671506352087114,0.0544464609800363,0.043557168784029,0.1306715063520871,1
NP_414613.1,201,0.1094527363184079,0.0646766169154228,0.0597014925373134,0.0895522388059701,1
NP_414614.1,466,0.1180257510729613,0.1008583690987124,0.075107296137339,0.0643776824034334,1
NP_414615.4,363,0.1184573002754821,0.0881542699724518,0.0495867768595041,0.0964187327823691,1
NP_414616.1,523,0.1166347992351816,0.0669216061185468,0.0879541108986615,0.0688336520076481,1
NP_414617.1,28,0.0357142857142857,0.1071428571428571,0.0714285714285714,0.1785714285714285,0
NP_414618.4,314,0.0796178343949044,0.0318471337579617,0.0859872611464968,0.1019108280254777,1
NP_414620.1,163,0.0552147239263803,0.0858895705521472,0.1104294478527607,0.1104294478527607,1
NP_414622.1,334,0.1017964071856287,0.0419161676646706,0.0748502994011976,0.1167664670658682,1
NP_414623.1,152,0.0592105263157894,0.0592105263157894,0.0592105263157894,0.1644736842105263,1
NP_414624.1,313,0.0958466453674121,0.0798722044728434,0.0543130990415335,0.0990415335463258,1
NP_414625.1,121,0.0661157024793388,0.0495867768595041,0.0909090909090909,0.140495867768595,1
NP_414626.1,588,0.0935374149659864,0.0935374149659864,0.0918367346938775,0.0833333333333333,1
NP_414627.1,495,0.1333333333333333,0.0868686868686868,0.0888888888888888,0.105050505050505,1
NP_414628.1,452,0.1415929203539823,0.0862831858407079,0.081858407079646,0.1194690265486725,1
NP_414629.1,360,0.0805555555555555,0.1,0.1222222222222222,0.1361111111111111,1
NP_414630.1,438,0.1187214611872146,0.091324200913242,0.0776255707762557,0.1278538812785388,1
NP_414631.1,414,0.0845410628019323,0.0893719806763285,0.0700483091787439,0.1618357487922705,1
NP_414632.1,355,0.152112676056338,0.104225352112676,0.0929577464788732,0.0845070422535211,1
NP_414633.1,491,0.109979633401222,0.0835030549898167,0.0773930753564154,0.0875763747454175,1
NP_414634.1,306,0.1013071895424836,0.1013071895424836,0.0718954248366013,0.1339869281045751,1
NP_414635.1,276,0.0688405797101449,0.0615942028985507,0.072463768115942,0.1123188405797101,1
NP_414636.1,420,0.0857142857142857,0.0952380952380952,0.119047619047619,0.0857142857142857,1
NP_414637.1,383,0.1227154046997389,0.1096605744125326,0.0992167101827676,0.0757180156657963,1
NP_414638.1,305,0.1049180327868852,0.0622950819672131,0.0721311475409836,0.0950819672131147,1
NP_414639.2,170,0.1294117647058823,0.0529411764705882,0.0352941176470588,0.1235294117647058,1
NP_414640.1,901,0.0899001109877913,0.0621531631520532,0.0654827968923418,0.0910099889012208,0
NP_414641.1,129,0.0697674418604651,0.0775193798449612,0.0542635658914728,0.0852713178294573,1
NP_414643.1,65,0.0307692307692307,0.0615384615384615,0.0461538461538461,0.0461538461538461,0
NP_414644.1,247,0.0566801619433198,0.0526315789473684,0.0526315789473684,0.1578947368421052,1
NP_414645.1,206,0.145631067961165,0.0436893203883495,0.0922330097087378,0.0970873786407767,1
NP_414646.1,347,0.0893371757925072,0.1066282420749279,0.0893371757925072,0.0720461095100864,1
NP_414648.1,400,0.1,0.0675,0.04,0.175,1
NP_414649.1,461,0.0911062906724512,0.0672451193058568,0.0802603036876355,0.1323210412147505,1
NP_414650.1,146,0.0890410958904109,0.0958904109589041,0.0821917808219178,0.0890410958904109,1
NP_414651.1,297,0.0875420875420875,0.074074074074074,0.0875420875420875,0.1212121212121212,1
NP_414652.1,183,0.0928961748633879,0.0710382513661202,0.0601092896174863,0.0765027322404371,1
NP_414653.1,284,0.102112676056338,0.0739436619718309,0.0915492957746478,0.1654929577464788,1
NP_414654.1,457,0.1137855579868709,0.0919037199124726,0.1006564551422319,0.1181619256017505,1
NP_414655.1,254,0.0866141732283464,0.0354330708661417,0.0393700787401574,0.1496062992125984,1
NP_414656.1,887,0.0811724915445321,0.089064261555806,0.0574971815107102,0.0789177001127395,0
NP_414657.1,630,0.1523809523809524,0.0809523809523809,0.1079365079365079,0.0523809523809523,0
NP_414658.1,474,0.1054852320675105,0.1075949367088607,0.0949367088607595,0.0717299578059071,1
NP_414659.1,617,0.1085899513776337,0.0356564019448946,0.079416531604538,0.0486223662884927,0
NP_414660.1,865,0.1121387283236994,0.0878612716763005,0.0670520231213872,0.1017341040462427,0
NP_414661.2,120,0.075,0.075,0.1083333333333333,0.0833333333333333,1
NP_414662.1,264,0.053030303030303,0.0416666666666666,0.053030303030303,0.0871212121212121,1
NP_414663.1,288,0.0902777777777777,0.0729166666666666,0.0659722222222222,0.0729166666666666,1
NP_414664.4,115,0.1130434782608695,0.0521739130434782,0.0608695652173913,0.1217391304347826,1
NP_414665.1,516,0.0833333333333333,0.0988372093023255,0.0717054263565891,0.1007751937984496,1
NP_414666.1,796,0.092964824120603,0.0942211055276382,0.0703517587939698,0.0891959798994974,0
NP_414667.4,178,0.0393258426966292,0.0674157303370786,0.095505617977528,0.095505617977528,1
NP_414668.1,220,0.0545454545454545,0.0727272727272727,0.0727272727272727,0.1272727272727272,1
NP_414669.1,308,0.0616883116883116,0.0811688311688311,0.0681818181818181,0.1363636363636363,1
NP_414670.1,256,0.05859375,0.08984375,0.12109375,0.12890625,1
NP_414671.1,146,0.0753424657534246,0.0547945205479452,0.0616438356164383,0.1164383561643835,1
NP_414672.1,409,0.0880195599022004,0.0611246943765281,0.0684596577017114,0.1026894865525672,1
NP_414673.1,126,0.1428571428571428,0.0634920634920634,0.0793650793650793,0.0396825396825396,1
NP_414674.1,300,0.06,0.05,0.0533333333333333,0.1233333333333333,1
NP_414675.1,283,0.0848056537102473,0.0636042402826855,0.0848056537102473,0.1130742049469964,1
NP_414676.1,264,0.1287878787878787,0.0984848484848484,0.0871212121212121,0.0984848484848484,1
NP_414677.1,412,0.0461165048543689,0.0922330097087378,0.0655339805825242,0.0703883495145631,1
NP_414678.1,198,0.0656565656565656,0.0959595959595959,0.0909090909090909,0.0757575757575757,1
NP_414679.1,201,0.1343283582089552,0.0547263681592039,0.1144278606965174,0.0497512437810945,1
NP_414680.4,189,0.0687830687830687,0.074074074074074,0.0423280423280423,0.0687830687830687,1
NP_414681.1,865,0.0624277456647398,0.0820809248554913,0.0589595375722543,0.0728323699421965,0
NP_414682.1,246,0.08130081300813,0.065040650406504,0.073170731707317,0.0772357723577235,1
NP_414683.1,194,0.1082474226804123,0.1030927835051546,0.0824742268041237,0.0670103092783505,1
NP_414684.1,159,0.0817610062893081,0.050314465408805,0.050314465408805,0.1383647798742138,1
NP_414685.4,465,0.0838709677419354,0.053763440860215,0.0559139784946236,0.1053763440860215,1
NP_414686.3,308,0.0974025974025974,0.0681818181818181,0.0584415584415584,0.1038961038961039,1
NP_414687.1,151,0.086092715231788,0.0463576158940397,0.0397350993377483,0.0794701986754966,1
NP_414688.1,234,0.0982905982905982,0.0512820512820512,0.0512820512820512,0.094017094017094,1
NP_414689.4,176,0.1136363636363636,0.0568181818181818,0.034090909090909,0.1193181818181818,1
NP_414690.4,809,0.1137206427688504,0.0642768850432632,0.0568603213844252,0.1582200247218788,0
NP_414691.1,844,0.0805687203791469,0.0781990521327014,0.0675355450236966,0.0983412322274881,0
NP_414692.1,747,0.0923694779116465,0.0829986613119143,0.0803212851405622,0.0615796519410977,0
NP_414693.1,265,0.1018867924528302,0.090566037735849,0.0641509433962264,0.1320754716981132,1
NP_414694.1,296,0.1081081081081081,0.0608108108108108,0.0608108108108108,0.1317567567567567,1
NP_414695.1,660,0.1303030303030303,0.0939393939393939,0.0757575757575757,0.1878787878787878,0
NP_414696.1,426,0.1220657276995305,0.107981220657277,0.0845070422535211,0.0845070422535211,1
NP_414697.1,473,0.1226215644820296,0.120507399577167,0.0634249471458773,0.1416490486257928,1
NP_414698.1,114,0.0526315789473684,0.1228070175438596,0.087719298245614,0.0789473684210526,1
NP_414699.1,207,0.1014492753623188,0.1062801932367149,0.1400966183574879,0.1207729468599033,1
NP_414700.1,266,0.1165413533834586,0.0488721804511278,0.0714285714285714,0.0977443609022556,1
NP_414701.1,232,0.1379310344827586,0.0948275862068965,0.0905172413793103,0.0991379310344827,1
NP_414702.1,505,0.0673267326732673,0.0415841584158415,0.0514851485148514,0.1247524752475247,1
NP_414703.1,474,0.0949367088607595,0.1118143459915611,0.080168776371308,0.0886075949367088,1
NP_414704.4,385,0.0753246753246753,0.0701298701298701,0.0701298701298701,0.1454545454545454,1
NP_414705.1,128,0.03125,0.0390625,0.0625,0.09375,1
NP_414706.2,270,0.0888888888888888,0.0814814814814814,0.0592592592592592,0.1259259259259259,1
NP_414708.1,274,0.0875912408759124,0.0948905109489051,0.1204379562043795,0.0547445255474452,1
NP_414709.1,890,0.0730337078651685,0.0516853932584269,0.0561797752808988,0.1370786516853932,0
NP_414710.1,264,0.053030303030303,0.0833333333333333,0.0909090909090909,0.0606060606060606,1
NP_414711.1,241,0.1037344398340249,0.0705394190871369,0.0705394190871369,0.0871369294605809,1
NP_414712.1,283,0.1378091872791519,0.0848056537102473,0.1024734982332155,0.0565371024734982,1
NP_414713.1,241,0.1161825726141078,0.0954356846473029,0.0871369294605809,0.1120331950207468,1
NP_414714.1,185,0.1027027027027027,0.0324324324324324,0.081081081081081,0.081081081081081,1
NP_414715.1,398,0.1231155778894472,0.0527638190954773,0.0778894472361809,0.1080402010050251,1
NP_414716.1,253,0.1067193675889328,0.0790513833992094,0.0553359683794466,0.0948616600790513,1
NP_414717.2,285,0.1052631578947368,0.087719298245614,0.087719298245614,0.175438596491228,1
NP_414718.1,450,0.0844444444444444,0.0933333333333333,0.0977777777777777,0.1155555555555555,1
NP_414719.1,810,0.0580246913580246,0.0925925925925925,0.0814814814814814,0.0703703703703703,0
NP_414720.1,161,0.1428571428571428,0.0434782608695652,0.0807453416149068,0.0869565217391304,1
NP_414721.1,341,0.0967741935483871,0.1114369501466275,0.093841642228739,0.0586510263929618,1
NP_414722.1,151,0.0728476821192053,0.0794701986754966,0.0927152317880794,0.0993377483443708,1
NP_414723.1,262,0.0954198473282442,0.1145038167938931,0.0954198473282442,0.0458015267175572,1
NP_414724.1,382,0.1230366492146596,0.06282722513089,0.0732984293193717,0.1335078534031413,1
NP_414725.1,198,0.1414141414141414,0.0707070707070707,0.0808080808080808,0.106060606060606,1
NP_414726.1,1160,0.0879310344827586,0.0810344827586206,0.0646551724137931,0.1051724137931034,0
NP_414727.1,319,0.115987460815047,0.0815047021943573,0.0470219435736677,0.1034482758620689,1
NP_414728.1,713,0.0701262272089761,0.0701262272089761,0.0589060308555399,0.0953716690042075,0
NP_414729.4,129,0.0852713178294573,0.0465116279069767,0.0620155038759689,0.1007751937984496,1
NP_414730.1,432,0.1111111111111111,0.0694444444444444,0.074074074074074,0.136574074074074,1
NP_414731.2,84,0.0595238095238095,0.0357142857142857,0.0833333333333333,0.1309523809523809,0
NP_414732.1,181,0.1215469613259668,0.0220994475138121,0.0441988950276243,0.1325966850828729,1
NP_414733.1,140,0.1285714285714285,0.05,0.0571428571428571,0.0785714285714285,1
NP_414734.1,236,0.1144067796610169,0.0720338983050847,0.0466101694915254,0.0932203389830508,1
NP_414735.4,274,0.0912408759124087,0.0656934306569343,0.072992700729927,0.083941605839416,1
NP_414736.1,572,0.0891608391608391,0.0716783216783216,0.0856643356643356,0.0856643356643356,1
NP_414737.1,235,0.0936170212765957,0.0638297872340425,0.0893617021276595,0.0978723404255319,1
NP_414738.1,134,0.1194029850746268,0.0522388059701492,0.0671641791044776,0.0746268656716417,1
NP_414739.1,271,0.0959409594095941,0.077490774907749,0.1143911439114391,0.1070110701107011,1
NP_414740.1,217,0.1013824884792626,0.1059907834101382,0.1244239631336405,0.1198156682027649,1
NP_414741.1,343,0.0670553935860058,0.0641399416909621,0.0816326530612244,0.1253644314868804,1
NP_414742.1,191,0.1047120418848167,0.06282722513089,0.0837696335078534,0.0732984293193717,1
NP_414743.1,267,0.1235955056179775,0.048689138576779,0.0561797752808988,0.1048689138576779,1
NP_414744.1,304,0.0888157894736842,0.0526315789473684,0.069078947368421,0.1085526315789473,1
NP_414745.1,266,0.0977443609022556,0.0488721804511278,0.0864661654135338,0.112781954887218,1
NP_414746.1,207,0.1256038647342995,0.0483091787439613,0.0869565217391304,0.0869565217391304,1
NP_414747.1,452,0.0995575221238938,0.0730088495575221,0.0641592920353982,0.0951327433628318,1
NP_414748.1,251,0.0597609561752988,0.0597609561752988,0.0677290836653386,0.1075697211155378,1
NP_414749.2,240,0.075,0.05,0.075,0.1375,1
NP_414750.1,155,0.0903225806451612,0.0903225806451612,0.0580645161290322,0.0774193548387096,1
NP_414751.1,243,0.1111111111111111,0.0699588477366255,0.0658436213991769,0.0864197530864197,1
NP_414752.1,261,0.0727969348659003,0.0306513409961685,0.0689655172413793,0.0842911877394636,1
NP_414754.1,256,0.12109375,0.06640625,0.06640625,0.1015625,1
NP_414755.1,157,0.1019108280254777,0.0828025477707006,0.0573248407643312,0.0764331210191082,1
NP_414756.2,814,0.0995085995085995,0.0872235872235872,0.0651105651105651,0.1179361179361179,0
NP_414757.1,192,0.1145833333333333,0.0989583333333333,0.0625,0.0677083333333333,1
NP_414758.1,255,0.0588235294117647,0.0901960784313725,0.0666666666666666,0.0823529411764705,1
NP_414759.1,246,0.0447154471544715,0.0772357723577235,0.0691056910569105,0.0772357723577235,1
NP_414760.1,92,0.0543478260869565,0.0543478260869565,0.0326086956521739,0.1413043478260869,0
NP_414761.1,86,0.1395348837209302,0.0465116279069767,0.0581395348837209,0.1162790697674418,0
NP_414762.1,249,0.0843373493975903,0.0522088353413654,0.0281124497991967,0.108433734939759,1
NP_414763.1,165,0.0424242424242424,0.0484848484848484,0.0606060606060606,0.0484848484848484,1
NP_414766.1,351,0.0883190883190883,0.0655270655270655,0.0683760683760683,0.1082621082621082,1
NP_414767.1,97,0.1237113402061855,0.0103092783505154,0.0309278350515463,0.0927835051546391,0
NP_414768.1,132,0.0984848484848484,0.0303030303030303,0.0303030303030303,0.1136363636363636,1
NP_414769.1,150,0.0866666666666666,0.0333333333333333,0.06,0.0466666666666666,1
NP_414772.1,485,0.0865979381443299,0.0865979381443299,0.0721649484536082,0.111340206185567,1
NP_414773.1,152,0.0723684210526315,0.0855263157894736,0.1052631578947368,0.0723684210526315,1
NP_414774.1,414,0.0845410628019323,0.0652173913043478,0.0555555555555555,0.1062801932367149,1
NP_414776.1,351,0.0883190883190883,0.1054131054131054,0.0455840455840455,0.0655270655270655,1
NP_414777.1,367,0.1226158038147139,0.1008174386920981,0.0681198910081744,0.106267029972752,1
NP_414778.1,417,0.1294964028776978,0.0743405275779376,0.0911270983213429,0.1031175059952038,1
NP_414779.1,113,0.0973451327433628,0.0353982300884955,0.079646017699115,0.1238938053097345,1
NP_414780.1,105,0.0571428571428571,0.0666666666666666,0.0285714285714285,0.1238095238095238,1
NP_414781.1,158,0.0886075949367088,0.0443037974683544,0.0759493670886076,0.1392405063291139,1
NP_414782.1,152,0.1118421052631579,0.0526315789473684,0.0197368421052631,0.0723684210526315,1
NP_414783.1,79,0.0632911392405063,0.0759493670886076,0.0632911392405063,0.0632911392405063,0
NP_414784.1,155,0.0709677419354838,0.0838709677419354,0.0580645161290322,0.064516129032258,1
NP_414785.4,147,0.0476190476190476,0.0340136054421768,0.0612244897959183,0.1224489795918367,1
NP_414786.4,273,0.0622710622710622,0.0769230769230769,0.0659340659340659,0.1062271062271062,1
NP_414787.4,287,0.0801393728222996,0.0592334494773519,0.1080139372822299,0.1045296167247386,1
NP_414788.1,297,0.0942760942760942,0.0471380471380471,0.0404040404040404,0.1616161616161616,1
NP_414790.1,383,0.0574412532637075,0.0574412532637075,0.04177545691906,0.1018276762402088,1
NP_414793.2,326,0.0858895705521472,0.0490797546012269,0.0368098159509202,0.0981595092024539,1
NP_414794.4,467,0.1177730192719486,0.0877944325481798,0.1027837259100642,0.1113490364025695,1
NP_414795.1,310,0.164516129032258,0.0709677419354838,0.0516129032258064,0.1387096774193548,1
NP_414796.2,348,0.0632183908045977,0.0833333333333333,0.0804597701149425,0.1005747126436781,1
NP_414798.1,167,0.0359281437125748,0.0658682634730539,0.0718562874251497,0.0958083832335329,1
NP_414799.1,91,0.0769230769230769,0.0989010989010989,0.0549450549450549,0.0439560439560439,0
NP_414801.1,384,0.0651041666666666,0.09375,0.046875,0.0885416666666666,1
NP_414802.2,302,0.0993377483443708,0.0827814569536423,0.076158940397351,0.1158940397350993,1
NP_414803.1,655,0.1145038167938931,0.1114503816793893,0.065648854961832,0.0854961832061068,0
NP_414804.1,460,0.0934782608695652,0.0782608695652174,0.0956521739130434,0.1304347826086956,1
NP_414805.1,536,0.0503731343283582,0.0914179104477612,0.0559701492537313,0.083955223880597,1
NP_414806.1,252,0.1031746031746031,0.0793650793650793,0.0515873015873015,0.1428571428571428,1
NP_414807.1,334,0.1137724550898203,0.0778443113772455,0.059880239520958,0.1077844311377245,1
NP_414808.1,167,0.0359281437125748,0.0658682634730539,0.0718562874251497,0.0958083832335329,1
NP_414809.1,91,0.0769230769230769,0.0989010989010989,0.0549450549450549,0.0439560439560439,0
NP_414811.1,208,0.0384615384615384,0.0576923076923076,0.048076923076923,0.110576923076923,1
NP_414812.1,232,0.0258620689655172,0.043103448275862,0.043103448275862,0.1034482758620689,1
NP_414813.1,284,0.028169014084507,0.0352112676056338,0.0845070422535211,0.0739436619718309,1
NP_414814.1,146,0.1301369863013698,0.0205479452054794,0.0342465753424657,0.0684931506849315,1
NP_414815.1,466,0.0922746781115879,0.0472103004291845,0.0472103004291845,0.1030042918454935,1
NP_414817.1,318,0.110062893081761,0.0817610062893081,0.0628930817610062,0.1257861635220125,1
NP_414818.1,732,0.1297814207650273,0.0969945355191256,0.0696721311475409,0.081967213114754,0
NP_414819.1,318,0.1540880503144654,0.0786163522012578,0.0691823899371069,0.1132075471698113,1
NP_414820.1,229,0.1091703056768559,0.0786026200873362,0.0655021834061135,0.0917030567685589,1
NP_414821.1,204,0.0833333333333333,0.0735294117647058,0.0833333333333333,0.0980392156862745,1
NP_414822.1,109,0.1192660550458715,0.0825688073394495,0.0275229357798165,0.0458715596330275,1
NP_414823.2,236,0.059322033898305,0.059322033898305,0.0932203389830508,0.0762711864406779,1
NP_414824.1,547,0.0749542961608775,0.0822669104204753,0.056672760511883,0.0603290676416819,1
NP_414825.1,841,0.0832342449464922,0.1070154577883472,0.0582639714625445,0.0975029726516052,0
NP_414826.1,222,0.1036036036036036,0.0585585585585585,0.045045045045045,0.1126126126126126,1
NP_414827.1,195,0.1179487179487179,0.1025641025641025,0.0871794871794871,0.0769230769230769,1
NP_414828.1,196,0.0561224489795918,0.0306122448979591,0.0663265306122449,0.0765306122448979,1
NP_414829.1,75,0.0666666666666666,0.0533333333333333,0.0666666666666666,0.04,0
NP_414830.1,87,0.0344827586206896,0.0689655172413793,0.1034482758620689,0.0229885057471264,0
NP_414832.2,99,0.1111111111111111,0.0101010101010101,0.0202020202020202,0.1111111111111111,0
NP_414833.1,288,0.0902777777777777,0.0555555555555555,0.0590277777777777,0.0729166666666666,1
NP_414835.2,197,0.0862944162436548,0.0761421319796954,0.0609137055837563,0.1472081218274111,1
NP_414837.2,78,0.1153846153846153,0.0128205128205128,0.0897435897435897,0.0769230769230769,0
NP_414838.2,441,0.0861678004535147,0.0793650793650793,0.0839002267573696,0.0884353741496598,1
NP_414839.1,284,0.0985915492957746,0.0528169014084507,0.0739436619718309,0.130281690140845,1
NP_414840.1,239,0.0920502092050209,0.0794979079497908,0.0878661087866108,0.104602510460251,1
NP_414841.1,475,0.0947368421052631,0.08,0.0694736842105263,0.0694736842105263,1
NP_414842.4,231,0.1125541125541125,0.0649350649350649,0.0735930735930736,0.1125541125541125,1
NP_414844.1,222,0.0495495495495495,0.0315315315315315,0.0585585585585585,0.0855855855855855,1
NP_414845.1,556,0.0809352517985611,0.1043165467625899,0.0503597122302158,0.0719424460431654,1
NP_414846.1,490,0.1122448979591836,0.0938775510204081,0.0816326530612244,0.0714285714285714,1
NP_414847.3,195,0.1179487179487179,0.0615384615384615,0.0358974358974358,0.1282051282051282,1
NP_414848.1,677,0.0827178729689808,0.0797636632200886,0.069423929098966,0.1270310192023633,0
NP_414849.1,362,0.0552486187845303,0.0662983425414364,0.0690607734806629,0.0966850828729281,1
NP_414850.1,310,0.0806451612903225,0.0612903225806451,0.0451612903225806,0.1,1
NP_414851.1,165,0.103030303030303,0.1575757575757575,0.0969696969696969,0.109090909090909,1
NP_414852.1,201,0.1044776119402985,0.0746268656716417,0.0497512437810945,0.154228855721393,1
NP_414853.1,287,0.0975609756097561,0.073170731707317,0.0348432055749128,0.1149825783972125,1
NP_414854.1,515,0.0932038834951456,0.0893203883495145,0.0679611650485436,0.1067961165048543,1
NP_414855.1,472,0.1122881355932203,0.1016949152542373,0.0720338983050847,0.0677966101694915,1
NP_414857.1,316,0.1044303797468354,0.0917721518987341,0.0917721518987341,0.0759493670886076,1
NP_414858.1,460,0.0956521739130434,0.0695652173913043,0.067391304347826,0.1108695652173913,1
NP_414859.1,349,0.0974212034383954,0.0945558739255014,0.0888252148997134,0.0659025787965616,1
NP_414860.1,271,0.040590405904059,0.025830258302583,0.081180811808118,0.1180811808118081,1
NP_414861.2,81,0.0617283950617283,0.0987654320987654,0.0246913580246913,0.1604938271604938,0
NP_414862.1,223,0.0941704035874439,0.0807174887892376,0.0896860986547085,0.1255605381165919,1
NP_414863.1,91,0.1208791208791208,0.0549450549450549,0.0659340659340659,0.0769230769230769,0
NP_414864.1,528,0.1079545454545454,0.0662878787878787,0.0549242424242424,0.1306818181818181,1
NP_414865.1,296,0.1486486486486486,0.0641891891891891,0.0709459459459459,0.0945945945945946,1
NP_414867.1,389,0.0899742930591259,0.0745501285347043,0.0668380462724935,0.0899742930591259,1
NP_414868.1,483,0.113871635610766,0.0579710144927536,0.0745341614906832,0.0869565217391304,1
NP_414869.1,628,0.0923566878980891,0.0812101910828025,0.0875796178343949,0.0748407643312101,0
NP_414870.1,419,0.1241050119331742,0.1193317422434367,0.1002386634844868,0.1431980906921241,1
NP_414871.1,427,0.0913348946135831,0.0749414519906323,0.0679156908665105,0.1007025761124121,1
NP_414872.3,299,0.1304347826086956,0.0434782608695652,0.0635451505016722,0.1404682274247491,1
NP_414873.1,219,0.136986301369863,0.0547945205479452,0.0821917808219178,0.0776255707762557,1
NP_414874.1,156,0.1153846153846153,0.0705128205128205,0.0448717948717948,0.141025641025641,1
NP_414875.1,384,0.125,0.0989583333333333,0.0833333333333333,0.1770833333333333,1
NP_414876.1,203,0.0394088669950738,0.0788177339901477,0.1083743842364532,0.0443349753694581,1
NP_414877.1,417,0.0839328537170263,0.0863309352517985,0.0695443645083932,0.1294964028776978,1
NP_414878.1,1024,0.0751953125,0.0693359375,0.0625,0.09375,0
NP_414879.3,360,0.1222222222222222,0.0611111111111111,0.0944444444444444,0.1138888888888888,1
NP_414880.2,277,0.0866425992779783,0.0685920577617328,0.0649819494584837,0.1444043321299639,1
NP_414881.1,554,0.0920577617328519,0.0667870036101083,0.0920577617328519,0.0938628158844765,1
NP_414882.1,314,0.1114649681528662,0.0859872611464968,0.0764331210191082,0.1050955414012738,1
NP_414883.5,288,0.0694444444444444,0.09375,0.0590277777777777,0.1215277777777777,1
NP_414884.2,269,0.1263940520446096,0.0892193308550185,0.0780669144981412,0.0929368029739776,1
NP_414885.1,316,0.1487341772151898,0.0791139240506329,0.0949367088607595,0.0664556962025316,1
NP_414886.1,337,0.1364985163204747,0.0919881305637982,0.0741839762611275,0.0979228486646884,1
NP_414887.2,403,0.1538461538461538,0.1215880893300248,0.0694789081885856,0.173697270471464,1
NP_414888.4,179,0.1452513966480447,0.0335195530726257,0.0558659217877094,0.1005586592178771,1
NP_414889.1,277,0.0866425992779783,0.0649819494584837,0.0613718411552346,0.0830324909747292,1
NP_414890.1,369,0.084010840108401,0.1165311653116531,0.1111111111111111,0.059620596205962,1
NP_414891.4,91,0.0989010989010989,0.0439560439560439,0.0769230769230769,0.0879120879120879,0
NP_414892.1,257,0.0894941634241245,0.0856031128404669,0.0428015564202334,0.1011673151750972,1
NP_414894.2,121,0.1239669421487603,0.0743801652892562,0.0743801652892562,0.1074380165289256,1
NP_414895.1,301,0.0863787375415282,0.0631229235880398,0.0631229235880398,0.0930232558139534,1
NP_414897.1,398,0.0804020100502512,0.0804020100502512,0.0804020100502512,0.1030150753768844,1
NP_414898.4,185,0.1027027027027027,0.054054054054054,0.054054054054054,0.0972972972972973,1
NP_414899.2,320,0.140625,0.0625,0.103125,0.078125,1
NP_414900.1,255,0.0823529411764705,0.0980392156862745,0.0627450980392156,0.1529411764705882,1
NP_414901.1,275,0.1163636363636363,0.08,0.0872727272727272,0.1781818181818182,1
NP_414902.1,283,0.0883392226148409,0.0494699646643109,0.0600706713780918,0.0883392226148409,1
NP_414903.4,324,0.132716049382716,0.0679012345679012,0.0555555555555555,0.0833333333333333,1
NP_414906.1,288,0.0902777777777777,0.0555555555555555,0.0590277777777777,0.0729166666666666,1
NP_414907.2,99,0.1111111111111111,0.0101010101010101,0.0202020202020202,0.1111111111111111,0
NP_414909.2,207,0.0483091787439613,0.0628019323671497,0.0628019323671497,0.1159420289855072,1
NP_414910.1,385,0.0987012987012987,0.0857142857142857,0.0649350649350649,0.0883116883116883,1
NP_414911.1,406,0.0886699507389162,0.064039408866995,0.0935960591133004,0.105911330049261,1
NP_414912.1,364,0.1071428571428571,0.0604395604395604,0.0604395604395604,0.0961538461538461,1
NP_414913.1,102,0.088235294117647,0.0980392156862745,0.088235294117647,0.1470588235294117,1
NP_414914.2,70,0.0857142857142857,0.1,0.0857142857142857,0.1142857142857142,0
NP_414915.1,364,0.1071428571428571,0.0714285714285714,0.0906593406593406,0.0961538461538461,1
NP_414916.1,86,0.0930232558139534,0.0116279069767441,0.0581395348837209,0.1511627906976744,0
NP_414917.2,471,0.1422505307855626,0.0955414012738853,0.0509554140127388,0.0934182590233545,1
NP_414918.4,106,0.1037735849056603,0.0471698113207547,0.0283018867924528,0.1132075471698113,1
NP_414919.1,371,0.0889487870619946,0.0727762803234501,0.0835579514824797,0.1185983827493261,1
NP_414920.1,269,0.1412639405204461,0.0892193308550185,0.0929368029739776,0.0669144981412639,1
NP_414921.2,152,0.1381578947368421,0.0526315789473684,0.0657894736842105,0.0855263157894736,1
NP_414922.1,174,0.1034482758620689,0.057471264367816,0.0862068965517241,0.0977011494252873,1
NP_414923.1,63,0.0793650793650793,0.0317460317460317,0.0317460317460317,0.0317460317460317,0
NP_414924.1,225,0.0666666666666666,0.0444444444444444,0.0977777777777777,0.1555555555555555,1
NP_414925.1,94,0.0638297872340425,0.0851063829787234,0.1063829787234042,0.0744680851063829,0
NP_414927.1,303,0.0924092409240924,0.0528052805280528,0.0495049504950495,0.1287128712871287,1
NP_414928.2,302,0.0960264900662251,0.1291390728476821,0.076158940397351,0.0827814569536423,1
NP_414930.3,394,0.1243654822335025,0.1116751269035533,0.0710659898477157,0.1446700507614213,1
NP_414931.1,1048,0.1068702290076335,0.0372137404580152,0.0400763358778625,0.1383587786259542,0
NP_414932.1,400,0.085,0.055,0.07,0.1125,1
NP_414933.1,229,0.0480349344978165,0.0655021834061135,0.0960698689956331,0.0873362445414847,1
NP_414934.1,431,0.0510440835266821,0.0696055684454756,0.0649651972157772,0.1438515081206496,1
NP_414935.1,439,0.1298405466970387,0.0911161731207289,0.1070615034168565,0.1389521640091116,1
NP_414936.1,457,0.087527352297593,0.1028446389496717,0.087527352297593,0.0919037199124726,1
NP_414937.2,604,0.0844370860927152,0.0745033112582781,0.0629139072847682,0.0943708609271523,0
NP_414938.1,193,0.077720207253886,0.0207253886010362,0.0569948186528497,0.1191709844559585,1
NP_414939.1,356,0.1039325842696629,0.0617977528089887,0.0758426966292134,0.098314606741573,1
NP_414940.1,375,0.0453333333333333,0.0986666666666666,0.0666666666666666,0.0826666666666666,1
NP_414941.1,110,0.109090909090909,0.0818181818181818,0.1,0.1,1
NP_414942.1,615,0.1040650406504065,0.08130081300813,0.0796747967479674,0.1105691056910569,0
NP_414943.1,323,0.0804953560371517,0.0928792569659442,0.0866873065015479,0.1176470588235294,1
NP_414944.1,115,0.0782608695652174,0.0521739130434782,0.0434782608695652,0.0695652173913043,1
NP_414945.1,294,0.0680272108843537,0.1054421768707483,0.0442176870748299,0.064625850340136,1
NP_414946.4,179,0.0502793296089385,0.0614525139664804,0.0782122905027933,0.1229050279329608,1
NP_414947.1,149,0.0536912751677852,0.0402684563758389,0.1073825503355704,0.0738255033557047,1
NP_414948.1,367,0.103542234332425,0.0817438692098092,0.0735694822888283,0.108991825613079,1
NP_414949.1,156,0.1858974358974359,0.0961538461538461,0.0833333333333333,0.0769230769230769,1
NP_414950.1,139,0.1294964028776978,0.0359712230215827,0.0935251798561151,0.1223021582733813,1
NP_414951.1,325,0.1107692307692307,0.0892307692307692,0.043076923076923,0.1476923076923077,1
NP_414952.1,172,0.0581395348837209,0.1046511627906976,0.0755813953488372,0.1046511627906976,1
NP_414953.2,324,0.0864197530864197,0.0709876543209876,0.0617283950617283,0.1049382716049382,1
NP_414954.1,620,0.0887096774193548,0.0967741935483871,0.0677419354838709,0.1032258064516129,0
NP_414955.1,299,0.1404682274247491,0.0769230769230769,0.0468227424749163,0.1304347826086956,1
NP_414956.1,80,0.1,0.0375,0.0375,0.1375,0
NP_414957.1,482,0.0456431535269709,0.0705394190871369,0.1016597510373444,0.0892116182572614,1
NP_414958.4,196,0.1173469387755102,0.086734693877551,0.1071428571428571,0.1020408163265306,1
NP_414959.1,303,0.0825082508250825,0.0627062706270627,0.0693069306930693,0.1122112211221122,1
NP_414960.2,163,0.0674846625766871,0.0552147239263803,0.0920245398773006,0.0797546012269938,1
NP_414961.4,454,0.118942731277533,0.0969162995594713,0.0881057268722467,0.118942731277533,1
NP_414962.1,296,0.1081081081081081,0.0912162162162162,0.1114864864864864,0.1148648648648648,1
NP_414963.1,109,0.073394495412844,0.0642201834862385,0.1192660550458715,0.091743119266055,1
NP_414964.1,204,0.088235294117647,0.0980392156862745,0.0735294117647058,0.1176470588235294,1
NP_414965.1,663,0.0814479638009049,0.0935143288084464,0.085972850678733,0.0920060331825037,0
NP_414966.1,315,0.1079365079365079,0.0603174603174603,0.0603174603174603,0.0761904761904762,1
NP_414967.1,491,0.1221995926680244,0.0916496945010183,0.075356415478615,0.1812627291242362,1
NP_414968.4,192,0.109375,0.046875,0.078125,0.078125,1
NP_414969.4,105,0.0857142857142857,0.0476190476190476,0.0857142857142857,0.0857142857142857,1
NP_414970.1,432,0.0949074074074074,0.074074074074074,0.0972222222222222,0.0717592592592592,1
NP_414971.1,207,0.0772946859903381,0.0772946859903381,0.0531400966183574,0.0917874396135265,1
NP_414972.1,424,0.0825471698113207,0.0825471698113207,0.0731132075471698,0.1061320754716981,1
NP_414973.1,784,0.0790816326530612,0.0650510204081632,0.0803571428571428,0.1071428571428571,0
NP_414974.1,90,0.2111111111111111,0.0888888888888888,0.0666666666666666,0.0555555555555555,0
NP_414975.1,623,0.1203852327447833,0.0706260032102728,0.0626003210272873,0.088282504012841,0
NP_414976.1,123,0.1951219512195122,0.065040650406504,0.08130081300813,0.0975609756097561,1
NP_414977.1,132,0.0681818181818181,0.0454545454545454,0.0909090909090909,0.1287878787878787,1
NP_414978.1,231,0.1125541125541125,0.0692640692640692,0.0822510822510822,0.1038961038961039,1
NP_414979.1,566,0.0724381625441696,0.0547703180212014,0.0406360424028268,0.1484098939929328,1
NP_414980.2,272,0.0845588235294117,0.0772058823529411,0.0477941176470588,0.150735294117647,1
NP_414981.4,152,0.0592105263157894,0.0460526315789473,0.0789473684210526,0.1447368421052631,1
NP_414982.1,590,0.0983050847457627,0.0694915254237288,0.0779661016949152,0.1203389830508474,1
NP_414983.1,593,0.1045531197301855,0.0674536256323777,0.0978077571669477,0.1416526138279932,1
NP_414984.1,112,0.0982142857142857,0.0892857142857142,0.1071428571428571,0.0803571428571428,1
NP_414985.1,428,0.1285046728971962,0.1401869158878504,0.1074766355140186,0.1121495327102803,1
NP_414986.1,286,0.0769230769230769,0.0734265734265734,0.0734265734265734,0.1083916083916083,1
NP_414987.3,190,0.1578947368421052,0.0368421052631578,0.1157894736842105,0.0736842105263157,1
NP_414988.1,129,0.0775193798449612,0.0930232558139534,0.0930232558139534,0.0930232558139534,1
NP_414989.1,117,0.1111111111111111,0.0598290598290598,0.094017094017094,0.017094017094017,1
NP_414990.2,516,0.065891472868217,0.0542635658914728,0.0600775193798449,0.1065891472868217,1
NP_414991.4,156,0.0576923076923076,0.0384615384615384,0.0833333333333333,0.1153846153846153,1
NP_414992.1,183,0.081967213114754,0.087431693989071,0.0983606557377049,0.0710382513661202,1
NP_414993.1,72,0.0555555555555555,0.0,0.0416666666666666,0.125,0
NP_414994.1,124,0.0564516129032258,0.0241935483870967,0.0161290322580645,0.1209677419354838,1
NP_414995.1,1049,0.100095328884652,0.0848427073403241,0.092469018112488,0.0972354623450905,0
NP_414996.1,397,0.1183879093198992,0.0806045340050377,0.0906801007556675,0.0856423173803526,1
NP_414997.1,215,0.0837209302325581,0.041860465116279,0.0465116279069767,0.1255813953488372,1
NP_414998.1,1120,0.0857142857142857,0.0401785714285714,0.0714285714285714,0.1419642857142857,0
NP_414999.1,53,0.0943396226415094,0.0,0.0943396226415094,0.1509433962264151,0
NP_415000.1,175,0.1657142857142857,0.0114285714285714,0.04,0.1428571428571428,1
NP_415001.1,125,0.072,0.04,0.08,0.168,1
NP_415002.1,183,0.0765027322404371,0.1038251366120218,0.081967213114754,0.1256830601092896,1
NP_415003.1,643,0.1337480559875583,0.0373250388802488,0.0668740279937791,0.1228615863141524,0
NP_415004.1,109,0.091743119266055,0.091743119266055,0.055045871559633,0.0825688073394495,1
NP_415005.1,201,0.0895522388059701,0.0895522388059701,0.0547263681592039,0.099502487562189,1
NP_415006.1,624,0.0753205128205128,0.048076923076923,0.0608974358974358,0.1057692307692307,0
NP_415007.1,214,0.0887850467289719,0.0934579439252336,0.0887850467289719,0.0747663551401869,1
NP_415008.1,320,0.096875,0.065625,0.0625,0.11875,1
NP_415009.1,319,0.1003134796238244,0.0658307210031347,0.0376175548589341,0.122257053291536,1
NP_415010.1,434,0.0875576036866359,0.0668202764976958,0.0599078341013824,0.0967741935483871,1
NP_415011.1,558,0.1344086021505376,0.086021505376344,0.0878136200716845,0.1666666666666666,1
NP_415012.1,406,0.1133004926108374,0.1009852216748768,0.0689655172413793,0.1453201970443349,1
NP_415013.1,550,0.0872727272727272,0.0909090909090909,0.0727272727272727,0.08,1
NP_415014.1,159,0.1257861635220125,0.0817610062893081,0.0880503144654088,0.1069182389937107,1
NP_415015.1,264,0.0946969696969697,0.0492424242424242,0.034090909090909,0.1590909090909091,1
NP_415016.4,113,0.0973451327433628,0.0176991150442477,0.0707964601769911,0.1415929203539823,1
NP_415017.1,834,0.1438848920863309,0.0815347721822542,0.0935251798561151,0.1079136690647482,0
NP_415018.1,310,0.1225806451612903,0.1,0.0838709677419354,0.1096774193548387,1
NP_415019.1,430,0.1302325581395348,0.0883720930232558,0.0953488372093023,0.1534883720930232,1
NP_415020.1,135,0.074074074074074,0.0592592592592592,0.0444444444444444,0.1111111111111111,1
NP_415021.2,152,0.0723684210526315,0.1118421052631579,0.1052631578947368,0.1513157894736842,1
NP_415022.1,305,0.1081967213114754,0.0491803278688524,0.0786885245901639,0.0786885245901639,1
NP_415023.1,225,0.0622222222222222,0.0533333333333333,0.0488888888888888,0.1288888888888889,1
NP_415024.4,259,0.1081081081081081,0.054054054054054,0.081081081081081,0.1235521235521235,1
NP_415025.4,284,0.1161971830985915,0.0457746478873239,0.0387323943661971,0.1619718309859155,1
NP_415026.1,269,0.0817843866171003,0.0892193308550185,0.0743494423791821,0.0966542750929368,1
NP_415027.1,208,0.1057692307692307,0.048076923076923,0.048076923076923,0.1394230769230769,1
NP_415028.1,228,0.0921052631578947,0.1008771929824561,0.0701754385964912,0.1622807017543859,1
NP_415029.1,804,0.0945273631840796,0.0746268656716417,0.0845771144278607,0.1766169154228855,0
NP_415030.1,1426,0.0729312762973352,0.0946704067321178,0.0539971949509116,0.0904628330995792,0
NP_415031.1,122,0.0573770491803278,0.0491803278688524,0.081967213114754,0.081967213114754,1
NP_415036.1,364,0.1153846153846153,0.0741758241758241,0.0439560439560439,0.1208791208791208,1
NP_415037.1,308,0.0876623376623376,0.0551948051948051,0.0681818181818181,0.1136363636363636,1
NP_415038.1,160,0.0625,0.05625,0.08125,0.1125,1
NP_415039.1,271,0.092250922509225,0.088560885608856,0.081180811808118,0.1365313653136531,1
NP_415040.1,593,0.1247892074198988,0.0741989881956155,0.0944350758853288,0.072512647554806,1
NP_415041.1,258,0.0852713178294573,0.0852713178294573,0.0310077519379844,0.0968992248062015,1
NP_415042.1,292,0.1130136986301369,0.1027397260273972,0.0753424657534246,0.1164383561643835,1
NP_415044.4,484,0.0991735537190082,0.1095041322314049,0.0805785123966942,0.1157024793388429,1
NP_415045.1,453,0.0838852097130242,0.097130242825607,0.0838852097130242,0.0728476821192053,1
NP_415046.4,433,0.0785219399538106,0.0854503464203233,0.069284064665127,0.1685912240184757,1
NP_415047.1,381,0.1522309711286089,0.1312335958005249,0.0866141732283464,0.0839895013123359,1
NP_415048.1,261,0.0689655172413793,0.1226053639846743,0.0613026819923371,0.0957854406130268,1
NP_415049.1,411,0.0802919708029197,0.0802919708029197,0.072992700729927,0.0827250608272506,1
NP_415050.1,349,0.1146131805157593,0.0916905444126074,0.0687679083094555,0.0716332378223495,1
NP_415051.1,555,0.1441441441441441,0.0774774774774774,0.0666666666666666,0.1171171171171171,1
NP_415053.1,271,0.1180811808118081,0.0996309963099631,0.040590405904059,0.1476014760147601,1
NP_415054.1,297,0.1346801346801346,0.0909090909090909,0.0808080808080808,0.1111111111111111,1
NP_415055.1,355,0.0873239436619718,0.0788732394366197,0.076056338028169,0.1183098591549295,1
NP_415056.1,169,0.165680473372781,0.0769230769230769,0.0887573964497041,0.0828402366863905,1
NP_415057.1,240,0.125,0.0583333333333333,0.0708333333333333,0.1125,1
NP_415058.1,164,0.0609756097560975,0.0975609756097561,0.0975609756097561,0.0304878048780487,1
NP_415059.1,461,0.106290672451193,0.0672451193058568,0.0629067245119305,0.0780911062906724,1
NP_415060.1,173,0.0635838150289017,0.0982658959537572,0.0982658959537572,0.1445086705202312,1
NP_415061.2,70,0.1285714285714285,0.1,0.1285714285714285,0.0714285714285714,0
NP_415062.1,288,0.09375,0.0833333333333333,0.1111111111111111,0.0902777777777777,1
NP_415063.4,180,0.1666666666666666,0.0777777777777777,0.0666666666666666,0.0722222222222222,1
NP_415064.1,230,0.0782608695652174,0.0521739130434782,0.0739130434782608,0.108695652173913,1
NP_415065.1,867,0.0622837370242214,0.1061130334486736,0.0576701268742791,0.0841983852364475,0
NP_415066.2,327,0.0856269113149847,0.0642201834862385,0.0978593272171253,0.0703363914373088,1
NP_415067.1,171,0.1111111111111111,0.0760233918128654,0.0760233918128654,0.1169590643274853,1
NP_415068.1,210,0.0380952380952381,0.0428571428571428,0.0666666666666666,0.1142857142857142,1
NP_415069.1,387,0.0878552971576227,0.0387596899224806,0.0568475452196382,0.0801033591731266,1
NP_415072.2,99,0.1111111111111111,0.0101010101010101,0.0202020202020202,0.1111111111111111,0
NP_415073.1,288,0.0902777777777777,0.0555555555555555,0.0590277777777777,0.0729166666666666,1
NP_415075.1,110,0.0818181818181818,0.109090909090909,0.0454545454545454,0.1454545454545454,1
NP_415076.1,508,0.0728346456692913,0.0472440944881889,0.0531496062992126,0.108267716535433,1
NP_415077.1,183,0.0928961748633879,0.1092896174863388,0.087431693989071,0.0491803278688524,1
NP_415078.1,265,0.0452830188679245,0.0377358490566037,0.0490566037735849,0.120754716981132,1
NP_415079.1,151,0.0529801324503311,0.0596026490066225,0.0463576158940397,0.1059602649006622,1
NP_415080.1,56,0.0714285714285714,0.0535714285714285,0.0535714285714285,0.125,0
NP_415081.1,96,0.125,0.09375,0.0625,0.0729166666666666,0
NP_415082.1,120,0.0833333333333333,0.0583333333333333,0.0666666666666666,0.075,1
NP_415083.1,127,0.0787401574803149,0.0787401574803149,0.0629921259842519,0.0866141732283464,1
NP_415084.2,326,0.0858895705521472,0.0490797546012269,0.0368098159509202,0.0981595092024539,1
NP_415086.1,71,0.0985915492957746,0.1126760563380281,0.056338028169014,0.1408450704225352,0
NP_415087.1,165,0.0909090909090909,0.1212121212121212,0.0666666666666666,0.0787878787878787,1
NP_415088.1,153,0.1633986928104575,0.0196078431372549,0.0588235294117647,0.0784313725490196,1
NP_415089.1,97,0.1030927835051546,0.0824742268041237,0.0824742268041237,0.0927835051546391,0
NP_415090.2,136,0.0367647058823529,0.0147058823529411,0.0661764705882353,0.088235294117647,1
NP_415091.1,68,0.088235294117647,0.0,0.1176470588235294,0.0735294117647058,0
NP_415092.1,181,0.1049723756906077,0.0607734806629834,0.0552486187845303,0.0994475138121546,1
NP_415096.1,249,0.0281124497991967,0.036144578313253,0.0562248995983935,0.0883534136546184,1
NP_415097.1,317,0.0630914826498422,0.1041009463722397,0.0378548895899053,0.0630914826498422,1
NP_415098.1,253,0.0632411067193675,0.0079051383399209,0.075098814229249,0.1304347826086956,1
NP_415099.1,296,0.1114864864864864,0.0608108108108108,0.054054054054054,0.125,1
NP_415100.1,990,0.1303030303030303,0.0555555555555555,0.0434343434343434,0.1212121212121212,0
NP_415101.1,745,0.0738255033557047,0.0590604026845637,0.0818791946308724,0.1221476510067114,0
NP_415102.1,480,0.0729166666666666,0.05,0.08125,0.10625,1
NP_415103.1,227,0.066079295154185,0.079295154185022,0.0881057268722467,0.145374449339207,1
NP_415104.1,457,0.1269146608315098,0.0525164113785558,0.0459518599562363,0.1269146608315098,1
NP_415105.1,110,0.0818181818181818,0.0454545454545454,0.0818181818181818,0.0545454545454545,1
NP_415106.1,407,0.1179361179361179,0.0663390663390663,0.0687960687960688,0.0909090909090909,1
NP_415107.1,1047,0.099331423113658,0.0744985673352435,0.0945558739255014,0.1155682903533906,0
NP_415108.1,458,0.0960698689956331,0.0917030567685589,0.0829694323144104,0.1419213973799126,1
NP_415109.1,415,0.0746987951807229,0.0650602409638554,0.0602409638554216,0.1325301204819277,1
NP_415110.1,217,0.1244239631336405,0.0506912442396313,0.0921658986175115,0.0875576036866359,1
NP_415111.1,122,0.0327868852459016,0.0655737704918032,0.0573770491803278,0.1229508196721311,1
NP_415112.1,82,0.1097560975609756,0.0365853658536585,0.0365853658536585,0.2682926829268293,0
NP_415113.1,372,0.0806451612903225,0.0672043010752688,0.0618279569892473,0.0940860215053763,1
NP_415114.1,370,0.1297297297297297,0.0783783783783783,0.0378378378378378,0.127027027027027,1
NP_415115.2,206,0.1116504854368932,0.0485436893203883,0.0533980582524271,0.087378640776699,1
NP_415116.1,746,0.0723860589812332,0.1032171581769437,0.0576407506702412,0.0723860589812332,0
NP_415117.2,400,0.08,0.075,0.0575,0.1,1
NP_415118.1,1293,0.1237432327919566,0.0649651972157772,0.0603248259860788,0.1237432327919566,0
NP_415119.1,377,0.0901856763925729,0.0371352785145888,0.0742705570291777,0.1167108753315649,1
NP_415120.1,271,0.1033210332103321,0.077490774907749,0.059040590405904,0.1217712177121771,1
NP_415121.1,330,0.1363636363636363,0.0878787878787878,0.0939393939393939,0.1787878787878788,1
NP_415122.1,334,0.1586826347305389,0.1077844311377245,0.0868263473053892,0.1886227544910179,1
NP_415123.1,416,0.1225961538461538,0.1177884615384615,0.0673076923076923,0.204326923076923,1
NP_415124.1,318,0.1446540880503144,0.0660377358490566,0.0377358490566037,0.1415094339622641,1
NP_415125.1,391,0.1048593350383631,0.0588235294117647,0.0664961636828644,0.1048593350383631,1
NP_415126.1,536,0.1100746268656716,0.0671641791044776,0.0652985074626865,0.1119402985074626,1
NP_415127.1,285,0.1017543859649122,0.0350877192982456,0.0631578947368421,0.0982456140350877,1
NP_415128.1,248,0.1411290322580645,0.1048387096774193,0.0806451612903225,0.0846774193548387,1
NP_415129.1,137,0.072992700729927,0.1094890510948905,0.0875912408759124,0.1094890510948905,1
NP_415130.1,701,0.1283880171184022,0.0927246790299572,0.0998573466476462,0.1212553495007132,0
NP_415132.1,362,0.1270718232044199,0.074585635359116,0.0856353591160221,0.1160220994475138,1
NP_415133.1,386,0.1295336787564766,0.044041450777202,0.0621761658031088,0.1062176165803108,1
NP_415134.1,209,0.0526315789473684,0.0574162679425837,0.0574162679425837,0.0956937799043062,1
NP_415135.1,406,0.0689655172413793,0.0517241379310344,0.041871921182266,0.0812807881773399,1
NP_415136.1,300,0.04,0.0266666666666666,0.04,0.13,1
NP_415137.2,248,0.0967741935483871,0.0725806451612903,0.0564516129032258,0.1008064516129032,1
NP_415138.1,187,0.1016042780748663,0.0695187165775401,0.0641711229946524,0.0588235294117647,1
NP_415139.2,521,0.0959692898272552,0.0940499040307101,0.0786948176583493,0.0902111324376199,1
NP_415140.1,142,0.0774647887323943,0.0422535211267605,0.1197183098591549,0.1056338028169014,1
NP_415141.1,412,0.1116504854368932,0.1116504854368932,0.0849514563106796,0.0800970873786407,1
NP_415143.1,136,0.1029411764705882,0.0588235294117647,0.0808823529411764,0.1323529411764706,1
NP_415144.1,268,0.1231343283582089,0.0746268656716417,0.0410447761194029,0.085820895522388,1
NP_415145.1,487,0.0924024640657084,0.0862422997946611,0.0944558521560575,0.1375770020533881,1
NP_415146.1,292,0.1061643835616438,0.0958904109589041,0.0273972602739726,0.1643835616438356,1
NP_415147.1,183,0.1092896174863388,0.0437158469945355,0.0765027322404371,0.1420765027322404,1
NP_415148.1,510,0.1019607843137254,0.0823529411764705,0.096078431372549,0.0901960784313725,1
NP_415149.4,302,0.1291390728476821,0.0662251655629139,0.076158940397351,0.1059602649006622,1
NP_415150.1,98,0.1122448979591836,0.0612244897959183,0.0714285714285714,0.1224489795918367,0
NP_415151.4,352,0.0852272727272727,0.0426136363636363,0.0625,0.1022727272727272,1
NP_415152.1,552,0.0778985507246376,0.072463768115942,0.072463768115942,0.1068840579710145,1
NP_415153.1,226,0.0929203539823008,0.0619469026548672,0.0530973451327433,0.1106194690265486,1
NP_415154.1,461,0.1258134490238611,0.0802603036876355,0.1041214750542299,0.1171366594360086,1
NP_415155.1,186,0.0806451612903225,0.086021505376344,0.053763440860215,0.0591397849462365,1
NP_415156.1,69,0.0869565217391304,0.1159420289855072,0.072463768115942,0.0289855072463768,0
NP_415157.1,127,0.1023622047244094,0.1102362204724409,0.0629921259842519,0.1574803149606299,1
NP_415160.1,67,0.1492537313432835,0.1044776119402985,0.0746268656716417,0.1492537313432835,0
NP_415161.1,321,0.0965732087227414,0.0560747663551401,0.0685358255451713,0.0809968847352024,1
NP_415162.4,317,0.056782334384858,0.0347003154574132,0.0536277602523659,0.1198738170347003,1
NP_415163.2,213,0.0657276995305164,0.0798122065727699,0.0657276995305164,0.1220657276995305,1
NP_415164.1,87,0.0344827586206896,0.0459770114942528,0.1264367816091954,0.0919540229885057,0
NP_415165.1,403,0.086848635235732,0.086848635235732,0.064516129032258,0.0918114143920595,1
NP_415166.1,362,0.1243093922651933,0.0883977900552486,0.0690607734806629,0.0635359116022099,1
NP_415167.1,370,0.0837837837837837,0.0918918918918919,0.0972972972972973,0.154054054054054,1
NP_415168.1,633,0.0884676145339652,0.0774091627172195,0.0774091627172195,0.0868878357030015,0
NP_415169.1,155,0.0967741935483871,0.0709677419354838,0.0516129032258064,0.1225806451612903,1
NP_415170.4,105,0.0571428571428571,0.0761904761904762,0.1047619047619047,0.0952380952380952,1
NP_415171.1,203,0.0886699507389162,0.0591133004926108,0.0541871921182266,0.1133004926108374,1
NP_415172.1,213,0.0610328638497652,0.0469483568075117,0.0375586854460093,0.1314553990610328,1
NP_415173.1,343,0.107871720116618,0.0437317784256559,0.0466472303206997,0.2040816326530612,1
NP_415174.1,193,0.0880829015544041,0.0466321243523316,0.0673575129533678,0.1036269430051813,1
NP_415175.1,860,0.091860465116279,0.0662790697674418,0.0837209302325581,0.0755813953488372,0
NP_415176.1,160,0.04375,0.04375,0.0875,0.10625,1
NP_415177.4,325,0.1353846153846153,0.0769230769230769,0.0369230769230769,0.0676923076923076,1
NP_415178.1,235,0.0723404255319148,0.0553191489361702,0.0127659574468085,0.1063829787234042,1
NP_415179.1,475,0.08,0.0357894736842105,0.0442105263157894,0.1326315789473684,1
NP_415180.1,184,0.108695652173913,0.0706521739130434,0.0217391304347826,0.1032608695652173,1
NP_415181.1,235,0.0723404255319148,0.0680851063829787,0.0382978723404255,0.1106382978723404,1
NP_415182.1,483,0.0952380952380952,0.0351966873706004,0.041407867494824,0.1262939958592132,1
NP_415183.1,556,0.0899280575539568,0.0503597122302158,0.0773381294964028,0.1079136690647482,1
NP_415184.1,311,0.0996784565916398,0.0707395498392283,0.0932475884244373,0.1093247588424437,1
NP_415185.1,241,0.0788381742738589,0.0622406639004149,0.1078838174273859,0.0954356846473029,1
NP_415186.1,224,0.09375,0.0535714285714285,0.0982142857142857,0.1428571428571428,1
NP_415187.1,246,0.0975609756097561,0.0691056910569105,0.073170731707317,0.1341463414634146,1
NP_415188.1,302,0.0993377483443708,0.0562913907284768,0.0629139072847682,0.086092715231788,1
NP_415189.2,326,0.0858895705521472,0.0490797546012269,0.0368098159509202,0.0981595092024539,1
NP_415190.1,512,0.087890625,0.078125,0.056640625,0.138671875,1
NP_415191.1,292,0.0513698630136986,0.0513698630136986,0.0650684931506849,0.0856164383561643,1
NP_415192.1,155,0.064516129032258,0.0516129032258064,0.0774193548387096,0.1161290322580645,1
NP_415193.2,346,0.1011560693641618,0.0520231213872832,0.0664739884393063,0.0924855491329479,1
NP_415194.1,474,0.0590717299578059,0.0675105485232067,0.0738396624472573,0.0780590717299578,1
NP_415195.1,391,0.1304347826086956,0.0818414322250639,0.0767263427109974,0.1202046035805626,1
NP_415200.1,554,0.0974729241877256,0.0649819494584837,0.0649819494584837,0.0848375451263537,1
NP_415201.1,250,0.104,0.088,0.084,0.072,1
NP_415202.1,406,0.0935960591133004,0.0788177339901477,0.0665024630541872,0.105911330049261,1
NP_415203.1,382,0.112565445026178,0.0890052356020942,0.0785340314136125,0.1020942408376963,1
NP_415204.1,266,0.0827067669172932,0.0639097744360902,0.0789473684210526,0.0902255639097744,1
NP_415205.1,648,0.1404320987654321,0.0987654320987654,0.0910493827160493,0.1003086419753086,0
NP_415206.1,554,0.0703971119133574,0.0595667870036101,0.0631768953068592,0.0722021660649819,1
NP_415207.1,468,0.1153846153846153,0.0876068376068376,0.032051282051282,0.0534188034188034,1
NP_415208.1,108,0.1203703703703703,0.0277777777777777,0.0648148148148148,0.074074074074074,1
NP_415209.1,148,0.0675675675675675,0.0743243243243243,0.054054054054054,0.1081081081081081,1
NP_415210.1,176,0.0909090909090909,0.0852272727272727,0.0397727272727272,0.0852272727272727,1
NP_415211.2,97,0.0824742268041237,0.0309278350515463,0.0412371134020618,0.1443298969072164,0
NP_415212.1,254,0.1181102362204724,0.0551181102362204,0.0826771653543307,0.0866141732283464,1
NP_415213.1,181,0.1049723756906077,0.0331491712707182,0.0662983425414364,0.0828729281767955,1
NP_415214.1,546,0.1227106227106227,0.097069597069597,0.0732600732600732,0.0805860805860805,1
NP_415215.1,164,0.048780487804878,0.0792682926829268,0.0548780487804878,0.0975609756097561,1
NP_415219.1,439,0.1047835990888382,0.0979498861047836,0.1047835990888382,0.0888382687927107,1
NP_415220.1,732,0.0887978142076502,0.0683060109289617,0.0683060109289617,0.0983606557377049,0
NP_415222.1,225,0.0933333333333333,0.0666666666666666,0.0711111111111111,0.1377777777777777,1
NP_415223.1,894,0.1140939597315436,0.0693512304250559,0.0805369127516778,0.1286353467561521,0
NP_415224.1,190,0.1263157894736842,0.0789473684210526,0.0736842105263157,0.1263157894736842,1
NP_415225.1,682,0.1378299120234604,0.0835777126099706,0.0865102639296187,0.1085043988269794,0
NP_415226.1,557,0.111310592459605,0.1005385996409335,0.0879712746858168,0.1508078994614003,1
NP_415228.1,68,0.1176470588235294,0.0294117647058823,0.0588235294117647,0.1029411764705882,0
NP_415229.1,1397,0.0586972083035075,0.0959198282032927,0.0465282748747315,0.0923407301360057,0
NP_415230.1,108,0.037037037037037,0.0555555555555555,0.0555555555555555,0.1388888888888889,1
NP_415232.1,189,0.0687830687830687,0.0476190476190476,0.0423280423280423,0.0952380952380952,1
NP_415234.1,253,0.0553359683794466,0.0592885375494071,0.0434782608695652,0.0711462450592885,1
NP_415235.1,169,0.059171597633136,0.0414201183431952,0.0532544378698224,0.1479289940828402,1
NP_415236.1,472,0.1059322033898305,0.059322033898305,0.0635593220338983,0.0911016949152542,1
NP_415237.1,493,0.1115618661257606,0.0912778904665314,0.0770791075050709,0.1338742393509127,1
NP_415238.1,247,0.1012145748987854,0.1012145748987854,0.068825910931174,0.1093117408906882,1
NP_415239.1,218,0.073394495412844,0.091743119266055,0.1009174311926605,0.1192660550458715,1
NP_415240.1,310,0.0806451612903225,0.1096774193548387,0.0451612903225806,0.1161290322580645,1
NP_415241.1,244,0.1762295081967213,0.0942622950819672,0.0655737704918032,0.0901639344262295,1
NP_415242.1,263,0.0722433460076045,0.0646387832699619,0.0608365019011406,0.1330798479087452,1
NP_415243.4,348,0.1408045977011494,0.0862068965517241,0.0660919540229885,0.1810344827586207,1
NP_415244.4,353,0.0566572237960339,0.065155807365439,0.0594900849858356,0.0793201133144475,1
NP_415245.1,242,0.0867768595041322,0.0578512396694214,0.0578512396694214,0.1157024793388429,1
NP_415246.2,815,0.0699386503067484,0.0760736196319018,0.0552147239263803,0.0760736196319018,0
NP_415247.1,188,0.1117021276595744,0.0797872340425532,0.0851063829787234,0.0797872340425532,1
NP_415248.1,427,0.0866510538641686,0.0655737704918032,0.0468384074941452,0.081967213114754,1
NP_415249.1,129,0.0775193798449612,0.0775193798449612,0.1162790697674418,0.1162790697674418,1
NP_415250.1,115,0.0956521739130434,0.0695652173913043,0.1652173913043478,0.1391304347826087,1
NP_415251.1,588,0.0952380952380952,0.1003401360544217,0.0697278911564625,0.086734693877551,1
NP_415252.1,238,0.0588235294117647,0.0672268907563025,0.0378151260504201,0.1134453781512605,1
NP_415254.1,933,0.082529474812433,0.0718113612004287,0.0739549839228295,0.0889603429796355,0
NP_415255.1,405,0.1086419753086419,0.0666666666666666,0.091358024691358,0.1012345679012345,1
NP_415256.1,388,0.1211340206185567,0.1108247422680412,0.0979381443298969,0.0979381443298969,1
NP_415257.1,289,0.1003460207612456,0.1418685121107266,0.0830449826989619,0.0484429065743944,1
NP_415258.1,240,0.0416666666666666,0.0333333333333333,0.075,0.0916666666666666,1
NP_415259.1,658,0.1367781155015197,0.1003039513677811,0.0729483282674772,0.1291793313069908,0
NP_415260.1,877,0.0661345496009122,0.0604332953249714,0.0661345496009122,0.0935005701254275,0
NP_415261.2,522,0.10727969348659,0.0766283524904214,0.0689655172413793,0.1168582375478927,1
NP_415262.1,379,0.0976253298153034,0.0765171503957783,0.100263852242744,0.1187335092348284,1
NP_415263.1,97,0.1030927835051546,0.0721649484536082,0.0824742268041237,0.1546391752577319,0
NP_415264.1,134,0.0970149253731343,0.0223880597014925,0.1194029850746268,0.0820895522388059,1
NP_415265.1,230,0.1217391304347826,0.0652173913043478,0.0478260869565217,0.108695652173913,1
NP_415266.1,142,0.0774647887323943,0.056338028169014,0.1338028169014084,0.1126760563380281,1
NP_415267.1,421,0.3087885985748218,0.0498812351543943,0.0190023752969121,0.0451306413301662,1
NP_415268.1,430,0.1,0.1023255813953488,0.0930232558139534,0.0720930232558139,1
NP_415269.1,173,0.1098265895953757,0.0924855491329479,0.0635838150289017,0.0809248554913294,1
NP_415270.1,263,0.1406844106463878,0.0646387832699619,0.0570342205323193,0.0760456273764258,1
NP_415271.1,347,0.1239193083573487,0.0518731988472622,0.0662824207492795,0.0922190201729106,1
NP_415272.1,239,0.0878661087866108,0.0585774058577405,0.0920502092050209,0.1297071129707113,1
NP_415273.1,313,0.1022364217252396,0.0638977635782747,0.0862619808306709,0.1437699680511182,1
NP_415274.1,126,0.1269841269841269,0.1111111111111111,0.0476190476190476,0.0555555555555555,1
NP_415275.1,350,0.1085714285714285,0.0828571428571428,0.0628571428571428,0.0971428571428571,1
NP_415276.1,250,0.096,0.06,0.064,0.112,1
NP_415277.1,346,0.0867052023121387,0.0867052023121387,0.0520231213872832,0.1011560693641618,1
NP_415278.1,382,0.1020942408376963,0.0863874345549738,0.094240837696335,0.0785340314136125,1
NP_415279.1,348,0.0948275862068965,0.0459770114942528,0.0632183908045977,0.0890804597701149,1
NP_415280.3,338,0.0769230769230769,0.0887573964497041,0.0857988165680473,0.0798816568047337,1
NP_415281.1,490,0.0673469387755102,0.073469387755102,0.0591836734693877,0.1489795918367347,1
NP_415282.1,262,0.1183206106870229,0.0763358778625954,0.0572519083969465,0.1335877862595419,1
NP_415283.1,49,0.0408163265306122,0.1224489795918367,0.1428571428571428,0.1428571428571428,0
NP_415284.1,257,0.1634241245136186,0.0700389105058365,0.0933852140077821,0.0817120622568093,1
NP_415285.1,229,0.1048034934497816,0.0873362445414847,0.0829694323144104,0.1572052401746725,1
NP_415286.1,352,0.0738636363636363,0.0710227272727272,0.0767045454545454,0.1534090909090909,1
NP_415287.1,272,0.1102941176470588,0.0625,0.0698529411764705,0.0955882352941176,1
NP_415288.1,331,0.0694864048338368,0.0815709969788519,0.120845921450151,0.0694864048338368,1
NP_415289.4,317,0.0725552050473186,0.0473186119873817,0.0599369085173501,0.1293375394321766,1
NP_415290.1,350,0.1,0.0971428571428571,0.0857142857142857,0.0714285714285714,1
NP_415291.1,477,0.0985324947589098,0.10062893081761,0.0985324947589098,0.140461215932914,1
NP_415292.2,753,0.0916334661354581,0.0942895086321381,0.0703851261620186,0.0756972111553784,0
NP_415293.1,427,0.0983606557377049,0.0866510538641686,0.0866510538641686,0.0562060889929742,1
NP_415294.1,158,0.0822784810126582,0.1139240506329113,0.0886075949367088,0.0632911392405063,1
NP_415295.1,429,0.1188811188811188,0.0769230769230769,0.0629370629370629,0.0862470862470862,1
NP_415296.1,346,0.0924855491329479,0.0606936416184971,0.0549132947976878,0.1127167630057803,1
NP_415297.1,384,0.1380208333333333,0.0833333333333333,0.0651041666666666,0.1145833333333333,1
NP_415298.1,251,0.1314741035856573,0.0557768924302788,0.0517928286852589,0.1274900398406374,1
NP_415299.1,225,0.1288888888888889,0.08,0.0711111111111111,0.1111111111111111,1
NP_415300.1,673,0.0742942050520059,0.0624071322436849,0.0683506686478454,0.1099554234769688,0
NP_415301.1,302,0.0794701986754966,0.0894039735099337,0.0728476821192053,0.1456953642384106,1
NP_415302.1,329,0.0729483282674772,0.0790273556231003,0.0577507598784194,0.1003039513677811,1
NP_415303.1,170,0.1058823529411764,0.0705882352941176,0.0764705882352941,0.0705882352941176,1
NP_415304.1,161,0.1428571428571428,0.062111801242236,0.0869565217391304,0.0807453416149068,1
NP_415305.1,81,0.1481481481481481,0.0617283950617283,0.1111111111111111,0.1111111111111111,0
NP_415306.1,150,0.1,0.08,0.0933333333333333,0.0533333333333333,1
NP_415307.1,234,0.1025641025641025,0.0726495726495726,0.0769230769230769,0.1538461538461538,1
NP_415308.1,237,0.1097046413502109,0.0717299578059071,0.0632911392405063,0.1434599156118143,1
NP_415309.1,318,0.0911949685534591,0.0691823899371069,0.0974842767295597,0.1635220125786163,1
NP_415310.1,413,0.0895883777239709,0.0629539951573849,0.072639225181598,0.1016949152542373,1
NP_415311.1,253,0.0988142292490118,0.0513833992094861,0.0830039525691699,0.0948616600790513,1
NP_415312.1,136,0.088235294117647,0.0514705882352941,0.1470588235294117,0.1838235294117647,1
NP_415313.1,368,0.0842391304347826,0.0380434782608695,0.0760869565217391,0.1358695652173913,1
NP_415314.1,377,0.0822281167108753,0.0557029177718832,0.0795755968169761,0.1326259946949602,1
NP_415315.4,578,0.07439446366782,0.1038062283737024,0.0519031141868512,0.1280276816608996,1
NP_415316.1,332,0.1265060240963855,0.0753012048192771,0.0933734939759036,0.0933734939759036,1
NP_415317.4,223,0.1300448430493273,0.0493273542600896,0.0179372197309417,0.116591928251121,1
NP_415318.1,454,0.0991189427312775,0.0903083700440528,0.0616740088105726,0.105726872246696,1
NP_415319.1,160,0.09375,0.05625,0.05,0.08125,1
NP_415320.1,716,0.0893854748603352,0.047486033519553,0.0586592178770949,0.1340782122905028,0
NP_415321.1,320,0.1,0.090625,0.053125,0.109375,1
NP_415322.1,361,0.1301939058171745,0.0886426592797784,0.0609418282548476,0.0720221606648199,1
NP_415323.1,86,0.2209302325581395,0.0697674418604651,0.0813953488372093,0.0697674418604651,0
NP_415324.1,88,0.1136363636363636,0.0795454545454545,0.0227272727272727,0.0454545454545454,0
NP_415325.4,225,0.0711111111111111,0.0577777777777777,0.08,0.1155555555555555,1
NP_415326.1,760,0.0881578947368421,0.1,0.0592105263157894,0.0526315789473684,0
NP_415327.2,86,0.1395348837209302,0.1046511627906976,0.0348837209302325,0.1162790697674418,0
NP_415328.4,308,0.1103896103896103,0.0746753246753246,0.0487012987012987,0.0909090909090909,1
NP_415329.4,741,0.1025641025641025,0.0607287449392712,0.0715249662618083,0.1295546558704453,0
NP_415330.1,240,0.075,0.0708333333333333,0.0875,0.1125,1
NP_415331.1,219,0.1050228310502283,0.0821917808219178,0.0776255707762557,0.1324200913242009,1
NP_415332.1,248,0.1088709677419354,0.0725806451612903,0.0806451612903225,0.0927419354838709,1
NP_415333.1,167,0.1077844311377245,0.0359281437125748,0.0658682634730539,0.1137724550898203,1
NP_415334.1,295,0.1322033898305084,0.0949152542372881,0.0745762711864406,0.1796610169491525,1
NP_415335.1,171,0.0994152046783625,0.1228070175438596,0.0643274853801169,0.0409356725146198,1
NP_415336.1,527,0.0834914611005692,0.0588235294117647,0.0702087286527514,0.1005692599620493,1
NP_415338.1,155,0.0903225806451612,0.064516129032258,0.0967741935483871,0.0967741935483871,1
NP_415339.1,372,0.0887096774193548,0.0725806451612903,0.086021505376344,0.1989247311827957,1
NP_415340.1,306,0.0751633986928104,0.088235294117647,0.0915032679738562,0.0784313725490196,1
NP_415341.1,530,0.060377358490566,0.0792452830188679,0.0566037735849056,0.1169811320754717,1
NP_415342.1,421,0.1045130641330166,0.0665083135391924,0.0665083135391924,0.0855106888361045,1
NP_415343.1,271,0.084870848708487,0.062730627306273,0.07380073800738,0.0996309963099631,1
NP_415344.1,810,0.0987654320987654,0.0728395061728395,0.0604938271604938,0.1012345679012345,0
NP_415345.2,299,0.1036789297658862,0.0668896321070234,0.0468227424749163,0.1304347826086956,1
NP_415346.4,220,0.1590909090909091,0.0818181818181818,0.0909090909090909,0.1136363636363636,1
NP_415347.1,249,0.1164658634538152,0.0883534136546184,0.072289156626506,0.1204819277108433,1
NP_415348.1,411,0.0900243309002433,0.1046228710462287,0.0851581508515815,0.1046228710462287,1
NP_415349.1,321,0.146417445482866,0.1214953271028037,0.0778816199376947,0.0965732087227414,1
NP_415350.2,623,0.0963081861958266,0.0658105939004815,0.0866773675762439,0.1123595505617977,0
NP_415351.1,512,0.12890625,0.0546875,0.0625,0.078125,1
NP_415352.1,306,0.0947712418300653,0.0686274509803921,0.1143790849673202,0.130718954248366,1
NP_415353.1,303,0.1287128712871287,0.0759075907590759,0.0891089108910891,0.1221122112211221,1
NP_415354.1,782,0.0664961636828644,0.0447570332480818,0.0562659846547314,0.1023017902813299,0
NP_415355.1,442,0.0678733031674208,0.0588235294117647,0.090497737556561,0.1108597285067873,1
NP_415356.1,441,0.0498866213151927,0.0702947845804988,0.0975056689342403,0.0929705215419501,1
NP_415357.1,127,0.1023622047244094,0.0157480314960629,0.0551181102362204,0.1653543307086614,1
NP_415358.1,371,0.0673854447439353,0.1132075471698113,0.0646900269541779,0.0997304582210242,1
NP_415359.4,208,0.1009615384615384,0.0528846153846153,0.0576923076923076,0.125,1
NP_415360.1,400,0.1,0.0925,0.0725,0.095,1
NP_415361.1,252,0.0912698412698412,0.0436507936507936,0.0674603174603174,0.1071428571428571,1
NP_415362.1,198,0.0959595959595959,0.0606060606060606,0.0808080808080808,0.1616161616161616,1
NP_415363.1,410,0.1146341463414634,0.1024390243902439,0.0634146341463414,0.1634146341463414,1
NP_415364.1,94,0.1063829787234042,0.0638297872340425,0.1914893617021276,0.0638297872340425,0
NP_415365.4,271,0.092250922509225,0.081180811808118,0.088560885608856,0.07380073800738,1
NP_415366.1,402,0.1293532338308457,0.1194029850746268,0.0970149253731343,0.1293532338308457,1
NP_415367.1,178,0.1011235955056179,0.0449438202247191,0.0505617977528089,0.095505617977528,1
NP_415368.1,561,0.089126559714795,0.1176470588235294,0.0819964349376114,0.1443850267379679,1
NP_415369.1,125,0.12,0.056,0.048,0.144,1
NP_415370.1,85,0.0823529411764705,0.0705882352941176,0.0823529411764705,0.0470588235294117,0
NP_415371.1,95,0.0842105263157894,0.0421052631578947,0.0947368421052631,0.1789473684210526,0
NP_415372.1,240,0.0958333333333333,0.0625,0.0375,0.1291666666666666,1
NP_415373.1,300,0.12,0.09,0.07,0.09,1
NP_415374.1,158,0.0822784810126582,0.0316455696202531,0.0822784810126582,0.1392405063291139,1
NP_415375.1,370,0.1108108108108108,0.0567567567567567,0.0891891891891892,0.0972972972972973,1
NP_415376.4,377,0.0769230769230769,0.0716180371352785,0.0928381962864721,0.1140583554376657,1
NP_415377.1,317,0.0788643533123028,0.0630914826498422,0.0725552050473186,0.1703470031545741,1
NP_415378.1,281,0.1281138790035587,0.0711743772241993,0.092526690391459,0.1387900355871886,1
NP_415379.1,162,0.0679012345679012,0.0555555555555555,0.0679012345679012,0.1666666666666666,1
NP_415380.1,375,0.0986666666666666,0.056,0.0586666666666666,0.1173333333333333,1
NP_415381.1,243,0.102880658436214,0.0658436213991769,0.0617283950617283,0.0699588477366255,1
NP_415382.1,222,0.081081081081081,0.0585585585585585,0.063063063063063,0.1891891891891892,1
NP_415383.1,238,0.1134453781512605,0.0630252100840336,0.0840336134453781,0.1596638655462184,1
NP_415384.1,243,0.0905349794238683,0.0699588477366255,0.074074074074074,0.074074074074074,1
NP_415385.1,242,0.0826446280991735,0.0578512396694214,0.0661157024793388,0.128099173553719,1
NP_415386.1,171,0.0760233918128654,0.0584795321637426,0.0526315789473684,0.1111111111111111,1
NP_415387.1,107,0.102803738317757,0.1308411214953271,0.0934579439252336,0.0560747663551401,1
NP_415388.1,276,0.1340579710144927,0.0615942028985507,0.0543478260869565,0.0905797101449275,1
NP_415389.2,337,0.086053412462908,0.0652818991097922,0.0563798219584569,0.0979228486646884,1
NP_415390.4,476,0.1050420168067226,0.0609243697478991,0.0714285714285714,0.1239495798319327,1
NP_415391.1,333,0.1411411411411411,0.075075075075075,0.069069069069069,0.1051051051051051,1
NP_415392.1,572,0.1153846153846153,0.0839160839160839,0.0769230769230769,0.0961538461538461,1
NP_415393.1,322,0.093167701863354,0.062111801242236,0.0993788819875776,0.0807453416149068,1
NP_415394.4,550,0.0981818181818181,0.0909090909090909,0.06,0.12,1
NP_415395.2,299,0.0969899665551839,0.0802675585284281,0.0735785953177257,0.1939799331103679,1
NP_415396.1,231,0.1471861471861472,0.1515151515151515,0.0952380952380952,0.1125541125541125,1
NP_415397.1,552,0.0670289855072463,0.0615942028985507,0.0579710144927536,0.1322463768115942,1
NP_415398.1,330,0.0757575757575757,0.0484848484848484,0.0272727272727272,0.1242424242424242,1
NP_415399.4,371,0.1105121293800539,0.059299191374663,0.0997304582210242,0.105121293800539,1
NP_415400.1,648,0.0941358024691358,0.0864197530864197,0.1018518518518518,0.1157407407407407,0
NP_415401.1,74,0.0945945945945946,0.1351351351351351,0.1081081081081081,0.0135135135135135,0
NP_415402.1,106,0.0943396226415094,0.0283018867924528,0.1037735849056603,0.0943396226415094,1
NP_415403.1,758,0.0910290237467018,0.0659630606860158,0.079155672823219,0.1029023746701846,0
NP_415404.1,72,0.0277777777777777,0.0694444444444444,0.0972222222222222,0.0833333333333333,0
NP_415405.1,234,0.0641025641025641,0.0897435897435897,0.0512820512820512,0.1111111111111111,1
NP_415406.1,573,0.1047120418848167,0.0820244328097731,0.0610820244328097,0.1727748691099476,1
NP_415407.1,588,0.1207482993197278,0.0680272108843537,0.0595238095238095,0.1530612244897959,1
NP_415408.1,321,0.0996884735202492,0.1090342679127725,0.0560747663551401,0.0903426791277258,1
NP_415409.1,164,0.0304878048780487,0.0548780487804878,0.0914634146341463,0.1402439024390244,1
NP_415410.1,1329,0.1121143717080511,0.0571858540255831,0.0775018811136192,0.0805116629044394,0
NP_415411.2,203,0.0886699507389162,0.0591133004926108,0.0689655172413793,0.0689655172413793,1
NP_415412.1,447,0.1409395973154362,0.0648769574944071,0.0492170022371364,0.0850111856823266,1
NP_415413.1,430,0.0813953488372093,0.0697674418604651,0.0697674418604651,0.1069767441860465,1
NP_415414.4,814,0.0798525798525798,0.0884520884520884,0.0565110565110565,0.0675675675675675,0
NP_415415.1,205,0.073170731707317,0.0780487804878048,0.0634146341463414,0.0439024390243902,1
NP_415416.1,287,0.1080139372822299,0.1080139372822299,0.1045296167247386,0.1602787456445993,1
NP_415417.1,208,0.0961538461538461,0.0576923076923076,0.0769230769230769,0.1057692307692307,1
NP_415418.1,382,0.094240837696335,0.0916230366492146,0.0968586387434555,0.1701570680628272,1
NP_415419.2,476,0.1050420168067226,0.0777310924369747,0.0966386554621848,0.1155462184873949,1
NP_415420.1,302,0.0794701986754966,0.0596026490066225,0.0629139072847682,0.1026490066225165,1
NP_415421.1,196,0.0561224489795918,0.0459183673469387,0.086734693877551,0.1020408163265306,1
NP_415422.1,246,0.0365853658536585,0.0934959349593495,0.0975609756097561,0.0772357723577235,1
NP_415423.1,760,0.0842105263157894,0.075,0.056578947368421,0.081578947368421,0
NP_415424.1,285,0.1017543859649122,0.0912280701754386,0.0947368421052631,0.1157894736842105,1
NP_415425.4,586,0.098976109215017,0.0699658703071672,0.0511945392491467,0.1075085324232082,1
NP_415426.1,230,0.0695652173913043,0.0521739130434782,0.0913043478260869,0.1347826086956521,1
NP_415427.1,362,0.1132596685082873,0.080110497237569,0.0773480662983425,0.0828729281767955,1
NP_415428.1,427,0.1077283372365339,0.0866510538641686,0.0562060889929742,0.1124121779859484,1
NP_415429.2,254,0.1417322834645669,0.0905511811023622,0.0433070866141732,0.0826771653543307,1
NP_415430.1,227,0.1497797356828193,0.052863436123348,0.0881057268722467,0.1233480176211453,1
NP_415431.1,557,0.0861759425493716,0.0861759425493716,0.1202872531418312,0.0807899461400359,1
NP_415432.1,94,0.0744680851063829,0.0851063829787234,0.0425531914893617,0.0744680851063829,0
NP_415433.4,754,0.0862068965517241,0.0795755968169761,0.059681697612732,0.143236074270557,0
NP_415434.1,582,0.0824742268041237,0.0652920962199312,0.0807560137457044,0.1030927835051546,1
NP_415435.1,328,0.0975609756097561,0.0914634146341463,0.1189024390243902,0.1158536585365853,1
NP_415436.1,410,0.0926829268292682,0.0512195121951219,0.0439024390243902,0.124390243902439,1
NP_415437.1,60,0.0666666666666666,0.0333333333333333,0.05,0.1666666666666666,0
NP_415438.1,248,0.1129032258064516,0.0685483870967741,0.1129032258064516,0.064516129032258,1
NP_415439.1,297,0.074074074074074,0.0505050505050505,0.0572390572390572,0.1414141414141414,1
NP_415440.1,259,0.0772200772200772,0.0772200772200772,0.054054054054054,0.1467181467181467,1
NP_415441.1,261,0.0881226053639846,0.0689655172413793,0.0689655172413793,0.1034482758620689,1
NP_415442.1,440,0.0931818181818181,0.0431818181818181,0.0636363636363636,0.1136363636363636,1
NP_415443.2,234,0.0641025641025641,0.0512820512820512,0.047008547008547,0.1367521367521367,1
NP_415444.1,1486,0.0975773889636608,0.0397039030955585,0.057200538358008,0.1191117092866756,0
NP_415445.1,615,0.1073170731707317,0.0601626016260162,0.0682926829268292,0.1024390243902439,0
NP_415446.1,182,0.0989010989010989,0.0934065934065934,0.0274725274725274,0.1098901098901098,1
NP_415447.1,215,0.0465116279069767,0.1023255813953488,0.0651162790697674,0.1209302325581395,1
NP_415448.1,396,0.1161616161616161,0.0757575757575757,0.0656565656565656,0.0959595959595959,1
NP_415449.1,362,0.0939226519337016,0.1353591160220994,0.0718232044198895,0.0635359116022099,1
NP_415450.1,466,0.0879828326180257,0.0686695278969957,0.1008583690987124,0.0772532188841201,1
NP_415451.1,400,0.0875,0.045,0.065,0.115,1
NP_415452.1,870,0.1,0.0436781609195402,0.0597701149425287,0.1068965517241379,0
NP_415453.1,255,0.1098039215686274,0.0941176470588235,0.0784313725490196,0.1725490196078431,1
NP_415454.4,263,0.091254752851711,0.0874524714828897,0.0836501901140684,0.1711026615969581,1
NP_415455.1,381,0.1207349081364829,0.0839895013123359,0.0734908136482939,0.1076115485564304,1
NP_415456.4,319,0.1316614420062695,0.0689655172413793,0.0658307210031347,0.1128526645768025,1
NP_415457.1,191,0.1151832460732984,0.0471204188481675,0.0732984293193717,0.1675392670157068,1
NP_415458.2,179,0.1229050279329608,0.0558659217877094,0.1005586592178771,0.0502793296089385,1
NP_415459.1,233,0.0772532188841201,0.0643776824034334,0.0643776824034334,0.0944206008583691,1
NP_415460.1,866,0.0831408775981524,0.0877598152424942,0.0554272517321016,0.0889145496535796,0
NP_415461.1,356,0.0870786516853932,0.1011235955056179,0.095505617977528,0.0758426966292134,1
NP_415462.1,180,0.1111111111111111,0.1,0.0666666666666666,0.0944444444444444,1
NP_415463.2,171,0.0643274853801169,0.0818713450292397,0.0760233918128654,0.1111111111111111,1
NP_415464.4,236,0.0805084745762711,0.0677966101694915,0.0805084745762711,0.1271186440677966,1
NP_415465.1,336,0.0744047619047619,0.0952380952380952,0.0625,0.1071428571428571,1
NP_415466.4,180,0.1,0.0388888888888888,0.0777777777777777,0.1055555555555555,1
NP_415467.1,369,0.0975609756097561,0.073170731707317,0.075880758807588,0.075880758807588,1
NP_415468.1,702,0.0982905982905982,0.074074074074074,0.0484330484330484,0.1196581196581196,0
NP_415469.1,635,0.0771653543307086,0.0692913385826771,0.0661417322834645,0.1322834645669291,0
NP_415470.1,417,0.0911270983213429,0.0551558752997601,0.0839328537170263,0.1462829736211031,1
NP_415471.1,546,0.0586080586080586,0.0787545787545787,0.0732600732600732,0.1098901098901098,1
NP_415472.2,187,0.0748663101604278,0.0802139037433155,0.1122994652406417,0.1122994652406417,1
NP_415473.1,55,0.109090909090909,0.0909090909090909,0.0363636363636363,0.0545454545454545,0
NP_415474.1,172,0.0581395348837209,0.1395348837209302,0.0813953488372093,0.1162790697674418,1
NP_415475.1,586,0.0853242320819112,0.0614334470989761,0.0563139931740614,0.114334470989761,1
NP_415476.1,150,0.0733333333333333,0.04,0.0533333333333333,0.12,1
NP_415477.1,346,0.1069364161849711,0.1098265895953757,0.0780346820809248,0.0664739884393063,1
NP_415478.1,169,0.0828402366863905,0.0532544378698224,0.0650887573964497,0.1242603550295858,1
NP_415479.1,209,0.0765550239234449,0.0430622009569378,0.0574162679425837,0.1435406698564593,1
NP_415480.2,717,0.0990237099023709,0.0502092050209205,0.0460251046025104,0.1589958158995816,0
NP_415481.1,148,0.1013513513513513,0.081081081081081,0.0878378378378378,0.1351351351351351,1
NP_415482.1,684,0.1081871345029239,0.0555555555555555,0.0482456140350877,0.1140350877192982,0
NP_415483.2,152,0.0986842105263157,0.0526315789473684,0.0789473684210526,0.1184210526315789,1
NP_415484.1,220,0.0727272727272727,0.0272727272727272,0.0727272727272727,0.1409090909090909,1
NP_415485.4,137,0.1240875912408759,0.0875912408759124,0.1021897810218978,0.0948905109489051,1
NP_415486.4,105,0.0761904761904762,0.0476190476190476,0.0857142857142857,0.1238095238095238,1
NP_415487.4,396,0.0883838383838383,0.0782828282828282,0.0656565656565656,0.1111111111111111,1
NP_415488.1,92,0.0543478260869565,0.1195652173913043,0.108695652173913,0.0760869565217391,0
NP_415489.4,109,0.073394495412844,0.0642201834862385,0.0642201834862385,0.0825688073394495,1
NP_415490.1,219,0.091324200913242,0.0867579908675799,0.0684931506849315,0.1598173515981735,1
NP_415491.1,372,0.1075268817204301,0.086021505376344,0.0618279569892473,0.053763440860215,1
NP_415492.1,597,0.0871021775544388,0.0854271356783919,0.0653266331658291,0.0804020100502512,1
NP_415493.1,235,0.0638297872340425,0.0723404255319148,0.0936170212765957,0.0680851063829787,1
NP_415494.1,195,0.1128205128205128,0.0923076923076923,0.0615384615384615,0.1435897435897435,1
NP_415495.1,132,0.0681818181818181,0.0757575757575757,0.0757575757575757,0.106060606060606,1
NP_415496.1,285,0.0842105263157894,0.0561403508771929,0.0456140350877193,0.1543859649122807,1
NP_415497.1,514,0.1011673151750972,0.0778210116731517,0.0642023346303501,0.1303501945525292,1
NP_415498.1,378,0.0714285714285714,0.0873015873015873,0.0899470899470899,0.1693121693121693,1
NP_415500.1,432,0.0925925925925925,0.0671296296296296,0.0555555555555555,0.1342592592592592,1
NP_415501.1,726,0.0771349862258953,0.0578512396694214,0.071625344352617,0.1184573002754821,0
NP_415502.4,148,0.1216216216216216,0.0743243243243243,0.0743243243243243,0.0945945945945946,1
NP_415503.1,379,0.0844327176781002,0.0659630606860158,0.0844327176781002,0.0949868073878627,1
NP_415504.1,698,0.0773638968481375,0.0873925501432664,0.0544412607449856,0.0888252148997134,0
NP_415505.1,248,0.0927419354838709,0.0564516129032258,0.1169354838709677,0.1169354838709677,1
NP_415506.1,214,0.0654205607476635,0.0514018691588785,0.0654205607476635,0.116822429906542,1
NP_415507.2,101,0.198019801980198,0.1287128712871287,0.0891089108910891,0.0396039603960396,1
NP_415508.1,167,0.0359281437125748,0.0658682634730539,0.0718562874251497,0.1017964071856287,1
NP_415509.1,70,0.0571428571428571,0.1,0.1,0.0571428571428571,0
NP_415510.1,70,0.0714285714285714,0.0857142857142857,0.0857142857142857,0.0428571428571428,0
NP_415511.1,76,0.0657894736842105,0.0394736842105263,0.0526315789473684,0.1184210526315789,0
NP_415512.1,357,0.0868347338935574,0.0644257703081232,0.0700280112044818,0.1372549019607843,1
NP_415513.2,914,0.111597374179431,0.0503282275711159,0.049234135667396,0.1455142231947483,0
NP_415514.1,342,0.1052631578947368,0.0730994152046783,0.0789473684210526,0.1169590643274853,1
NP_415515.1,230,0.0608695652173913,0.0565217391304347,0.0913043478260869,0.1391304347826087,1
NP_415516.1,390,0.1025641025641025,0.0615384615384615,0.0512820512820512,0.0615384615384615,1
NP_415517.1,848,0.0872641509433962,0.0896226415094339,0.0695754716981132,0.0766509433962264,0
NP_415518.1,199,0.1256281407035175,0.0301507537688442,0.0402010050251256,0.1608040201005025,1
NP_415519.1,101,0.0891089108910891,0.0396039603960396,0.1089108910891089,0.1188118811881188,1
NP_415520.1,306,0.0816993464052287,0.0751633986928104,0.065359477124183,0.0751633986928104,1
NP_415521.1,418,0.0406698564593301,0.0406698564593301,0.0526315789473684,0.1028708133971291,1
NP_415522.1,413,0.0920096852300242,0.0605326876513317,0.0774818401937046,0.0920096852300242,1
NP_415523.1,75,0.12,0.0533333333333333,0.0666666666666666,0.04,0
NP_415524.1,198,0.1111111111111111,0.1363636363636363,0.0808080808080808,0.0656565656565656,1
NP_415525.2,57,0.1052631578947368,0.2105263157894736,0.0,0.0,0
NP_415526.4,442,0.1199095022624434,0.1244343891402715,0.1266968325791855,0.1153846153846153,1
NP_415527.4,164,0.1097560975609756,0.073170731707317,0.0792682926829268,0.073170731707317,1
NP_415528.1,196,0.1071428571428571,0.0663265306122449,0.0357142857142857,0.1173469387755102,1
NP_415529.1,266,0.1466165413533834,0.0639097744360902,0.0714285714285714,0.1428571428571428,1
NP_415530.1,128,0.1328125,0.0625,0.0859375,0.0546875,1
NP_415531.2,230,0.1043478260869565,0.0782608695652174,0.0695652173913043,0.0869565217391304,1
NP_415532.3,382,0.112565445026178,0.0785340314136125,0.06282722513089,0.0706806282722513,1
NP_415533.1,212,0.1273584905660377,0.0518867924528301,0.0518867924528301,0.1179245283018868,1
NP_415534.1,1320,0.1257575757575757,0.0734848484848484,0.0628787878787878,0.1181818181818181,0
NP_415535.1,502,0.1235059760956175,0.0936254980079681,0.0776892430278884,0.1175298804780876,1
NP_415537.1,375,0.1253333333333333,0.0613333333333333,0.0586666666666666,0.096,1
NP_415538.1,423,0.0874704491725768,0.0827423167848699,0.0520094562647754,0.1158392434988179,1
NP_415539.1,354,0.1045197740112994,0.0706214689265536,0.0847457627118644,0.0762711864406779,1
NP_415540.1,137,0.1021897810218978,0.0145985401459854,0.0802919708029197,0.1386861313868613,1
NP_415541.1,441,0.0839002267573696,0.0544217687074829,0.0680272108843537,0.1043083900226757,1
NP_415542.1,672,0.0952380952380952,0.0416666666666666,0.0610119047619047,0.0907738095238095,0
NP_415543.1,807,0.1090458488228005,0.0520446096654275,0.0495662949194547,0.0966542750929368,0
NP_415544.1,452,0.0553097345132743,0.0353982300884955,0.1084070796460177,0.1039823008849557,1
NP_415545.1,288,0.0902777777777777,0.0555555555555555,0.0590277777777777,0.0729166666666666,1
NP_415546.2,99,0.1111111111111111,0.0101010101010101,0.0202020202020202,0.1111111111111111,0
NP_415548.1,328,0.0548780487804878,0.0365853658536585,0.0701219512195122,0.1676829268292683,1
NP_415551.2,312,0.0865384615384615,0.0641025641025641,0.0737179487179487,0.1089743589743589,1
NP_415552.1,245,0.1183673469387755,0.0653061224489796,0.0653061224489796,0.0653061224489796,1
NP_415553.1,184,0.108695652173913,0.0434782608695652,0.0380434782608695,0.1413043478260869,1
NP_415554.4,163,0.1411042944785276,0.1226993865030674,0.0552147239263803,0.1533742331288343,1
NP_415555.1,277,0.0794223826714801,0.0685920577617328,0.0794223826714801,0.1046931407942238,1
NP_415556.1,138,0.0579710144927536,0.0869565217391304,0.0507246376811594,0.0942028985507246,1
NP_415557.1,129,0.0852713178294573,0.0465116279069767,0.0697674418604651,0.1007751937984496,1
NP_415558.1,216,0.0509259259259259,0.0416666666666666,0.037037037037037,0.1342592592592592,1
NP_415559.1,151,0.152317880794702,0.0993377483443708,0.0397350993377483,0.0662251655629139,1
NP_415560.1,151,0.1059602649006622,0.1920529801324503,0.0662251655629139,0.0596026490066225,1
NP_415561.1,110,0.0363636363636363,0.0363636363636363,0.0636363636363636,0.1454545454545454,1
NP_415562.1,103,0.0679611650485436,0.0776699029126213,0.087378640776699,0.0679611650485436,1
NP_415563.1,177,0.135593220338983,0.0903954802259887,0.1073446327683615,0.0903954802259887,1
NP_415564.2,473,0.080338266384778,0.0613107822410148,0.0655391120507399,0.1268498942917547,1
NP_415565.1,385,0.0571428571428571,0.0493506493506493,0.0779220779220779,0.1454545454545454,1
NP_415566.1,511,0.0684931506849315,0.0645792563600782,0.0704500978473581,0.0724070450097847,1
NP_415567.1,847,0.0861865407319952,0.0566706021251475,0.0696576151121605,0.1239669421487603,0
NP_415568.1,75,0.0133333333333333,0.0933333333333333,0.0933333333333333,0.12,0
NP_415569.4,124,0.1129032258064516,0.064516129032258,0.032258064516129,0.064516129032258,1
NP_415571.1,408,0.0931372549019607,0.0955882352941176,0.0857843137254902,0.1568627450980392,1
NP_415572.1,306,0.0588235294117647,0.0784313725490196,0.0718954248366013,0.1078431372549019,1
NP_415573.1,350,0.0942857142857142,0.06,0.0485714285714285,0.0685714285714285,1
NP_415574.1,191,0.0837696335078534,0.0890052356020942,0.0575916230366492,0.0837696335078534,1
NP_415575.1,188,0.1063829787234042,0.0904255319148936,0.0691489361702127,0.1276595744680851,1
NP_415576.1,46,0.0217391304347826,0.0217391304347826,0.0217391304347826,0.2608695652173913,0
NP_415577.1,372,0.1021505376344086,0.0913978494623656,0.0591397849462365,0.086021505376344,1
NP_415578.3,84,0.0476190476190476,0.0595238095238095,0.0714285714285714,0.0833333333333333,0
NP_415579.1,81,0.1358024691358024,0.0493827160493827,0.0617283950617283,0.0617283950617283,0
NP_415580.1,348,0.0948275862068965,0.0545977011494252,0.0833333333333333,0.0948275862068965,1
NP_415581.1,186,0.086021505376344,0.064516129032258,0.0698924731182795,0.1182795698924731,1
NP_415582.1,215,0.0837209302325581,0.041860465116279,0.055813953488372,0.1302325581395348,1
NP_415583.4,402,0.1069651741293532,0.1019900497512437,0.0671641791044776,0.1492537313432835,1
NP_415584.1,194,0.0721649484536082,0.0824742268041237,0.0515463917525773,0.0876288659793814,1
NP_415585.1,215,0.0837209302325581,0.055813953488372,0.0883720930232558,0.1255813953488372,1
NP_415586.1,307,0.1140065146579804,0.0749185667752443,0.0781758957654723,0.1107491856677524,1
NP_415587.1,511,0.1272015655577299,0.0724070450097847,0.0880626223091976,0.1604696673189823,1
NP_415588.1,138,0.0434782608695652,0.0579710144927536,0.0289855072463768,0.1231884057971014,1
NP_415589.1,97,0.1134020618556701,0.0309278350515463,0.0515463917525773,0.0927835051546391,0
NP_415590.1,219,0.1095890410958904,0.0684931506849315,0.1050228310502283,0.1141552511415525,1
NP_415591.1,138,0.1231884057971014,0.0434782608695652,0.0434782608695652,0.108695652173913,1
NP_415592.1,134,0.1417910447761194,0.0746268656716417,0.126865671641791,0.0820895522388059,1
NP_415593.1,231,0.0779220779220779,0.1082251082251082,0.0735930735930736,0.0952380952380952,1
NP_415594.1,402,0.1019900497512437,0.0970149253731343,0.0671641791044776,0.0746268656716417,1
NP_415595.1,251,0.1394422310756972,0.095617529880478,0.0796812749003984,0.0796812749003984,1
NP_415596.1,260,0.0769230769230769,0.0961538461538461,0.0807692307692307,0.0884615384615384,1
NP_415597.1,232,0.0862068965517241,0.1034482758620689,0.0818965517241379,0.0689655172413793,1
NP_415598.3,365,0.0821917808219178,0.1013698630136986,0.1068493150684931,0.1041095890410958,1
NP_415599.1,313,0.121405750798722,0.0575079872204472,0.0511182108626198,0.0958466453674121,1
NP_415600.1,547,0.1206581352833638,0.0786106032906764,0.0658135283363802,0.0859232175502742,1
NP_415601.1,317,0.1167192429022082,0.0599369085173501,0.0536277602523659,0.0883280757097791,1
NP_415602.1,1061,0.11875589066918,0.0433553251649387,0.0904806786050895,0.061262959472196,0
NP_415603.2,106,0.0377358490566037,0.0471698113207547,0.0471698113207547,0.0660377358490566,1
NP_415604.1,319,0.0815047021943573,0.0721003134796238,0.0846394984326018,0.1065830721003134,1
NP_415605.2,194,0.0721649484536082,0.0670103092783505,0.0463917525773195,0.1391752577319587,1
NP_415606.1,173,0.0809248554913294,0.0289017341040462,0.1213872832369942,0.0867052023121387,1
NP_415607.1,57,0.087719298245614,0.0701754385964912,0.0701754385964912,0.0526315789473684,0
NP_415608.2,356,0.1039325842696629,0.0842696629213483,0.0870786516853932,0.146067415730337,1
NP_415609.1,317,0.1356466876971608,0.085173501577287,0.085173501577287,0.0820189274447949,1
NP_415610.1,309,0.174757281553398,0.0776699029126213,0.1003236245954692,0.0841423948220064,1
NP_415611.1,244,0.1434426229508196,0.1188524590163934,0.0737704918032786,0.0737704918032786,1
NP_415612.1,78,0.0897435897435897,0.0512820512820512,0.0897435897435897,0.0641025641025641,0
NP_415613.1,413,0.1259079903147699,0.1259079903147699,0.0629539951573849,0.0702179176755447,1
NP_415614.1,269,0.0892193308550185,0.0669144981412639,0.0743494423791821,0.1226765799256505,1
NP_415615.1,340,0.0970588235294117,0.0647058823529411,0.0617647058823529,0.1235294117647058,1
NP_415616.1,213,0.0938967136150234,0.0751173708920187,0.0892018779342723,0.107981220657277,1
NP_415617.1,334,0.1287425149700598,0.0628742514970059,0.0568862275449101,0.1676646706586826,1
NP_415618.1,265,0.090566037735849,0.0566037735849056,0.1018867924528302,0.1132075471698113,1
NP_415619.1,477,0.1278825995807128,0.1048218029350104,0.0838574423480083,0.0922431865828092,1
NP_415620.1,729,0.074074074074074,0.0823045267489712,0.0576131687242798,0.0685871056241426,0
NP_415621.3,119,0.0840336134453781,0.0756302521008403,0.0504201680672268,0.0840336134453781,1
NP_415622.1,125,0.072,0.056,0.08,0.144,1
NP_415623.1,213,0.1173708920187793,0.0798122065727699,0.0798122065727699,0.0845070422535211,1
NP_415624.1,274,0.072992700729927,0.0510948905109489,0.0474452554744525,0.1423357664233576,1
NP_415625.1,341,0.1143695014662756,0.0821114369501466,0.0586510263929618,0.0850439882697947,1
NP_415626.4,180,0.0277777777777777,0.05,0.05,0.1,1
NP_415627.1,434,0.0898617511520737,0.0967741935483871,0.0622119815668202,0.1175115207373272,1
NP_415628.1,179,0.0782122905027933,0.1396648044692737,0.106145251396648,0.0558659217877094,1
NP_415629.4,210,0.1285714285714285,0.0476190476190476,0.0333333333333333,0.0952380952380952,1
NP_415630.1,85,0.1411764705882353,0.0823529411764705,0.0705882352941176,0.0705882352941176,0
NP_415631.1,320,0.096875,0.078125,0.0875,0.09375,1
NP_415632.1,1148,0.0949477351916376,0.0574912891986062,0.058362369337979,0.1219512195121951,0
NP_415633.1,357,0.0756302521008403,0.0364145658263305,0.0896358543417367,0.1624649859943977,1
NP_415634.1,399,0.100250626566416,0.0852130325814536,0.0902255639097744,0.1328320802005012,1
NP_415635.4,233,0.0858369098712446,0.0858369098712446,0.055793991416309,0.1545064377682403,1
NP_415636.1,414,0.0917874396135265,0.0869565217391304,0.0966183574879227,0.1183574879227053,1
NP_415637.1,303,0.0924092409240924,0.1221122112211221,0.0561056105610561,0.1155115511551155,1
NP_415638.3,279,0.0931899641577061,0.075268817204301,0.075268817204301,0.1003584229390681,1
NP_415639.1,262,0.1068702290076335,0.0534351145038167,0.0381679389312977,0.148854961832061,1
NP_415640.2,153,0.0261437908496732,0.0784313725490196,0.0980392156862745,0.0457516339869281,1
NP_415641.1,348,0.1034482758620689,0.0660919540229885,0.0517241379310344,0.0890804597701149,1
NP_415642.1,264,0.0795454545454545,0.0643939393939393,0.1022727272727272,0.1439393939393939,1
NP_415643.3,275,0.0581818181818181,0.0581818181818181,0.0763636363636363,0.2,1
NP_415644.1,378,0.0582010582010582,0.0608465608465608,0.0899470899470899,0.1058201058201058,1
NP_415645.1,408,0.0808823529411764,0.0931372549019607,0.0784313725490196,0.088235294117647,1
NP_415646.4,373,0.064343163538874,0.0750670241286863,0.0563002680965147,0.1072386058981233,1
NP_415647.1,486,0.0596707818930041,0.0473251028806584,0.0864197530864197,0.139917695473251,1
NP_415648.1,223,0.0672645739910313,0.0403587443946188,0.0896860986547085,0.1255605381165919,1
NP_415649.1,456,0.094298245614035,0.0570175438596491,0.0701754385964912,0.0986842105263157,1
NP_415650.1,213,0.1126760563380281,0.0751173708920187,0.0657276995305164,0.1643192488262911,1
NP_415651.4,368,0.0760869565217391,0.0951086956521739,0.0788043478260869,0.0896739130434782,1
NP_415652.1,153,0.0915032679738562,0.0457516339869281,0.065359477124183,0.0784313725490196,1
NP_415653.4,217,0.0599078341013824,0.0691244239631336,0.0599078341013824,0.0967741935483871,1
NP_415654.1,416,0.0913461538461538,0.0961538461538461,0.0721153846153846,0.0745192307692307,1
NP_415655.1,221,0.0452488687782805,0.0678733031674208,0.0633484162895927,0.090497737556561,1
NP_415656.1,234,0.0512820512820512,0.0256410256410256,0.0512820512820512,0.1196581196581196,1
NP_415657.1,297,0.0639730639730639,0.0336700336700336,0.0538720538720538,0.101010101010101,1
NP_415658.1,375,0.104,0.0506666666666666,0.056,0.0933333333333333,1
NP_415659.1,81,0.074074074074074,0.037037037037037,0.0617283950617283,0.1481481481481481,0
NP_415661.2,113,0.0530973451327433,0.0265486725663716,0.0619469026548672,0.1061946902654867,1
NP_415662.2,102,0.0980392156862745,0.0490196078431372,0.0588235294117647,0.1274509803921568,1
NP_415663.1,224,0.0491071428571428,0.0803571428571428,0.0625,0.0446428571428571,1
NP_415664.2,66,0.0757575757575757,0.0909090909090909,0.0454545454545454,0.106060606060606,0
NP_415665.2,185,0.1351351351351351,0.0648648648648648,0.081081081081081,0.0702702702702702,1
NP_415666.1,112,0.0803571428571428,0.0714285714285714,0.0982142857142857,0.0535714285714285,1
NP_415668.1,60,0.1333333333333333,0.1333333333333333,0.1,0.2,0
NP_415671.1,194,0.1030927835051546,0.0463917525773195,0.0515463917525773,0.0979381443298969,1
NP_415672.1,209,0.1291866028708134,0.1148325358851674,0.062200956937799,0.0813397129186602,1
NP_415673.1,137,0.0802919708029197,0.0510948905109489,0.0583941605839416,0.0875912408759124,1
NP_415674.1,200,0.135,0.055,0.055,0.065,1
NP_415676.1,184,0.0760869565217391,0.092391304347826,0.0652173913043478,0.1141304347826086,1
NP_415677.1,277,0.0361010830324909,0.0722021660649819,0.0685920577617328,0.0938628158844765,1
NP_415678.1,107,0.0186915887850467,0.0560747663551401,0.02803738317757,0.0654205607476635,1
NP_415679.1,134,0.0597014925373134,0.0298507462686567,0.0746268656716417,0.0970149253731343,1
NP_415680.1,243,0.0699588477366255,0.0576131687242798,0.0534979423868312,0.1069958847736625,1
NP_415681.1,403,0.0967741935483871,0.0471464019851116,0.0496277915632754,0.0967741935483871,1
NP_415682.1,78,0.0897435897435897,0.0641025641025641,0.0256410256410256,0.1538461538461538,0
NP_415683.1,90,0.0555555555555555,0.0444444444444444,0.0222222222222222,0.0777777777777777,0
NP_415684.1,88,0.0795454545454545,0.034090909090909,0.0568181818181818,0.1477272727272727,0
NP_415685.1,82,0.024390243902439,0.0121951219512195,0.048780487804878,0.1341463414634146,0
NP_415686.2,507,0.0729783037475345,0.0571992110453648,0.0749506903353057,0.1203155818540434,1
NP_415689.2,109,0.146788990825688,0.036697247706422,0.073394495412844,0.0825688073394495,1
NP_415690.5,114,0.1578947368421052,0.2368421052631578,0.0964912280701754,0.0964912280701754,1
NP_415692.1,88,0.0681818181818181,0.0113636363636363,0.0681818181818181,0.1363636363636363,0
NP_415693.1,270,0.0851851851851851,0.0851851851851851,0.0777777777777777,0.1037037037037037,1
NP_415694.1,231,0.1255411255411255,0.0649350649350649,0.0779220779220779,0.0952380952380952,1
NP_415695.1,122,0.0491803278688524,0.1147540983606557,0.0573770491803278,0.0655737704918032,1
NP_415696.1,133,0.0676691729323308,0.075187969924812,0.0601503759398496,0.0827067669172932,1
NP_415697.5,108,0.0277777777777777,0.0555555555555555,0.0555555555555555,0.1203703703703703,1
NP_415698.1,219,0.0867579908675799,0.0867579908675799,0.0867579908675799,0.1004566210045662,1
NP_415699.5,153,0.065359477124183,0.0326797385620915,0.0326797385620915,0.0980392156862745,1
NP_415700.4,303,0.099009900990099,0.0429042904290429,0.0693069306930693,0.1056105610561056,1
NP_415701.1,139,0.079136690647482,0.0575539568345323,0.1007194244604316,0.0935251798561151,1
NP_415702.1,422,0.0853080568720379,0.0616113744075829,0.0663507109004739,0.0924170616113744,1
NP_415703.3,176,0.1022727272727272,0.0568181818181818,0.0795454545454545,0.1590909090909091,1
NP_415704.1,513,0.0974658869395711,0.0643274853801169,0.0916179337231968,0.1617933723196881,1
NP_415705.1,239,0.0920502092050209,0.0753138075313807,0.0418410041841004,0.1087866108786611,1
NP_415706.1,510,0.0450980392156862,0.0372549019607843,0.0470588235294117,0.092156862745098,1
NP_415707.1,432,0.0949074074074074,0.0972222222222222,0.0694444444444444,0.099537037037037,1
NP_415708.1,356,0.1179775280898876,0.0926966292134831,0.0758426966292134,0.098314606741573,1
NP_415709.2,578,0.0968858131487889,0.1003460207612456,0.0778546712802768,0.1591695501730103,1
NP_415710.1,304,0.0855263157894736,0.0921052631578947,0.0427631578947368,0.1348684210526315,1
NP_415711.2,203,0.1280788177339901,0.0689655172413793,0.0492610837438423,0.0935960591133004,1
NP_415712.1,244,0.0778688524590164,0.0491803278688524,0.0573770491803278,0.1270491803278688,1
NP_415713.1,84,0.0833333333333333,0.1904761904761904,0.0833333333333333,0.1309523809523809,0
NP_415714.1,146,0.0616438356164383,0.0410958904109589,0.0410958904109589,0.1164383561643835,1
NP_415715.1,565,0.0902654867256637,0.0601769911504424,0.0548672566371681,0.0920353982300885,1
NP_415716.4,472,0.1186440677966101,0.0466101694915254,0.0699152542372881,0.1313559322033898,1
NP_415717.1,210,0.1047619047619047,0.0904761904761904,0.0571428571428571,0.0904761904761904,1
NP_415718.6,356,0.0842696629213483,0.1067415730337078,0.0730337078651685,0.1123595505617977,1
NP_415719.2,639,0.1126760563380281,0.0625978090766823,0.0469483568075117,0.1283255086071987,0
NP_415720.1,955,0.0827225130890052,0.1308900523560209,0.056544502617801,0.075392670157068,0
NP_415721.1,363,0.1074380165289256,0.0826446280991735,0.0771349862258953,0.0853994490358126,1
NP_415722.1,194,0.1082474226804123,0.1082474226804123,0.0618556701030927,0.1082474226804123,1
NP_415723.1,92,0.0652173913043478,0.108695652173913,0.1195652173913043,0.108695652173913,0
NP_415724.2,559,0.1234347048300536,0.0912343470483005,0.0894454382826475,0.146690518783542,1
NP_415725.1,315,0.1047619047619047,0.0634920634920634,0.1079365079365079,0.0825396825396825,1
NP_415726.1,283,0.0918727915194346,0.0883392226148409,0.0671378091872791,0.127208480565371,1
NP_415727.1,207,0.0579710144927536,0.0772946859903381,0.0434782608695652,0.1159420289855072,1
NP_415728.1,418,0.1196172248803827,0.0430622009569378,0.0717703349282296,0.124401913875598,1
NP_415729.1,360,0.1027777777777777,0.0638888888888888,0.05,0.0888888888888888,1
NP_415730.1,277,0.1046931407942238,0.0649819494584837,0.0505415162454873,0.1191335740072202,1
NP_415731.1,130,0.0923076923076923,0.0461538461538461,0.0769230769230769,0.1846153846153846,1
NP_415732.1,269,0.0743494423791821,0.037174721189591,0.0483271375464684,0.1635687732342007,1
NP_415733.1,284,0.0915492957746478,0.0880281690140845,0.0985915492957746,0.0809859154929577,1
NP_415734.1,366,0.1202185792349726,0.0601092896174863,0.0928961748633879,0.1666666666666666,1
NP_415735.1,76,0.1184210526315789,0.0131578947368421,0.0526315789473684,0.0263157894736842,0
NP_415736.2,231,0.1038961038961039,0.0865800865800865,0.0389610389610389,0.1385281385281385,1
NP_415737.1,117,0.0769230769230769,0.0854700854700854,0.0683760683760683,0.1538461538461538,1
NP_415738.2,464,0.0689655172413793,0.0883620689655172,0.0625,0.1099137931034482,1
NP_415739.1,216,0.0879629629629629,0.0509259259259259,0.0787037037037037,0.1435185185185185,1
NP_415740.1,598,0.0903010033444816,0.0501672240802675,0.0702341137123745,0.1404682274247491,1
NP_415741.1,463,0.1144708423326133,0.1036717062634989,0.0691144708423326,0.1101511879049676,1
NP_415742.1,1247,0.0777866880513231,0.0850040096230954,0.0553327987169206,0.082598235765838,0
NP_415743.1,512,0.072265625,0.0703125,0.05078125,0.078125,1
NP_415744.1,236,0.1313559322033898,0.0466101694915254,0.0423728813559322,0.1483050847457627,1
NP_415745.1,225,0.0755555555555555,0.0933333333333333,0.0666666666666666,0.1466666666666666,1
NP_415747.2,29,0.1034482758620689,0.0689655172413793,0.0,0.0,0
NP_415748.1,280,0.0785714285714285,0.0571428571428571,0.0821428571428571,0.0964285714285714,1
NP_415749.1,152,0.0855263157894736,0.0986842105263157,0.0460526315789473,0.0592105263157894,1
NP_415750.2,301,0.1063122923588039,0.0730897009966777,0.0664451827242525,0.1129568106312292,1
NP_415751.1,337,0.0949554896142433,0.0682492581602373,0.0741839762611275,0.1780415430267062,1
NP_415752.1,302,0.0894039735099337,0.0695364238410596,0.1092715231788079,0.0894039735099337,1
NP_415753.1,137,0.1094890510948905,0.0437956204379562,0.0510948905109489,0.1021897810218978,1
NP_415754.1,205,0.0682926829268292,0.0634146341463414,0.0780487804878048,0.1024390243902439,1
NP_415757.1,891,0.1358024691358024,0.0695847362514029,0.0707070707070707,0.0808080808080808,0
NP_415758.1,215,0.0790697674418604,0.0930232558139534,0.0744186046511627,0.1209302325581395,1
NP_415759.1,543,0.0847145488029466,0.0534069981583793,0.0810313075506445,0.0828729281767955,1
NP_415760.1,306,0.1013071895424836,0.0784313725490196,0.0784313725490196,0.1339869281045751,1
NP_415761.1,302,0.076158940397351,0.086092715231788,0.1092715231788079,0.1456953642384106,1
NP_415763.1,334,0.0658682634730539,0.0718562874251497,0.0838323353293413,0.1197604790419161,1
NP_415764.4,109,0.0825688073394495,0.036697247706422,0.0458715596330275,0.1376146788990825,1
NP_415765.1,486,0.1049382716049382,0.0637860082304526,0.0617283950617283,0.1234567901234567,1
NP_415766.1,417,0.0743405275779376,0.0575539568345323,0.0599520383693045,0.1390887290167865,1
NP_415767.2,98,0.1632653061224489,0.0612244897959183,0.0918367346938775,0.1020408163265306,0
NP_415768.1,239,0.0878661087866108,0.0376569037656903,0.1087866108786611,0.0543933054393305,1
NP_415769.1,132,0.0984848484848484,0.0909090909090909,0.1363636363636363,0.0606060606060606,1
NP_415770.1,179,0.0893854748603352,0.0391061452513966,0.1005586592178771,0.1452513966480447,1
NP_415771.1,247,0.1133603238866396,0.0607287449392712,0.0850202429149797,0.1821862348178137,1
NP_415772.1,212,0.1084905660377358,0.1179245283018868,0.0613207547169811,0.0896226415094339,1
NP_415773.1,168,0.0952380952380952,0.0416666666666666,0.0297619047619047,0.0714285714285714,1
NP_415774.1,166,0.1385542168674698,0.0240963855421686,0.0481927710843373,0.108433734939759,1
NP_415775.4,59,0.1016949152542373,0.2372881355932203,0.0,0.0,0
NP_415776.1,268,0.1492537313432835,0.0708955223880597,0.0634328358208955,0.1007462686567164,1
NP_415777.1,397,0.1032745591939546,0.1083123425692695,0.0478589420654911,0.0982367758186398,1
NP_415778.3,453,0.130242825607064,0.0684326710816777,0.0816777041942604,0.108167770419426,1
NP_415779.1,531,0.1242937853107344,0.0866290018832391,0.0621468926553672,0.1242937853107344,1
NP_415780.1,520,0.1019230769230769,0.0557692307692307,0.0634615384615384,0.1288461538461538,1
NP_415781.1,14,0.0714285714285714,0.0714285714285714,0.0714285714285714,0.0714285714285714,0
NP_415782.1,293,0.1194539249146757,0.0716723549488054,0.0580204778156996,0.0955631399317406,1
NP_415783.6,206,0.0339805825242718,0.0728155339805825,0.0728155339805825,0.1019417475728155,1
NP_415784.1,631,0.0665610142630744,0.0935023771790808,0.0522979397781299,0.1236133122028526,0
NP_415785.1,291,0.0618556701030927,0.1030927835051546,0.0893470790378006,0.0962199312714776,1
NP_415786.1,196,0.0918367346938775,0.0816326530612244,0.096938775510204,0.0663265306122449,1
NP_415787.1,252,0.0912698412698412,0.0793650793650793,0.0555555555555555,0.1071428571428571,1
NP_415788.1,349,0.1031518624641833,0.0601719197707736,0.0859598853868194,0.1002865329512893,1
NP_415789.1,83,0.072289156626506,0.0602409638554216,0.072289156626506,0.108433734939759,0
NP_415790.1,865,0.0878612716763005,0.0647398843930635,0.0693641618497109,0.0728323699421965,0
NP_415791.1,324,0.0925925925925925,0.0555555555555555,0.0895061728395061,0.0833333333333333,1
NP_415792.1,891,0.0864197530864197,0.0875420875420875,0.0819304152637486,0.0942760942760942,0
NP_415793.1,196,0.086734693877551,0.086734693877551,0.0663265306122449,0.1377551020408163,1
NP_415794.1,254,0.1141732283464567,0.0590551181102362,0.0826771653543307,0.1259842519685039,1
NP_415795.1,102,0.1274509803921568,0.0490196078431372,0.0980392156862745,0.1666666666666666,1
NP_415796.1,389,0.1079691516709511,0.0539845758354755,0.0514138817480719,0.1233933161953727,1
NP_415797.1,245,0.1346938775510204,0.0653061224489796,0.0979591836734693,0.0938775510204081,1
NP_415798.2,108,0.074074074074074,0.1388888888888889,0.0833333333333333,0.1018518518518518,1
NP_415799.1,72,0.1666666666666666,0.1805555555555555,0.0833333333333333,0.0972222222222222,0
NP_415800.1,249,0.0642570281124498,0.0602409638554216,0.0923694779116465,0.0923694779116465,1
NP_415801.1,661,0.0832072617246596,0.0529500756429652,0.0741301059001512,0.1104387291981845,0
NP_415802.1,644,0.108695652173913,0.0574534161490683,0.0683229813664596,0.0916149068322981,0
NP_415803.2,375,0.088,0.0373333333333333,0.0453333333333333,0.1253333333333333,1
NP_415804.1,262,0.1374045801526717,0.0954198473282442,0.0763358778625954,0.0839694656488549,1
NP_415805.1,117,0.0427350427350427,0.0341880341880341,0.0598290598290598,0.1111111111111111,1
NP_415806.1,268,0.0597014925373134,0.0634328358208955,0.044776119402985,0.1305970149253731,1
NP_415807.1,330,0.0666666666666666,0.0575757575757575,0.0454545454545454,0.1121212121212121,1
NP_415808.1,296,0.1283783783783783,0.0979729729729729,0.081081081081081,0.1554054054054054,1
NP_415809.1,321,0.0841121495327102,0.0623052959501557,0.0716510903426791,0.146417445482866,1
NP_415810.1,547,0.1005484460694698,0.0457038391224862,0.0639853747714808,0.1151736745886654,1
NP_415811.1,81,0.1358024691358024,0.0246913580246913,0.0246913580246913,0.0864197530864197,0
NP_415812.4,461,0.0911062906724512,0.0694143167028199,0.1106290672451193,0.1301518438177874,1
NP_415813.4,472,0.0805084745762711,0.0677966101694915,0.0699152542372881,0.1122881355932203,1
NP_415814.4,254,0.0826771653543307,0.0748031496062992,0.0669291338582677,0.1338582677165354,1
NP_415815.1,185,0.054054054054054,0.0918918918918919,0.0486486486486486,0.0864864864864864,1
NP_415816.1,495,0.1353535353535353,0.0808080808080808,0.0565656565656565,0.109090909090909,1
NP_415817.1,426,0.0868544600938967,0.1009389671361502,0.068075117370892,0.1056338028169014,1
NP_415818.1,421,0.1448931116389548,0.0926365795724465,0.0688836104513064,0.0807600950118764,1
NP_415819.4,325,0.0769230769230769,0.0615384615384615,0.0492307692307692,0.1507692307692307,1
NP_415820.1,222,0.1261261261261261,0.018018018018018,0.036036036036036,0.1216216216216216,1
NP_415821.1,74,0.0945945945945946,0.0135135135135135,0.027027027027027,0.1621621621621621,0
NP_415822.1,119,0.0756302521008403,0.0504201680672268,0.0840336134453781,0.1428571428571428,1
NP_415823.1,73,0.1643835616438356,0.0821917808219178,0.0684931506849315,0.1643835616438356,0
NP_415824.1,104,0.1057692307692307,0.0769230769230769,0.1057692307692307,0.0769230769230769,1
NP_415825.4,559,0.0608228980322003,0.0447227191413237,0.0572450805008944,0.110912343470483,1
NP_415826.1,430,0.0930232558139534,0.0651162790697674,0.0976744186046511,0.0744186046511627,1
NP_415827.1,293,0.0887372013651877,0.0511945392491467,0.098976109215017,0.1501706484641638,1
NP_415828.1,280,0.0821428571428571,0.0571428571428571,0.0857142857142857,0.125,1
NP_415829.1,350,0.1057142857142857,0.0914285714285714,0.0942857142857142,0.0514285714285714,1
NP_415830.2,262,0.0801526717557251,0.0839694656488549,0.0610687022900763,0.0954198473282442,1
NP_415831.1,351,0.1054131054131054,0.0769230769230769,0.074074074074074,0.0854700854700854,1
NP_415832.1,755,0.1059602649006622,0.0675496688741721,0.0503311258278145,0.0993377483443708,0
NP_415833.1,219,0.1232876712328767,0.0821917808219178,0.045662100456621,0.1324200913242009,1
NP_415835.1,301,0.0664451827242525,0.0930232558139534,0.0498338870431893,0.0730897009966777,1
NP_415836.1,332,0.1024096385542168,0.0512048192771084,0.0753012048192771,0.0873493975903614,1
NP_415837.1,465,0.0903225806451612,0.0709677419354838,0.0494623655913978,0.1333333333333333,1
NP_415838.1,353,0.121813031161473,0.0793201133144475,0.0594900849858356,0.1161473087818696,1
NP_415839.1,513,0.0838206627680311,0.0584795321637426,0.074074074074074,0.1325536062378167,1
NP_415840.1,168,0.1309523809523809,0.0595238095238095,0.1071428571428571,0.0892857142857142,1
NP_415841.4,321,0.1339563862928348,0.0591900311526479,0.0716510903426791,0.1308411214953271,1
NP_415842.2,242,0.1033057851239669,0.0702479338842975,0.0578512396694214,0.1115702479338843,1
NP_415843.2,306,0.1176470588235294,0.0718954248366013,0.0522875816993464,0.0522875816993464,1
NP_415844.1,299,0.0869565217391304,0.0635451505016722,0.0635451505016722,0.1170568561872909,1
NP_415845.2,537,0.0949720670391061,0.0521415270018622,0.074487895716946,0.0875232774674115,1
NP_415846.1,343,0.0612244897959183,0.0699708454810495,0.0641399416909621,0.0932944606413994,1
NP_415847.2,326,0.0858895705521472,0.0490797546012269,0.0368098159509202,0.0981595092024539,1
NP_415848.1,85,0.0823529411764705,0.0823529411764705,0.0941176470588235,0.1176470588235294,0
NP_415849.1,316,0.0822784810126582,0.0537974683544303,0.0886075949367088,0.0981012658227848,1
NP_415850.1,250,0.064,0.088,0.02,0.108,1
NP_415851.1,171,0.0701754385964912,0.1111111111111111,0.0584795321637426,0.1169590643274853,1
NP_415852.2,508,0.0964566929133858,0.0787401574803149,0.09251968503937,0.1417322834645669,1
NP_415853.1,481,0.1309771309771309,0.0769230769230769,0.0602910602910602,0.0769230769230769,1
NP_415854.4,436,0.1513761467889908,0.0986238532110091,0.0848623853211009,0.073394495412844,1
NP_415855.1,302,0.076158940397351,0.0662251655629139,0.0463576158940397,0.1059602649006622,1
NP_415856.1,187,0.0802139037433155,0.053475935828877,0.053475935828877,0.1176470588235294,1
NP_415857.2,410,0.0756097560975609,0.0560975609756097,0.0512195121951219,0.1268292682926829,1
NP_415858.1,327,0.0703363914373088,0.0825688073394495,0.0764525993883792,0.128440366972477,1
NP_415859.1,457,0.1225382932166301,0.0722100656455142,0.0656455142231947,0.1269146608315098,1
NP_415860.1,311,0.0482315112540192,0.067524115755627,0.0546623794212218,0.1028938906752411,1
NP_415861.1,411,0.0608272506082725,0.0632603406326034,0.0413625304136253,0.0948905109489051,1
NP_415862.4,71,0.0422535211267605,0.0845070422535211,0.056338028169014,0.056338028169014,0
NP_415863.1,69,0.0434782608695652,0.0579710144927536,0.0289855072463768,0.072463768115942,0
NP_415864.1,64,0.046875,0.140625,0.078125,0.015625,0
NP_415865.1,269,0.0929368029739776,0.0669144981412639,0.0669144981412639,0.0780669144981412,1
NP_415866.1,866,0.0866050808314087,0.0623556581986143,0.0600461893764434,0.0704387990762124,0
NP_415867.1,91,0.0549450549450549,0.0769230769230769,0.1098901098901098,0.0769230769230769,0
NP_415869.2,73,0.0547945205479452,0.0684931506849315,0.0547945205479452,0.0684931506849315,0
NP_415870.4,162,0.0493827160493827,0.0185185185185185,0.0555555555555555,0.1296296296296296,1
NP_415872.2,51,0.0392156862745098,0.0784313725490196,0.0588235294117647,0.0588235294117647,0
NP_415873.2,44,0.0909090909090909,0.0227272727272727,0.1136363636363636,0.0681818181818181,0
NP_415874.1,158,0.0886075949367088,0.0569620253164556,0.0569620253164556,0.0759493670886076,1
NP_415875.1,98,0.0816326530612244,0.0510204081632653,0.0714285714285714,0.0714285714285714,0
NP_415876.1,140,0.1214285714285714,0.0642857142857142,0.05,0.1071428571428571,1
NP_415877.1,285,0.087719298245614,0.0526315789473684,0.0631578947368421,0.0982456140350877,1
NP_415878.1,248,0.0685483870967741,0.0725806451612903,0.0766129032258064,0.0887096774193548,1
NP_415881.1,485,0.0556701030927835,0.0865979381443299,0.0742268041237113,0.1298969072164948,1
NP_415883.1,87,0.0689655172413793,0.057471264367816,0.0919540229885057,0.0919540229885057,0
NP_415888.1,326,0.0858895705521472,0.0490797546012269,0.0368098159509202,0.0981595092024539,1
NP_415890.2,1120,0.1982142857142857,0.0767857142857142,0.05,0.0410714285714285,0
NP_415891.1,191,0.1047120418848167,0.0523560209424083,0.0523560209424083,0.0890052356020942,1
NP_415892.1,196,0.0765306122448979,0.0714285714285714,0.0510204081632653,0.086734693877551,1
NP_415893.2,77,0.0519480519480519,0.0519480519480519,0.0649350649350649,0.1298701298701298,0
NP_415894.4,144,0.1041666666666666,0.0208333333333333,0.0902777777777777,0.1041666666666666,1
NP_415895.1,377,0.1114058355437665,0.1140583554376657,0.0450928381962864,0.0716180371352785,1
NP_415896.1,1174,0.1132879045996592,0.0664395229982964,0.0664395229982964,0.0996592844974446,0
NP_415897.1,140,0.0928571428571428,0.0642857142857142,0.0571428571428571,0.1214285714285714,1
NP_415898.1,329,0.0911854103343465,0.0699088145896656,0.0699088145896656,0.1155015197568389,1
NP_415899.1,879,0.073947667804323,0.0910125142207053,0.0637087599544937,0.1444823663253697,0
NP_415900.1,61,0.081967213114754,0.0163934426229508,0.0655737704918032,0.1147540983606557,0
NP_415901.2,108,0.1203703703703703,0.074074074074074,0.1018518518518518,0.1203703703703703,1
NP_415902.1,301,0.0664451827242525,0.0564784053156146,0.0598006644518272,0.1063122923588039,1
NP_415903.4,499,0.1142284569138276,0.0881763527054108,0.0861723446893787,0.094188376753507,1
NP_415904.3,757,0.0819022457067371,0.0752972258916776,0.0819022457067371,0.0647291941875825,0
NP_415905.1,681,0.1292217327459618,0.0895741556534508,0.0748898678414096,0.0954478707782672,0
NP_415906.1,309,0.1035598705501618,0.0647249190938511,0.0453074433656957,0.0679611650485436,1
NP_415907.1,95,0.0842105263157894,0.0631578947368421,0.0842105263157894,0.0421052631578947,0
NP_415908.1,248,0.1209677419354838,0.0766129032258064,0.032258064516129,0.1370967741935483,1
NP_415909.4,165,0.0787878787878787,0.0606060606060606,0.0606060606060606,0.0727272727272727,1
NP_415910.1,356,0.098314606741573,0.0730337078651685,0.0589887640449438,0.1011235955056179,1
NP_415911.1,255,0.1607843137254902,0.0666666666666666,0.0549019607843137,0.1529411764705882,1
NP_415912.1,262,0.1221374045801526,0.0916030534351145,0.0572519083969465,0.1297709923664122,1
NP_415913.1,475,0.1263157894736842,0.0694736842105263,0.0926315789473684,0.1073684210526315,1
NP_415914.1,140,0.15,0.1,0.0571428571428571,0.0571428571428571,1
NP_415915.1,401,0.1471321695760598,0.1022443890274314,0.0623441396508728,0.1072319201995012,1
NP_415916.1,437,0.0594965675057208,0.0823798627002288,0.068649885583524,0.0938215102974828,1
NP_415917.1,316,0.1044303797468354,0.0696202531645569,0.050632911392405,0.1550632911392405,1
NP_415918.1,196,0.0765306122448979,0.1020408163265306,0.1173469387755102,0.0714285714285714,1
NP_415920.1,301,0.0863787375415282,0.0631229235880398,0.0631229235880398,0.0930232558139534,1
NP_415921.2,121,0.1239669421487603,0.0743801652892562,0.0743801652892562,0.1074380165289256,1
NP_415922.1,383,0.0574412532637075,0.0574412532637075,0.0391644908616188,0.1044386422976501,1
NP_415924.1,286,0.1083916083916083,0.0804195804195804,0.0804195804195804,0.1188811188811188,1
NP_415925.2,768,0.0872395833333333,0.0390625,0.0611979166666666,0.1263020833333333,0
NP_415926.4,201,0.099502487562189,0.0497512437810945,0.0348258706467661,0.2189054726368159,1
NP_415927.1,298,0.0637583892617449,0.0973154362416107,0.0570469798657718,0.1845637583892617,1
NP_415928.1,585,0.0905982905982906,0.0786324786324786,0.07008547008547,0.1076923076923077,1
NP_415929.1,430,0.0627906976744186,0.0674418604651162,0.0767441860465116,0.1465116279069767,1
NP_415930.1,201,0.1194029850746268,0.0696517412935323,0.0796019900497512,0.0945273631840796,1
NP_415931.4,1300,0.0723076923076923,0.0546153846153846,0.063076923076923,0.1107692307692307,0
NP_415932.1,266,0.0977443609022556,0.0601503759398496,0.056390977443609,0.0789473684210526,1
NP_415933.1,479,0.1231732776617954,0.0876826722338204,0.0835073068893528,0.068893528183716,1
NP_415935.2,176,0.0795454545454545,0.0511363636363636,0.0625,0.1477272727272727,1
NP_415936.1,57,0.087719298245614,0.1403508771929824,0.0350877192982456,0.0701754385964912,0
NP_415937.1,55,0.109090909090909,0.0909090909090909,0.0363636363636363,0.0727272727272727,0
NP_415938.1,546,0.1483516483516483,0.0604395604395604,0.0622710622710622,0.0769230769230769,1
NP_415939.2,307,0.0781758957654723,0.0814332247557003,0.0781758957654723,0.1400651465798045,1
NP_415940.1,447,0.0850111856823266,0.058165548098434,0.0514541387024608,0.105145413870246,1
NP_415941.5,551,0.0907441016333938,0.0707803992740471,0.043557168784029,0.0635208711433756,1
NP_415943.4,74,0.027027027027027,0.0405405405405405,0.054054054054054,0.1081081081081081,0
NP_415944.1,179,0.0614525139664804,0.0502793296089385,0.0614525139664804,0.1005586592178771,1
NP_415945.1,326,0.0950920245398773,0.0889570552147239,0.1042944785276073,0.0613496932515337,1
NP_415946.1,330,0.106060606060606,0.0939393939393939,0.0757575757575757,0.1606060606060606,1
NP_415947.1,197,0.0761421319796954,0.065989847715736,0.0710659898477157,0.0964467005076142,1
NP_415948.1,222,0.081081081081081,0.063063063063063,0.0855855855855855,0.072072072072072,1
NP_415949.3,402,0.0920398009950248,0.0621890547263681,0.0671641791044776,0.072139303482587,1
NP_415950.4,391,0.1636828644501279,0.0920716112531969,0.0895140664961636,0.1432225063938619,1
NP_415951.1,178,0.0674157303370786,0.0674157303370786,0.0730337078651685,0.0842696629213483,1
NP_415952.2,653,0.0964777947932618,0.0658499234303215,0.0673813169984686,0.0995405819295559,0
NP_415953.1,76,0.1052631578947368,0.0657894736842105,0.0789473684210526,0.1052631578947368,0
NP_415954.2,58,0.0344827586206896,0.0689655172413793,0.0517241379310344,0.1206896551724138,0
NP_415955.2,138,0.1159420289855072,0.036231884057971,0.072463768115942,0.1376811594202898,1
NP_415956.1,468,0.1047008547008547,0.0491452991452991,0.0555555555555555,0.1303418803418803,1
NP_415957.1,381,0.0892388451443569,0.0813648293963254,0.0761154855643044,0.0656167979002624,1
NP_415958.1,337,0.0801186943620178,0.0919881305637982,0.086053412462908,0.1127596439169139,1
NP_415959.1,313,0.1150159744408945,0.0830670926517571,0.060702875399361,0.1661341853035143,1
NP_415960.1,264,0.1287878787878787,0.0681818181818181,0.0909090909090909,0.1666666666666666,1
NP_415961.1,474,0.1223628691983122,0.0949367088607595,0.0928270042194092,0.0886075949367088,1
NP_415962.2,57,0.1228070175438596,0.0175438596491228,0.0701754385964912,0.1578947368421052,0
NP_415963.1,77,0.1168831168831168,0.0389610389610389,0.0389610389610389,0.1038961038961039,0
NP_415964.1,149,0.0939597315436241,0.1073825503355704,0.1073825503355704,0.1610738255033557,1
NP_415965.1,172,0.1046511627906976,0.0813953488372093,0.0813953488372093,0.0813953488372093,1
NP_415966.6,345,0.0637681159420289,0.1217391304347826,0.0956521739130434,0.0898550724637681,1
NP_415967.2,221,0.0950226244343891,0.0452488687782805,0.0542986425339366,0.1583710407239819,1
NP_415968.1,700,0.0728571428571428,0.1028571428571428,0.06,0.0728571428571428,0
NP_415969.1,353,0.0963172804532577,0.0623229461756373,0.0849858356940509,0.1048158640226629,1
NP_415970.4,499,0.1082164328657314,0.0981963927855711,0.0981963927855711,0.1102204408817635,1
NP_415971.1,205,0.0878048780487804,0.0439024390243902,0.0682926829268292,0.1268292682926829,1
NP_415972.1,70,0.0285714285714285,0.0285714285714285,0.0714285714285714,0.1285714285714285,0
NP_415974.1,160,0.0125,0.05,0.075,0.075,1
NP_415977.1,378,0.074074074074074,0.0582010582010582,0.0476190476190476,0.0793650793650793,1
NP_415978.1,77,0.1298701298701298,0.0129870129870129,0.0129870129870129,0.0649350649350649,0
NP_415979.2,189,0.0899470899470899,0.0793650793650793,0.1005291005291005,0.074074074074074,1
NP_415980.1,281,0.0640569395017793,0.0676156583629893,0.0711743772241993,0.1281138790035587,1
NP_415981.1,297,0.0841750841750841,0.0875420875420875,0.0808080808080808,0.0808080808080808,1
NP_415982.1,226,0.0530973451327433,0.0884955752212389,0.0663716814159292,0.1283185840707964,1
NP_415983.1,231,0.0909090909090909,0.0476190476190476,0.0562770562770562,0.1645021645021645,1
NP_415984.1,514,0.0622568093385214,0.0778210116731517,0.0642023346303501,0.0642023346303501,1
NP_415985.1,1246,0.0714285714285714,0.0818619582664526,0.0569823434991974,0.0834670947030497,0
NP_415986.1,462,0.1103896103896103,0.0995670995670995,0.0779220779220779,0.1168831168831168,1
NP_415990.5,293,0.1023890784982935,0.1058020477815699,0.0784982935153583,0.1535836177474402,1
NP_415991.1,1015,0.0896551724137931,0.0847290640394088,0.0620689655172413,0.0807881773399014,0
NP_415992.1,294,0.0884353741496598,0.0850340136054421,0.0714285714285714,0.0578231292517006,1
NP_415993.1,217,0.0691244239631336,0.0599078341013824,0.0829493087557603,0.0691244239631336,1
NP_415994.4,94,0.1170212765957446,0.0319148936170212,0.0638297872340425,0.1276595744680851,0
NP_415995.4,336,0.1220238095238095,0.1071428571428571,0.119047619047619,0.0744047619047619,1
NP_415996.2,565,0.0725663716814159,0.0725663716814159,0.0707964601769911,0.0920353982300885,1
NP_415997.1,45,0.0444444444444444,0.0666666666666666,0.0666666666666666,0.0444444444444444,0
NP_415998.4,71,0.0845070422535211,0.0422535211267605,0.0845070422535211,0.0845070422535211,0
NP_415999.1,143,0.1118881118881118,0.1048951048951049,0.0559440559440559,0.0699300699300699,1
NP_416000.1,308,0.0714285714285714,0.0649350649350649,0.0616883116883116,0.1363636363636363,1
NP_416001.1,328,0.0884146341463414,0.0701219512195122,0.0884146341463414,0.1036585365853658,1
NP_416002.1,298,0.1275167785234899,0.0906040268456375,0.0738255033557047,0.1409395973154362,1
NP_416003.1,340,0.088235294117647,0.1,0.0911764705882352,0.1735294117647058,1
NP_416004.1,516,0.0968992248062015,0.0562015503875969,0.0581395348837209,0.0891472868217054,1
NP_416005.1,193,0.1139896373056994,0.0621761658031088,0.0518134715025906,0.1036269430051813,1
NP_416006.4,799,0.0775969962453066,0.0563204005006257,0.0613266583229036,0.1026282853566958,0
NP_416007.3,460,0.0760869565217391,0.0413043478260869,0.0630434782608695,0.0913043478260869,1
NP_416008.1,439,0.0683371298405467,0.061503416856492,0.0728929384965831,0.0728929384965831,1
NP_416009.1,511,0.1076320939334637,0.0821917808219178,0.0958904109589041,0.1291585127201565,1
NP_416010.1,466,0.0858369098712446,0.0772532188841201,0.0536480686695279,0.0858369098712446,1
NP_416011.1,931,0.1020408163265306,0.0343716433941997,0.0633727175080558,0.1106337271750805,0
NP_416012.1,790,0.0620253164556962,0.0658227848101265,0.0531645569620253,0.0696202531645569,0
NP_416013.1,561,0.0499108734402852,0.0463458110516934,0.0552584670231729,0.1497326203208556,1
NP_416014.4,385,0.0441558441558441,0.0571428571428571,0.0623376623376623,0.0623376623376623,1
NP_416015.2,560,0.0785714285714285,0.0625,0.0553571428571428,0.0767857142857142,1
NP_416016.1,253,0.067193675889328,0.0434782608695652,0.0592885375494071,0.0948616600790513,1
NP_416017.1,65,0.0769230769230769,0.0307692307692307,0.0615384615384615,0.123076923076923,0
NP_416018.1,759,0.1040843214756258,0.0764163372859025,0.0606060606060606,0.0843214756258234,0
NP_416019.1,304,0.0625,0.1151315789473684,0.1019736842105263,0.0822368421052631,1
NP_416020.1,167,0.1077844311377245,0.059880239520958,0.0718562874251497,0.0838323353293413,1
NP_416021.1,176,0.0681818181818181,0.0738636363636363,0.0625,0.1193181818181818,1
NP_416024.1,440,0.0863636363636363,0.0636363636363636,0.059090909090909,0.109090909090909,1
NP_416025.1,88,0.0681818181818181,0.0227272727272727,0.0113636363636363,0.1022727272727272,0
NP_416028.3,530,0.1169811320754717,0.0811320754716981,0.0735849056603773,0.1075471698113207,1
NP_416029.1,317,0.1104100946372239,0.1072555205047318,0.0662460567823343,0.1009463722397476,1
NP_416030.1,511,0.0880626223091976,0.0802348336594911,0.0547945205479452,0.1487279843444227,1
NP_416031.1,342,0.1228070175438596,0.1052631578947368,0.0789473684210526,0.1783625730994152,1
NP_416032.1,330,0.1151515151515151,0.1121212121212121,0.0878787878787878,0.1757575757575757,1
NP_416033.1,340,0.1088235294117647,0.0911764705882352,0.0970588235294117,0.0676470588235294,1
NP_416034.1,291,0.1065292096219931,0.0790378006872852,0.0824742268041237,0.0687285223367697,1
NP_416035.1,96,0.0416666666666666,0.0416666666666666,0.1041666666666666,0.0833333333333333,0
NP_416036.1,252,0.0952380952380952,0.0396825396825396,0.0595238095238095,0.1269841269841269,1
NP_416037.2,304,0.0888157894736842,0.0328947368421052,0.0526315789473684,0.1546052631578947,1
NP_416039.1,315,0.0857142857142857,0.0698412698412698,0.1079365079365079,0.1047619047619047,1
NP_416040.1,119,0.1092436974789916,0.0504201680672268,0.0672268907563025,0.0840336134453781,1
NP_416041.1,308,0.1103896103896103,0.0811688311688311,0.0974025974025974,0.0876623376623376,1
NP_416042.2,462,0.1601731601731601,0.0887445887445887,0.0584415584415584,0.0822510822510822,1
NP_416043.1,293,0.1126279863481228,0.0750853242320819,0.0580204778156996,0.1023890784982935,1
NP_416044.1,371,0.0404312668463611,0.0215633423180593,0.0646900269541779,0.1132075471698113,1
NP_416045.1,396,0.1262626262626262,0.0757575757575757,0.0909090909090909,0.1515151515151515,1
NP_416046.1,221,0.1085972850678733,0.090497737556561,0.0769230769230769,0.1266968325791855,1
NP_416047.4,144,0.0625,0.0486111111111111,0.0833333333333333,0.1736111111111111,1
NP_416048.2,127,0.0236220472440944,0.0393700787401574,0.0157480314960629,0.0944881889763779,1
NP_416049.1,72,0.125,0.0555555555555555,0.1111111111111111,0.0694444444444444,0
NP_416050.4,299,0.1103678929765886,0.0903010033444816,0.0969899665551839,0.1705685618729097,1
NP_416051.1,395,0.1113924050632911,0.0683544303797468,0.0860759493670886,0.1392405063291139,1
NP_416052.1,296,0.0777027027027027,0.0574324324324324,0.0675675675675675,0.1081081081081081,1
NP_416054.1,130,0.1076923076923077,0.0769230769230769,0.0923076923076923,0.0615384615384615,1
NP_416055.1,172,0.1453488372093023,0.0813953488372093,0.063953488372093,0.1046511627906976,1
NP_416056.1,681,0.1233480176211453,0.0558002936857562,0.0455212922173274,0.105726872246696,0
NP_416057.1,248,0.0927419354838709,0.0927419354838709,0.0887096774193548,0.0846774193548387,1
NP_416058.1,228,0.0701754385964912,0.0219298245614035,0.0657894736842105,0.0833333333333333,1
NP_416059.1,67,0.044776119402985,0.1194029850746268,0.0746268656716417,0.0895522388059701,0
NP_416060.1,486,0.1152263374485596,0.0658436213991769,0.0925925925925925,0.1008230452674897,1
NP_416062.2,77,0.0519480519480519,0.0519480519480519,0.0649350649350649,0.1298701298701298,0
NP_416063.1,196,0.0816326530612244,0.0714285714285714,0.0459183673469387,0.086734693877551,1
NP_416064.1,191,0.1047120418848167,0.0523560209424083,0.0523560209424083,0.0890052356020942,1
NP_416065.1,320,0.13125,0.121875,0.0375,0.04375,1
NP_416067.2,136,0.0220588235294117,0.0147058823529411,0.0808823529411764,0.0955882352941176,1
NP_416068.2,57,0.0526315789473684,0.0350877192982456,0.0350877192982456,0.0701754385964912,0
NP_416069.2,51,0.1176470588235294,0.0588235294117647,0.0784313725490196,0.0980392156862745,0
NP_416070.1,70,0.0571428571428571,0.1,0.1,0.0428571428571428,0
NP_416071.1,165,0.1818181818181818,0.0484848484848484,0.0545454545454545,0.0666666666666666,1
NP_416072.1,177,0.096045197740113,0.096045197740113,0.0451977401129943,0.0564971751412429,1
NP_416073.1,103,0.087378640776699,0.029126213592233,0.116504854368932,0.0776699029126213,1
NP_416074.4,71,0.1126760563380281,0.1126760563380281,0.056338028169014,0.1408450704225352,0
NP_416075.1,71,0.0845070422535211,0.0985915492957746,0.0845070422535211,0.028169014084507,0
NP_416076.1,70,0.0571428571428571,0.1142857142857142,0.0714285714285714,0.1,0
NP_416077.4,250,0.092,0.076,0.072,0.096,1
NP_416078.4,349,0.0687679083094555,0.0573065902578796,0.0888252148997134,0.1146131805157593,1
NP_416079.1,83,0.0843373493975903,0.0963855421686747,0.072289156626506,0.0963855421686747,0
NP_416080.1,51,0.0980392156862745,0.0196078431372549,0.1372549019607843,0.0980392156862745,0
NP_416081.1,95,0.0421052631578947,0.0421052631578947,0.1263157894736842,0.1052631578947368,0
NP_416082.1,79,0.0759493670886076,0.0253164556962025,0.0632911392405063,0.1645569620253164,0
NP_416083.1,101,0.0495049504950495,0.0594059405940594,0.1188118811881188,0.0891089108910891,1
NP_416084.1,110,0.0727272727272727,0.0454545454545454,0.0545454545454545,0.0636363636363636,1
NP_416087.1,76,0.1052631578947368,0.0921052631578947,0.0263157894736842,0.131578947368421,0
NP_416088.1,135,0.0592592592592592,0.0296296296296296,0.0444444444444444,0.1333333333333333,1
NP_416089.1,51,0.0392156862745098,0.0980392156862745,0.0392156862745098,0.0588235294117647,0
NP_416090.2,42,0.119047619047619,0.0714285714285714,0.0,0.0714285714285714,0
NP_416091.1,72,0.1666666666666666,0.0,0.0138888888888888,0.0833333333333333,0
NP_416092.1,62,0.0483870967741935,0.0483870967741935,0.064516129032258,0.1129032258064516,0
NP_416093.1,63,0.0793650793650793,0.0476190476190476,0.1428571428571428,0.0634920634920634,0
NP_416097.1,339,0.0914454277286135,0.079646017699115,0.103244837758112,0.0648967551622418,1
NP_416098.1,404,0.0792079207920792,0.0841584158415841,0.0495049504950495,0.0841584158415841,1
NP_416099.1,108,0.1203703703703703,0.0925925925925925,0.074074074074074,0.1944444444444444,1
NP_416100.1,113,0.1061946902654867,0.0265486725663716,0.0353982300884955,0.0973451327433628,1
NP_416101.1,186,0.0698924731182795,0.0483870967741935,0.064516129032258,0.1021505376344086,1
NP_416102.2,236,0.0508474576271186,0.0508474576271186,0.0805084745762711,0.1059322033898305,1
NP_416103.2,101,0.1188118811881188,0.0495049504950495,0.0693069306930693,0.0792079207920792,1
NP_416104.1,808,0.0816831683168316,0.0816831683168316,0.0556930693069306,0.0717821782178217,0
NP_416105.4,807,0.0830235439900867,0.080545229244114,0.0557620817843866,0.0681536555142503,0
NP_416106.1,205,0.0780487804878048,0.0829268292682926,0.0634146341463414,0.0439024390243902,1
NP_416107.1,284,0.1091549295774647,0.1126760563380281,0.0985915492957746,0.1478873239436619,1
NP_416108.2,204,0.1176470588235294,0.0441176470588235,0.0539215686274509,0.1372549019607843,1
NP_416109.2,418,0.1363636363636363,0.0933014354066985,0.0574162679425837,0.1794258373205741,1
NP_416110.4,231,0.0909090909090909,0.0779220779220779,0.1038961038961039,0.1341991341991342,1
NP_416111.1,406,0.0886699507389162,0.0763546798029556,0.0714285714285714,0.125615763546798,1
NP_416112.1,297,0.1111111111111111,0.0505050505050505,0.0639730639730639,0.1313131313131313,1
NP_416113.1,417,0.0935251798561151,0.0983213429256594,0.0503597122302158,0.1510791366906475,1
NP_416114.2,102,0.2941176470588235,0.0098039215686274,0.0294117647058823,0.0294117647058823,1
NP_416115.1,273,0.1172161172161172,0.0805860805860805,0.0659340659340659,0.1025641025641025,1
NP_416116.1,109,0.1834862385321101,0.1009174311926605,0.0825688073394495,0.1743119266055046,1
NP_416117.1,121,0.0909090909090909,0.0991735537190082,0.0743801652892562,0.1652892561983471,1
NP_416118.1,344,0.0988372093023255,0.0610465116279069,0.0959302325581395,0.1947674418604651,1
NP_416119.1,462,0.1212121212121212,0.0995670995670995,0.0995670995670995,0.106060606060606,1
NP_416120.1,510,0.1235294117647058,0.0823529411764705,0.0980392156862745,0.0823529411764705,1
NP_416121.1,314,0.1464968152866242,0.0700636942675159,0.0955414012738853,0.0445859872611464,1
NP_416122.1,460,0.1217391304347826,0.0847826086956521,0.0956521739130434,0.1717391304347826,1
NP_416123.1,240,0.1208333333333333,0.0708333333333333,0.0541666666666666,0.1083333333333333,1
NP_416124.1,111,0.1261261261261261,0.072072072072072,0.09009009009009,0.1351351351351351,1
NP_416125.2,239,0.0920502092050209,0.0502092050209205,0.0585774058577405,0.1548117154811715,1
NP_416126.1,433,0.0762124711316397,0.0531177829099307,0.0484988452655889,0.1593533487297921,1
NP_416127.1,309,0.0906148867313915,0.0258899676375404,0.0744336569579288,0.1262135922330097,1
NP_416128.1,467,0.1220556745182012,0.0728051391862955,0.0620985010706638,0.1113490364025695,1
NP_416129.1,548,0.0948905109489051,0.0930656934306569,0.052919708029197,0.0930656934306569,1
NP_416130.3,391,0.1150895140664961,0.0537084398976982,0.0588235294117647,0.1202046035805626,1
NP_416131.1,502,0.0836653386454183,0.0717131474103585,0.0637450199203187,0.1115537848605577,1
NP_416132.2,421,0.0783847980997624,0.1116389548693586,0.0475059382422802,0.1045130641330166,1
NP_416133.1,457,0.0940919037199124,0.0809628008752735,0.1094091903719912,0.12472647702407,1
NP_416134.1,603,0.0762852404643449,0.0762852404643449,0.087893864013267,0.066334991708126,0
NP_416135.1,196,0.1275510204081632,0.0510204081632653,0.0408163265306122,0.0816326530612244,1
NP_416136.1,255,0.1333333333333333,0.0941176470588235,0.0627450980392156,0.0823529411764705,1
NP_416137.1,342,0.131578947368421,0.087719298245614,0.067251461988304,0.1081871345029239,1
NP_416138.1,530,0.090566037735849,0.1056603773584905,0.0943396226415094,0.120754716981132,1
NP_416139.1,390,0.1025641025641025,0.0692307692307692,0.0589743589743589,0.0897435897435897,1
NP_416140.1,333,0.1261261261261261,0.078078078078078,0.06006006006006,0.1051051051051051,1
NP_416141.4,346,0.0924855491329479,0.0809248554913294,0.0780346820809248,0.1098265895953757,1
NP_416142.1,71,0.0422535211267605,0.0422535211267605,0.0704225352112676,0.1549295774647887,0
NP_416143.2,146,0.1095890410958904,0.047945205479452,0.0684931506849315,0.184931506849315,1
NP_416144.1,193,0.1036269430051813,0.0725388601036269,0.1139896373056994,0.1865284974093264,1
NP_416145.1,192,0.1145833333333333,0.0677083333333333,0.0833333333333333,0.0677083333333333,1
NP_416146.1,740,0.1743243243243243,0.0567567567567567,0.0635135135135135,0.0635135135135135,0
NP_416147.1,352,0.1107954545454545,0.0909090909090909,0.0795454545454545,0.1505681818181818,1
NP_416148.1,206,0.145631067961165,0.0922330097087378,0.058252427184466,0.1019417475728155,1
NP_416149.1,231,0.1255411255411255,0.0952380952380952,0.0692640692640692,0.1515151515151515,1
NP_416150.1,211,0.0900473933649289,0.0473933649289099,0.0853080568720379,0.1042654028436018,1
NP_416151.1,500,0.126,0.09,0.086,0.114,1
NP_416152.1,201,0.0945273631840796,0.0497512437810945,0.0597014925373134,0.1343283582089552,1
NP_416153.1,287,0.1184668989547038,0.073170731707317,0.1045296167247386,0.0975609756097561,1
NP_416154.1,424,0.0849056603773584,0.080188679245283,0.0542452830188679,0.1037735849056603,1
NP_416155.1,218,0.0596330275229357,0.0596330275229357,0.055045871559633,0.110091743119266,1
NP_416156.4,109,0.036697247706422,0.0458715596330275,0.073394495412844,0.128440366972477,1
NP_416157.1,369,0.1029810298102981,0.1084010840108401,0.073170731707317,0.1246612466124661,1
NP_416159.2,144,0.0833333333333333,0.0347222222222222,0.0277777777777777,0.1527777777777778,1
NP_416160.1,78,0.1153846153846153,0.0641025641025641,0.0769230769230769,0.1794871794871795,0
NP_416161.4,285,0.1087719298245614,0.0491228070175438,0.087719298245614,0.087719298245614,1
NP_416162.1,670,0.1208955223880597,0.0417910447761194,0.0567164179104477,0.1537313432835821,0
NP_416163.1,173,0.1156069364161849,0.1387283236994219,0.0693641618497109,0.0867052023121387,1
NP_416165.2,79,0.0379746835443038,0.050632911392405,0.0253164556962025,0.0759493670886076,0
NP_416166.3,199,0.100502512562814,0.0753768844221105,0.0402010050251256,0.135678391959799,1
NP_416167.1,365,0.1315068493150684,0.1013698630136986,0.0438356164383561,0.0794520547945205,1
NP_416168.1,135,0.074074074074074,0.1185185185185185,0.074074074074074,0.0962962962962963,1
NP_416169.1,215,0.1441860465116279,0.0651162790697674,0.0604651162790697,0.0883720930232558,1
NP_416170.1,1538,0.1079323797139141,0.0734720416124837,0.0708712613784135,0.1202860858257477,0
NP_416171.1,115,0.1043478260869565,0.0608695652173913,0.0434782608695652,0.0869565217391304,1
NP_416172.1,271,0.1107011070110701,0.055350553505535,0.051660516605166,0.051660516605166,1
NP_416173.1,193,0.1398963730569948,0.0725388601036269,0.0518134715025906,0.077720207253886,1
NP_416174.1,389,0.1413881748071979,0.1105398457583547,0.1028277634961439,0.1388174807197943,1
NP_416175.1,341,0.1085043988269794,0.0674486803519061,0.0703812316715542,0.0733137829912023,1
NP_416176.1,310,0.0870967741935483,0.0548387096774193,0.0870967741935483,0.1,1
NP_416178.1,382,0.0759162303664921,0.0680628272251308,0.06282722513089,0.0916230366492146,1
NP_416179.1,213,0.0610328638497652,0.0845070422535211,0.0938967136150234,0.0892018779342723,1
NP_416181.1,418,0.0813397129186602,0.1507177033492823,0.0909090909090909,0.1052631578947368,1
NP_416182.1,101,0.1188118811881188,0.0594059405940594,0.0594059405940594,0.1287128712871287,1
NP_416183.1,534,0.0880149812734082,0.0524344569288389,0.0617977528089887,0.095505617977528,1
NP_416184.1,270,0.1222222222222222,0.1,0.074074074074074,0.0407407407407407,1
NP_416185.1,261,0.0842911877394636,0.0842911877394636,0.0842911877394636,0.1570881226053639,1
NP_416186.4,222,0.0765765765765765,0.063063063063063,0.0585585585585585,0.0495495495495495,1
NP_416187.1,215,0.1302325581395348,0.0325581395348837,0.0744186046511627,0.0744186046511627,1
NP_416188.1,700,0.0785714285714285,0.0914285714285714,0.0571428571428571,0.0785714285714285,0
NP_416189.1,208,0.0576923076923076,0.110576923076923,0.0528846153846153,0.0817307692307692,1
NP_416190.1,69,0.072463768115942,0.0579710144927536,0.1159420289855072,0.1014492753623188,0
NP_416191.1,470,0.0872340425531914,0.0851063829787234,0.0936170212765957,0.0851063829787234,1
NP_416192.1,78,0.1538461538461538,0.0384615384615384,0.0769230769230769,0.1153846153846153,0
NP_416193.1,334,0.092814371257485,0.0808383233532934,0.0808383233532934,0.0898203592814371,1
NP_416194.1,138,0.0942028985507246,0.0434782608695652,0.0507246376811594,0.1159420289855072,1
NP_416195.1,406,0.105911330049261,0.083743842364532,0.0788177339901477,0.1108374384236453,1
NP_416196.1,423,0.1040189125295508,0.0685579196217494,0.0567375886524822,0.1158392434988179,1
NP_416197.1,248,0.0524193548387096,0.0927419354838709,0.0806451612903225,0.1209677419354838,1
NP_416198.2,495,0.0929292929292929,0.0727272727272727,0.0666666666666666,0.0626262626262626,1
NP_416199.1,122,0.0737704918032786,0.1147540983606557,0.081967213114754,0.081967213114754,1
NP_416200.2,62,0.0806451612903225,0.0161290322580645,0.0161290322580645,0.2096774193548387,0
NP_416201.1,136,0.0661764705882353,0.1102941176470588,0.0808823529411764,0.1029411764705882,1
NP_416202.1,1018,0.0903732809430255,0.0736738703339882,0.0736738703339882,0.1090373280943025,0
NP_416203.1,370,0.1027027027027027,0.0945945945945946,0.1162162162162162,0.1594594594594594,1
NP_416204.2,118,0.1016949152542373,0.0338983050847457,0.0338983050847457,0.0762711864406779,1
NP_416205.1,404,0.0915841584158415,0.0816831683168316,0.0519801980198019,0.1287128712871287,1
NP_416206.6,421,0.0973871733966745,0.0760095011876484,0.0831353919239905,0.1187648456057007,1
NP_416207.1,288,0.1041666666666666,0.1006944444444444,0.0590277777777777,0.1076388888888889,1
NP_416208.1,252,0.1349206349206349,0.0436507936507936,0.0793650793650793,0.0873015873015873,1
NP_416209.1,531,0.0847457627118644,0.1016949152542373,0.0753295668549905,0.0922787193973634,1
NP_416210.4,383,0.0966057441253263,0.0757180156657963,0.0443864229765013,0.0783289817232376,1
NP_416211.1,303,0.0726072607260726,0.0396039603960396,0.066006600660066,0.0825082508250825,1
NP_416212.1,254,0.1102362204724409,0.0511811023622047,0.0826771653543307,0.1220472440944882,1
NP_416213.1,312,0.1314102564102564,0.0737179487179487,0.0897435897435897,0.0993589743589743,1
NP_416214.1,429,0.1142191142191142,0.1002331002331002,0.0862470862470862,0.0909090909090909,1
NP_416215.1,97,0.0721649484536082,0.1030927835051546,0.0515463917525773,0.0721649484536082,0
NP_416216.5,566,0.0936395759717314,0.0653710247349823,0.0689045936395759,0.1148409893992932,1
NP_416217.1,792,0.0896464646464646,0.0833333333333333,0.0845959595959596,0.0744949494949494,0
NP_416218.1,277,0.0974729241877256,0.03971119133574,0.0649819494584837,0.1010830324909747,1
NP_416219.1,348,0.0804597701149425,0.0747126436781609,0.057471264367816,0.0919540229885057,1
NP_416220.1,63,0.0476190476190476,0.0634920634920634,0.0,0.1428571428571428,0
NP_416221.1,478,0.0878661087866108,0.0669456066945606,0.0460251046025104,0.1213389121338912,1
NP_416222.1,237,0.0548523206751054,0.050632911392405,0.050632911392405,0.1392405063291139,1
NP_416223.1,154,0.0519480519480519,0.0909090909090909,0.0584415584415584,0.0974025974025974,1
NP_416224.1,249,0.108433734939759,0.0843373493975903,0.0481927710843373,0.1566265060240964,1
NP_416225.1,183,0.0655737704918032,0.0710382513661202,0.081967213114754,0.081967213114754,1
NP_416226.1,326,0.1319018404907975,0.1012269938650306,0.0705521472392638,0.2116564417177914,1
NP_416227.1,99,0.0606060606060606,0.0707070707070707,0.0505050505050505,0.101010101010101,0
NP_416228.1,795,0.0880503144654088,0.0779874213836478,0.0993710691823899,0.1056603773584905,0
NP_416229.1,327,0.0856269113149847,0.0703363914373088,0.0611620795107033,0.0948012232415902,1
NP_416230.1,14,0.1428571428571428,0.0,0.0,0.0,0
NP_416231.1,118,0.1864406779661017,0.0508474576271186,0.0762711864406779,0.0508474576271186,1
NP_416232.3,65,0.1076923076923077,0.0923076923076923,0.0461538461538461,0.0923076923076923,0
NP_416233.1,180,0.0555555555555555,0.0777777777777777,0.0777777777777777,0.0833333333333333,1
NP_416234.1,642,0.0638629283489096,0.0669781931464174,0.0638629283489096,0.0825545171339563,0
NP_416236.1,252,0.1071428571428571,0.0873015873015873,0.0476190476190476,0.0793650793650793,1
NP_416237.3,309,0.1197411003236245,0.0906148867313915,0.0938511326860841,0.1003236245954692,1
NP_416238.1,96,0.0208333333333333,0.0729166666666666,0.0416666666666666,0.1145833333333333,0
NP_416239.1,286,0.0909090909090909,0.0699300699300699,0.0384615384615384,0.1328671328671328,1
NP_416240.1,178,0.0617977528089887,0.0674157303370786,0.0730337078651685,0.1179775280898876,1
NP_416241.1,222,0.1081081081081081,0.045045045045045,0.09009009009009,0.1486486486486486,1
NP_416242.6,196,0.0918367346938775,0.0510204081632653,0.0612244897959183,0.1428571428571428,1
NP_416243.1,463,0.1144708423326133,0.0863930885529157,0.1187904967602591,0.1468682505399568,1
NP_416244.2,267,0.0599250936329588,0.0449438202247191,0.0337078651685393,0.1048689138576779,1
NP_416245.2,80,0.075,0.0375,0.075,0.05,0
NP_416247.1,249,0.0883534136546184,0.0763052208835341,0.0562248995983935,0.1164658634538152,1
NP_416248.1,450,0.0733333333333333,0.0755555555555555,0.0666666666666666,0.1177777777777777,1
NP_416249.1,280,0.0464285714285714,0.0392857142857142,0.0642857142857142,0.0821428571428571,1
NP_416250.1,116,0.1379310344827586,0.0517241379310344,0.0517241379310344,0.1379310344827586,1
NP_416251.1,452,0.1238938053097345,0.0907079646017699,0.0752212389380531,0.1172566371681416,1
NP_416252.1,106,0.1320754716981132,0.0660377358490566,0.0943396226415094,0.1226415094339622,1
NP_416253.1,112,0.1339285714285714,0.0803571428571428,0.0803571428571428,0.0446428571428571,1
NP_416254.1,275,0.0945454545454545,0.0727272727272727,0.0581818181818181,0.0981818181818181,1
NP_416255.1,295,0.0949152542372881,0.0542372881355932,0.0406779661016949,0.1423728813559322,1
NP_416256.2,191,0.094240837696335,0.0785340314136125,0.0523560209424083,0.094240837696335,1
NP_416257.1,161,0.15527950310559,0.031055900621118,0.0124223602484472,0.0683229813664596,1
NP_416258.1,322,0.0807453416149068,0.093167701863354,0.0559006211180124,0.1366459627329192,1
NP_416259.1,447,0.1073825503355704,0.0693512304250559,0.0850111856823266,0.1140939597315436,1
NP_416260.1,492,0.1300813008130081,0.0955284552845528,0.0589430894308943,0.1097560975609756,1
NP_416261.1,344,0.0959302325581395,0.0697674418604651,0.0755813953488372,0.0959302325581395,1
NP_416262.1,406,0.1280788177339901,0.1034482758620689,0.0738916256157635,0.0886699507389162,1
NP_416263.1,268,0.0559701492537313,0.0708955223880597,0.0522388059701492,0.085820895522388,1
NP_416264.4,236,0.097457627118644,0.0720338983050847,0.0338983050847457,0.2076271186440678,1
NP_416265.4,225,0.1022222222222222,0.0977777777777777,0.08,0.0844444444444444,1
NP_416266.1,235,0.1234042553191489,0.076595744680851,0.0638297872340425,0.1276595744680851,1
NP_416267.1,182,0.1043956043956044,0.0384615384615384,0.0604395604395604,0.1318681318681318,1
NP_416268.2,388,0.1237113402061855,0.0670103092783505,0.0541237113402061,0.1134020618556701,1
NP_416269.4,511,0.1291585127201565,0.0587084148727984,0.0704500978473581,0.2191780821917808,1
NP_416270.1,217,0.0967741935483871,0.0599078341013824,0.0737327188940092,0.1612903225806451,1
NP_416271.4,435,0.1080459770114942,0.0781609195402298,0.0505747126436781,0.0896551724137931,1
NP_416272.2,206,0.116504854368932,0.1019417475728155,0.0436893203883495,0.1941747572815534,1
NP_416273.1,135,0.1481481481481481,0.0592592592592592,0.0666666666666666,0.1037037037037037,1
NP_416274.1,90,0.0888888888888888,0.0444444444444444,0.1111111111111111,0.0888888888888888,0
NP_416275.1,447,0.105145413870246,0.1096196868008948,0.0827740492170022,0.0782997762863534,1
NP_416276.4,346,0.0780346820809248,0.0491329479768786,0.0317919075144508,0.0895953757225433,1
NP_416277.1,653,0.1026033690658499,0.0566615620214395,0.0689127105666156,0.0949464012251148,0
NP_416278.1,347,0.1095100864553314,0.1152737752161383,0.0662824207492795,0.0864553314121037,1
NP_416279.1,183,0.1311475409836065,0.0765027322404371,0.0655737704918032,0.0655737704918032,1
NP_416280.1,618,0.1100323624595469,0.0825242718446602,0.0776699029126213,0.0857605177993527,0
NP_416281.1,338,0.0857988165680473,0.0828402366863905,0.059171597633136,0.1005917159763313,1
NP_416282.4,213,0.1032863849765258,0.0798122065727699,0.0704225352112676,0.0985915492957746,1
NP_416283.1,452,0.081858407079646,0.0929203539823008,0.079646017699115,0.1216814159292035,1
NP_416284.1,252,0.0912698412698412,0.0436507936507936,0.0595238095238095,0.0992063492063492,1
NP_416285.1,326,0.0858895705521472,0.0736196319018405,0.0613496932515337,0.1104294478527607,1
NP_416286.4,315,0.1047619047619047,0.073015873015873,0.0603174603174603,0.0984126984126984,1
NP_416287.1,278,0.1151079136690647,0.0647482014388489,0.0863309352517985,0.0611510791366906,1
NP_416288.1,347,0.0835734870317002,0.0893371757925072,0.100864553314121,0.0518731988472622,1
NP_416289.1,459,0.10239651416122,0.0915032679738562,0.0849673202614379,0.1176470588235294,1
NP_416290.1,358,0.0893854748603352,0.1033519553072625,0.1033519553072625,0.0586592178770949,1
NP_416291.4,90,0.0666666666666666,0.0444444444444444,0.0555555555555555,0.0888888888888888,0
NP_416292.1,137,0.0364963503649635,0.0948905109489051,0.0364963503649635,0.0656934306569343,1
NP_416293.1,331,0.1057401812688821,0.0906344410876132,0.1027190332326284,0.0604229607250755,1
NP_416294.4,294,0.0816326530612244,0.0680272108843537,0.0850340136054421,0.0884353741496598,1
NP_416295.1,284,0.1373239436619718,0.0809859154929577,0.0739436619718309,0.1161971830985915,1
NP_416296.1,248,0.064516129032258,0.1088709677419354,0.0604838709677419,0.0927419354838709,1
NP_416297.1,644,0.0714285714285714,0.0512422360248447,0.0527950310559006,0.0885093167701863,0
NP_416298.1,427,0.0679156908665105,0.0562060889929742,0.0538641686182669,0.0796252927400468,1
NP_416299.1,491,0.0468431771894093,0.0366598778004073,0.0672097759674134,0.1547861507128309,1
NP_416300.2,496,0.0745967741935483,0.0463709677419354,0.0564516129032258,0.1108870967741935,1
NP_416301.1,167,0.1377245508982036,0.0778443113772455,0.0838323353293413,0.1197604790419161,1
NP_416302.2,34,0.0588235294117647,0.0294117647058823,0.1470588235294117,0.1470588235294117,0
NP_416303.1,148,0.0743243243243243,0.1216216216216216,0.1351351351351351,0.1689189189189189,1
NP_416304.1,273,0.0842490842490842,0.0622710622710622,0.0622710622710622,0.1098901098901098,1
NP_416305.1,393,0.1424936386768447,0.1068702290076335,0.0458015267175572,0.178117048346056,1
NP_416306.2,115,0.0956521739130434,0.0347826086956521,0.0434782608695652,0.1304347826086956,1
NP_416307.1,84,0.0833333333333333,0.0952380952380952,0.0595238095238095,0.0833333333333333,0
NP_416308.4,341,0.0850439882697947,0.0498533724340175,0.0498533724340175,0.1173020527859237,1
NP_416309.1,82,0.0609756097560975,0.1951219512195122,0.1097560975609756,0.0853658536585365,0
NP_416310.1,60,0.05,0.05,0.1666666666666666,0.05,0
NP_416311.1,119,0.0840336134453781,0.0672268907563025,0.0672268907563025,0.0504201680672268,1
NP_416312.1,212,0.1037735849056603,0.0849056603773584,0.080188679245283,0.1415094339622641,1
NP_416313.4,307,0.0944625407166123,0.0553745928338762,0.0944625407166123,0.1237785016286645,1
NP_416314.1,361,0.0914127423822714,0.0831024930747922,0.0609418282548476,0.0692520775623268,1
NP_416315.1,481,0.079002079002079,0.0935550935550935,0.0831600831600831,0.133056133056133,1
NP_416316.1,374,0.0802139037433155,0.0614973262032085,0.0695187165775401,0.0748663101604278,1
NP_416317.1,321,0.0841121495327102,0.0591900311526479,0.0685358255451713,0.0996884735202492,1
NP_416318.1,375,0.0986666666666666,0.0453333333333333,0.0426666666666666,0.152,1
NP_416319.1,561,0.0677361853832442,0.0766488413547237,0.1051693404634581,0.1140819964349376,1
NP_416320.1,193,0.0621761658031088,0.1347150259067357,0.1191709844559585,0.0569948186528497,1
NP_416321.1,231,0.1125541125541125,0.1038961038961039,0.0735930735930736,0.0952380952380952,1
NP_416322.1,636,0.0974842767295597,0.0566037735849056,0.0613207547169811,0.1367924528301886,0
NP_416323.4,114,0.1578947368421052,0.0350877192982456,0.1052631578947368,0.0614035087719298,1
NP_416324.2,99,0.1212121212121212,0.0707070707070707,0.0606060606060606,0.0505050505050505,0
NP_416325.1,59,0.135593220338983,0.0677966101694915,0.0508474576271186,0.0847457627118644,0
NP_416326.1,453,0.0838852097130242,0.0551876379690949,0.0596026490066225,0.1037527593818984,1
NP_416327.1,192,0.0989583333333333,0.0625,0.09375,0.109375,1
NP_416328.1,454,0.105726872246696,0.0969162995594713,0.0881057268722467,0.0748898678414096,1
NP_416329.4,532,0.0789473684210526,0.0507518796992481,0.0714285714285714,0.1353383458646616,1
NP_416330.1,518,0.0907335907335907,0.0752895752895752,0.0984555984555984,0.1332046332046332,1
NP_416331.1,323,0.1145510835913312,0.0681114551083591,0.1176470588235294,0.0773993808049535,1
NP_416332.1,266,0.150375939849624,0.093984962406015,0.1052631578947368,0.1015037593984962,1
NP_416333.4,283,0.07773851590106,0.1130742049469964,0.0812720848056537,0.1307420494699646,1
NP_416334.1,152,0.0657894736842105,0.0460526315789473,0.0723684210526315,0.1578947368421052,1
NP_416335.4,188,0.1117021276595744,0.1329787234042553,0.0585106382978723,0.1276595744680851,1
NP_416336.1,269,0.1152416356877323,0.0483271375464684,0.0557620817843866,0.0929368029739776,1
NP_416337.1,69,0.1014492753623188,0.1304347826086956,0.0869565217391304,0.0144927536231884,0
NP_416338.1,47,0.0638297872340425,0.0425531914893617,0.1063829787234042,0.0851063829787234,0
NP_416339.1,95,0.0736842105263157,0.0210526315789473,0.1157894736842105,0.1368421052631579,0
NP_416340.1,47,0.0638297872340425,0.0212765957446808,0.1702127659574468,0.1063829787234042,0
NP_416341.1,263,0.0646387832699619,0.0608365019011406,0.0684410646387832,0.1140684410646387,1
NP_416342.4,457,0.12472647702407,0.0853391684901531,0.0722100656455142,0.161925601750547,1
NP_416343.1,293,0.1126279863481228,0.0784982935153583,0.0750853242320819,0.1126279863481228,1
NP_416344.1,682,0.0806451612903225,0.063049853372434,0.0747800586510264,0.095307917888563,0
NP_416346.4,165,0.103030303030303,0.0727272727272727,0.0969696969696969,0.109090909090909,1
NP_416347.1,427,0.0772833723653395,0.063231850117096,0.0608899297423887,0.1475409836065573,1
NP_416348.2,877,0.0775370581527936,0.096921322690992,0.0855188141391106,0.1083238312428734,0
NP_416349.2,479,0.1148225469728601,0.0647181628392484,0.0605427974947807,0.1002087682672233,1
NP_416350.4,78,0.0769230769230769,0.0641025641025641,0.0256410256410256,0.1025641025641025,0
NP_416351.2,63,0.0317460317460317,0.0952380952380952,0.0793650793650793,0.0634920634920634,0
NP_416352.4,218,0.0642201834862385,0.0825688073394495,0.0596330275229357,0.1146788990825688,1
NP_416353.1,113,0.1150442477876106,0.0353982300884955,0.0707964601769911,0.0973451327433628,1
NP_416354.1,290,0.1206896551724138,0.0689655172413793,0.0793103448275862,0.1655172413793103,1
NP_416355.1,124,0.1209677419354838,0.0564516129032258,0.0806451612903225,0.0806451612903225,1
NP_416356.1,76,0.1184210526315789,0.0131578947368421,0.0789473684210526,0.131578947368421,0
NP_416357.1,218,0.1009174311926605,0.0688073394495412,0.0504587155963302,0.1192660550458715,1
NP_416358.1,220,0.0727272727272727,0.059090909090909,0.0545454545454545,0.0909090909090909,1
NP_416359.1,686,0.0699708454810495,0.0655976676384839,0.0583090379008746,0.0947521865889212,0
NP_416360.1,219,0.1278538812785388,0.0867579908675799,0.0502283105022831,0.1415525114155251,1
NP_416361.2,118,0.135593220338983,0.059322033898305,0.1016949152542373,0.059322033898305,1
NP_416362.1,96,0.1041666666666666,0.03125,0.0833333333333333,0.1041666666666666,0
NP_416363.1,392,0.1147959183673469,0.0892857142857142,0.1045918367346938,0.096938775510204,1
NP_416364.1,213,0.1408450704225352,0.0938967136150234,0.0985915492957746,0.1032863849765258,1
NP_416365.1,603,0.1111111111111111,0.0912106135986733,0.0845771144278607,0.1028192371475953,0
NP_416366.1,491,0.0835030549898167,0.0610997963340122,0.0692464358452138,0.0977596741344195,1
NP_416367.1,289,0.1072664359861591,0.0346020761245674,0.0830449826989619,0.1072664359861591,1
NP_416368.1,480,0.1145833333333333,0.0854166666666666,0.0979166666666666,0.0916666666666666,1
NP_416369.1,323,0.0866873065015479,0.0650154798761609,0.0526315789473684,0.0743034055727554,1
NP_416370.2,440,0.0909090909090909,0.084090909090909,0.0727272727272727,0.0909090909090909,1
NP_416371.4,310,0.1161290322580645,0.0709677419354838,0.0741935483870967,0.1096774193548387,1
NP_416372.1,251,0.0358565737051792,0.0876494023904382,0.099601593625498,0.1673306772908366,1
NP_416373.1,261,0.1264367816091954,0.0804597701149425,0.1149425287356321,0.1800766283524904,1
NP_416374.1,336,0.1011904761904761,0.0773809523809523,0.0595238095238095,0.1160714285714285,1
NP_416375.1,203,0.1182266009852216,0.0788177339901477,0.083743842364532,0.1133004926108374,1
NP_416376.2,200,0.065,0.065,0.06,0.085,1
NP_416377.1,173,0.1271676300578034,0.0751445086705202,0.0924855491329479,0.0924855491329479,1
NP_416378.1,246,0.1382113821138211,0.0934959349593495,0.0609756097560975,0.0609756097560975,1
NP_416379.1,150,0.1066666666666666,0.02,0.1,0.0733333333333333,1
NP_416380.1,590,0.0966101694915254,0.0728813559322033,0.0677966101694915,0.0983050847457627,1
NP_416381.2,188,0.1382978723404255,0.0691489361702127,0.0744680851063829,0.0957446808510638,1
NP_416382.1,272,0.0735294117647058,0.0441176470588235,0.0588235294117647,0.1139705882352941,1
NP_416383.4,131,0.0916030534351145,0.0687022900763358,0.0839694656488549,0.1526717557251908,1
NP_416384.1,247,0.0890688259109311,0.0566801619433198,0.0607287449392712,0.0931174089068826,1
NP_416385.1,323,0.0650154798761609,0.0650154798761609,0.0650154798761609,0.1300309597523219,1
NP_416386.4,809,0.111248454882571,0.0889987639060568,0.0593325092707045,0.072929542645241,0
NP_416387.1,366,0.1147540983606557,0.0683060109289617,0.0382513661202185,0.081967213114754,1
NP_416389.4,188,0.0691489361702127,0.0585106382978723,0.0372340425531914,0.1170212765957446,1
NP_416390.1,577,0.1143847487001733,0.0675909878682842,0.07105719237435,0.1022530329289428,1
NP_416391.4,162,0.0432098765432098,0.0246913580246913,0.0555555555555555,0.1049382716049382,1
NP_416392.1,130,0.0846153846153846,0.1,0.0769230769230769,0.1307692307692307,1
NP_416393.1,692,0.1026011560693641,0.088150289017341,0.0867052023121387,0.1473988439306358,0
NP_416394.1,382,0.0916230366492146,0.0732984293193717,0.0811518324607329,0.1308900523560209,1
NP_416395.1,214,0.116822429906542,0.0327102803738317,0.0560747663551401,0.1074766355140186,1
NP_416396.1,129,0.1240310077519379,0.0775193798449612,0.0775193798449612,0.1162790697674418,1
NP_416397.1,349,0.1117478510028653,0.0802292263610315,0.0773638968481375,0.1060171919770773,1
NP_416398.1,286,0.0804195804195804,0.0594405594405594,0.0454545454545454,0.1328671328671328,1
NP_416399.1,533,0.150093808630394,0.0506566604127579,0.0712945590994371,0.0787992495309568,1
NP_416400.1,553,0.1410488245931284,0.0488245931283905,0.0741410488245931,0.0904159132007233,1
NP_416401.1,167,0.0658682634730539,0.0778443113772455,0.1317365269461078,0.1197604790419161,1
NP_416402.2,557,0.0861759425493716,0.0718132854578097,0.0951526032315978,0.1149012567324955,1
NP_416403.1,308,0.0909090909090909,0.0649350649350649,0.0584415584415584,0.0876623376623376,1
NP_416404.1,295,0.1084745762711864,0.0847457627118644,0.0677966101694915,0.135593220338983,1
NP_416405.1,192,0.078125,0.0572916666666666,0.0520833333333333,0.1354166666666666,1
NP_416406.4,116,0.0775862068965517,0.0172413793103448,0.043103448275862,0.1637931034482758,1
NP_416407.1,167,0.0359281437125748,0.0658682634730539,0.0718562874251497,0.1077844311377245,1
NP_416408.1,91,0.0769230769230769,0.0989010989010989,0.0549450549450549,0.0549450549450549,0
NP_416409.1,142,0.0915492957746478,0.0352112676056338,0.0915492957746478,0.1126760563380281,1
NP_416410.1,474,0.0991561181434599,0.0590717299578059,0.0548523206751054,0.1265822784810126,1
NP_416411.1,266,0.1165413533834586,0.075187969924812,0.0601503759398496,0.0977443609022556,1
NP_416413.1,504,0.0932539682539682,0.0952380952380952,0.0753968253968253,0.0952380952380952,1
NP_416414.1,329,0.1155015197568389,0.0911854103343465,0.0820668693009118,0.0699088145896656,1
NP_416415.1,167,0.0778443113772455,0.0359281437125748,0.059880239520958,0.1377245508982036,1
NP_416416.2,83,0.108433734939759,0.0120481927710843,0.108433734939759,0.0963855421686747,0
NP_416417.1,107,0.102803738317757,0.0654205607476635,0.0841121495327102,0.1214953271028037,1
NP_416418.1,165,0.0606060606060606,0.0303030303030303,0.0121212121212121,0.1272727272727272,1
NP_416419.1,79,0.1265822784810126,0.0886075949367088,0.0253164556962025,0.050632911392405,0
NP_416420.1,403,0.1166253101736972,0.1066997518610421,0.0918114143920595,0.1712158808933002,1
NP_416421.1,221,0.0950226244343891,0.0542986425339366,0.0497737556561085,0.1085972850678733,1
NP_416422.1,182,0.1428571428571428,0.0274725274725274,0.1043956043956044,0.1318681318681318,1
NP_416423.4,610,0.0786885245901639,0.0770491803278688,0.0721311475409836,0.1049180327868852,0
NP_416424.1,218,0.091743119266055,0.0642201834862385,0.0825688073394495,0.091743119266055,1
NP_416425.1,74,0.1351351351351351,0.027027027027027,0.054054054054054,0.1081081081081081,0
NP_416426.1,240,0.0875,0.025,0.0458333333333333,0.1083333333333333,1
NP_416427.1,250,0.088,0.072,0.084,0.104,1
NP_416428.1,222,0.1081081081081081,0.054054054054054,0.0315315315315315,0.1486486486486486,1
NP_416429.4,328,0.1219512195121951,0.0914634146341463,0.0670731707317073,0.1341463414634146,1
NP_416430.1,266,0.0864661654135338,0.0977443609022556,0.0902255639097744,0.112781954887218,1
NP_416431.2,183,0.0273224043715847,0.0382513661202185,0.0382513661202185,0.1256830601092896,1
NP_416432.3,239,0.0753138075313807,0.0543933054393305,0.0711297071129707,0.1506276150627615,1
NP_416433.1,498,0.1184738955823293,0.0883534136546184,0.0662650602409638,0.07429718875502,1
NP_416434.1,468,0.1153846153846153,0.0641025641025641,0.0405982905982906,0.0961538461538461,1
NP_416435.1,136,0.1102941176470588,0.0441176470588235,0.088235294117647,0.1323529411764706,1
NP_416436.1,121,0.0826446280991735,0.0330578512396694,0.0743801652892562,0.1487603305785124,1
NP_416437.1,495,0.0686868686868686,0.0808080808080808,0.0707070707070707,0.0686868686868686,1
NP_416438.1,137,0.1094890510948905,0.0656934306569343,0.0802919708029197,0.1167883211678832,1
NP_416439.1,401,0.1197007481296758,0.1197007481296758,0.0448877805486284,0.1047381546134663,1
NP_416440.1,77,0.0519480519480519,0.0519480519480519,0.0779220779220779,0.0909090909090909,0
NP_416442.1,159,0.0817610062893081,0.0566037735849056,0.0440251572327044,0.1509433962264151,1
NP_416447.1,104,0.1442307692307692,0.0576923076923076,0.0769230769230769,0.0673076923076923,1
NP_416448.1,552,0.0996376811594202,0.0670289855072463,0.0778985507246376,0.0978260869565217,1
NP_416449.1,331,0.1117824773413897,0.0483383685800604,0.066465256797583,0.1359516616314199,1
NP_416450.2,228,0.1052631578947368,0.0745614035087719,0.0526315789473684,0.1184210526315789,1
NP_416451.1,457,0.1072210065645514,0.1028446389496717,0.0678336980306345,0.1181619256017505,1
NP_416452.1,147,0.1156462585034013,0.0272108843537414,0.0136054421768707,0.1088435374149659,1
NP_416453.1,375,0.1253333333333333,0.0453333333333333,0.0613333333333333,0.112,1
NP_416454.1,154,0.1103896103896103,0.0324675324675324,0.0779220779220779,0.1298701298701298,1
NP_416455.1,334,0.0449101796407185,0.0538922155688622,0.0778443113772455,0.1197604790419161,1
NP_416456.1,137,0.072992700729927,0.0875912408759124,0.0802919708029197,0.1094890510948905,1
NP_416457.4,121,0.140495867768595,0.0661157024793388,0.1074380165289256,0.1322314049586777,1
NP_416458.1,245,0.0857142857142857,0.0612244897959183,0.0653061224489796,0.1714285714285714,1
NP_416459.1,89,0.1235955056179775,0.0449438202247191,0.0674157303370786,0.1685393258426966,0
NP_416460.1,261,0.1034482758620689,0.053639846743295,0.0498084291187739,0.2222222222222222,1
NP_416461.1,207,0.0338164251207729,0.038647342995169,0.0628019323671497,0.0966183574879227,1
NP_416462.1,62,0.0483870967741935,0.1129032258064516,0.1290322580645161,0.064516129032258,0
NP_416463.4,75,0.0933333333333333,0.0133333333333333,0.1066666666666666,0.0533333333333333,0
NP_416464.1,271,0.088560885608856,0.07380073800738,0.047970479704797,0.1254612546125461,1
NP_416465.2,564,0.076241134751773,0.0531914893617021,0.0780141843971631,0.1187943262411347,1
NP_416466.1,60,0.0333333333333333,0.1333333333333333,0.1333333333333333,0.0166666666666666,0
NP_416467.1,305,0.1147540983606557,0.0983606557377049,0.1081967213114754,0.160655737704918,1
NP_416468.1,306,0.1209150326797385,0.1111111111111111,0.0980392156862745,0.1666666666666666,1
NP_416469.1,156,0.0897435897435897,0.0641025641025641,0.0576923076923076,0.1025641025641025,1
NP_416470.1,472,0.097457627118644,0.0656779661016949,0.059322033898305,0.086864406779661,1
NP_416471.1,231,0.1558441558441558,0.0389610389610389,0.0562770562770562,0.1038961038961039,1
NP_416472.3,100,0.11,0.11,0.05,0.1,1
NP_416476.1,283,0.1130742049469964,0.0742049469964664,0.0459363957597173,0.0954063604240282,1
NP_416477.1,452,0.0641592920353982,0.0420353982300885,0.0597345132743362,0.1393805309734513,1
NP_416478.2,223,0.0762331838565022,0.0582959641255605,0.0717488789237668,0.1210762331838565,1
NP_416479.1,137,0.0802919708029197,0.0510948905109489,0.0802919708029197,0.1094890510948905,1
NP_416480.1,334,0.1017964071856287,0.0718562874251497,0.0568862275449101,0.1077844311377245,1
NP_416481.1,211,0.0947867298578199,0.0521327014218009,0.0568720379146919,0.2322274881516587,1
NP_416482.1,216,0.0648148148148148,0.0601851851851851,0.0601851851851851,0.0601851851851851,1
NP_416483.4,176,0.096590909090909,0.0454545454545454,0.034090909090909,0.1193181818181818,1
NP_416484.2,265,0.0867924528301886,0.0415094339622641,0.060377358490566,0.1245283018867924,1
NP_416485.5,2339,0.102607952116289,0.0778110303548525,0.0884993587002992,0.0713980333475844,0
NP_416488.1,438,0.1118721461187214,0.1027397260273972,0.0684931506849315,0.1278538812785388,1
NP_416489.1,484,0.0867768595041322,0.0723140495867768,0.0537190082644628,0.1012396694214876,1
NP_416490.1,238,0.1008403361344537,0.088235294117647,0.0840336134453781,0.0546218487394958,1
NP_416491.3,547,0.1023765996343692,0.0859232175502742,0.0895795246800731,0.1261425959780621,1
NP_416492.1,316,0.0727848101265822,0.060126582278481,0.0569620253164556,0.1329113924050632,1
NP_416493.1,305,0.121311475409836,0.0557377049180327,0.0852459016393442,0.1245901639344262,1
NP_416494.1,310,0.0677419354838709,0.0741935483870967,0.0838709677419354,0.0806451612903225,1
NP_416495.1,359,0.1364902506963788,0.1058495821727019,0.0807799442896936,0.1142061281337047,1
NP_416496.1,247,0.117408906882591,0.1133603238866396,0.0769230769230769,0.1862348178137652,1
NP_416497.1,181,0.1049723756906077,0.0662983425414364,0.0939226519337016,0.0828729281767955,1
NP_416498.2,326,0.0858895705521472,0.0490797546012269,0.0368098159509202,0.0981595092024539,1
NP_416500.1,301,0.0863787375415282,0.0631229235880398,0.0631229235880398,0.0930232558139534,1
NP_416505.2,510,0.092156862745098,0.0745098039215686,0.0313725490196078,0.1333333333333333,1
NP_416506.1,148,0.0945945945945946,0.0675675675675675,0.081081081081081,0.1351351351351351,1
NP_416507.1,73,0.0684931506849315,0.0821917808219178,0.0684931506849315,0.0547945205479452,0
NP_416508.1,122,0.0737704918032786,0.0655737704918032,0.040983606557377,0.1475409836065573,1
NP_416509.1,124,0.0806451612903225,0.0483870967741935,0.0564516129032258,0.1209677419354838,1
NP_416511.4,109,0.0458715596330275,0.0458715596330275,0.055045871559633,0.0825688073394495,1
NP_416512.1,352,0.0738636363636363,0.0568181818181818,0.0681818181818181,0.1619318181818181,1
NP_416513.1,157,0.0636942675159235,0.0636942675159235,0.1146496815286624,0.0573248407643312,1
NP_416514.4,388,0.0824742268041237,0.0850515463917525,0.0670103092783505,0.0876288659793814,1
NP_416515.1,475,0.1031578947368421,0.04,0.0610526315789473,0.0989473684210526,1
NP_416516.1,75,0.16,0.04,0.0933333333333333,0.0533333333333333,0
NP_416517.1,352,0.1079545454545454,0.1193181818181818,0.0823863636363636,0.125,1
NP_416518.2,452,0.1061946902654867,0.0707964601769911,0.0973451327433628,0.1106194690265486,1
NP_416519.4,309,0.1035598705501618,0.0776699029126213,0.058252427184466,0.1294498381877022,1
NP_416520.1,274,0.0802919708029197,0.1021897810218978,0.0693430656934306,0.1204379562043795,1
NP_416521.2,83,0.0963855421686747,0.036144578313253,0.0240963855421686,0.108433734939759,0
NP_416522.1,16,0.0,0.0,0.0625,0.0,0
NP_416523.1,299,0.0769230769230769,0.0702341137123745,0.0535117056856187,0.1371237458193979,1
NP_416524.1,434,0.1451612903225806,0.0552995391705069,0.0829493087557603,0.0898617511520737,1
NP_416525.1,356,0.1039325842696629,0.0561797752808988,0.0786516853932584,0.1067415730337078,1
NP_416526.4,355,0.0535211267605633,0.0845070422535211,0.0591549295774647,0.1014084507042253,1
NP_416527.1,196,0.086734693877551,0.0918367346938775,0.0816326530612244,0.1020408163265306,1
NP_416528.2,245,0.1020408163265306,0.1142857142857142,0.1346938775510204,0.1020408163265306,1
NP_416529.1,258,0.0930232558139534,0.0852713178294573,0.1046511627906976,0.0697674418604651,1
NP_416530.1,203,0.0689655172413793,0.064039408866995,0.064039408866995,0.1379310344827586,1
NP_416531.4,326,0.0889570552147239,0.0521472392638036,0.0705521472392638,0.1134969325153374,1
NP_416532.1,388,0.0824742268041237,0.0489690721649484,0.0695876288659793,0.0773195876288659,1
NP_416533.1,468,0.1089743589743589,0.0876068376068376,0.0619658119658119,0.0854700854700854,1
NP_416535.2,326,0.0858895705521472,0.0490797546012269,0.0368098159509202,0.0981595092024539,1
NP_416536.1,372,0.0510752688172043,0.0376344086021505,0.0672043010752688,0.0940860215053763,1
NP_416537.1,196,0.0459183673469387,0.0918367346938775,0.1122448979591836,0.0663265306122449,1
NP_416538.1,330,0.0393939393939393,0.0636363636363636,0.0636363636363636,0.0848484848484848,1
NP_416539.1,388,0.0463917525773195,0.0386597938144329,0.0902061855670103,0.1211340206185567,1
NP_416540.1,367,0.0544959128065395,0.0626702997275204,0.0626702997275204,0.0681198910081744,1
NP_416541.1,415,0.072289156626506,0.0626506024096385,0.0795180722891566,0.1566265060240964,1
NP_416542.1,185,0.0486486486486486,0.0648648648648648,0.0756756756756756,0.0972972972972973,1
NP_416543.1,293,0.068259385665529,0.0887372013651877,0.0580204778156996,0.1023890784982935,1
NP_416544.1,299,0.1438127090301003,0.0635451505016722,0.0702341137123745,0.0969899665551839,1
NP_416545.1,361,0.0886426592797784,0.0637119113573407,0.074792243767313,0.0664819944598338,1
NP_416546.1,297,0.0875420875420875,0.0673400673400673,0.0808080808080808,0.101010101010101,1
NP_416547.1,464,0.0668103448275862,0.084051724137931,0.0711206896551724,0.0711206896551724,1
NP_416548.1,406,0.1034482758620689,0.0665024630541872,0.0738916256157635,0.1108374384236453,1
NP_416549.1,426,0.0892018779342723,0.0704225352112676,0.0821596244131455,0.1126760563380281,1
NP_416550.1,492,0.08130081300813,0.0752032520325203,0.1097560975609756,0.1605691056910569,1
NP_416551.1,464,0.0689655172413793,0.0732758620689655,0.0991379310344827,0.1142241379310344,1
NP_416552.1,456,0.087719298245614,0.0921052631578947,0.0701754385964912,0.0964912280701754,1
NP_416553.1,478,0.102510460251046,0.0690376569037656,0.1087866108786611,0.0815899581589958,1
NP_416554.1,407,0.1056511056511056,0.085995085995086,0.0786240786240786,0.1081081081081081,1
NP_416555.2,159,0.0691823899371069,0.0754716981132075,0.0754716981132075,0.1194968553459119,1
NP_416556.1,321,0.0903426791277258,0.0654205607476635,0.0747663551401869,0.0934579439252336,1
NP_416557.1,373,0.0804289544235924,0.0723860589812332,0.0777479892761394,0.0884718498659517,1
NP_416558.1,182,0.0824175824175824,0.0934065934065934,0.1208791208791208,0.0714285714285714,1
NP_416559.1,248,0.0927419354838709,0.0766129032258064,0.0604838709677419,0.0967741935483871,1
NP_416560.1,405,0.0641975308641975,0.074074074074074,0.0790123456790123,0.1407407407407407,1
NP_416561.1,405,0.0839506172839506,0.074074074074074,0.0790123456790123,0.1012345679012345,1
NP_416562.1,162,0.0987654320987654,0.0925925925925925,0.1296296296296296,0.0864197530864197,1
NP_416563.1,279,0.060931899641577,0.039426523297491,0.046594982078853,0.086021505376344,1
NP_416564.4,720,0.0847222222222222,0.0625,0.0819444444444444,0.1055555555555555,0
NP_416565.1,147,0.1020408163265306,0.0544217687074829,0.0612244897959183,0.1088435374149659,1
NP_416566.1,379,0.0633245382585752,0.0738786279683377,0.0844327176781002,0.0923482849604221,1
NP_416567.4,527,0.0683111954459203,0.0531309297912713,0.0853889943074003,0.1461100569259962,1
NP_416568.1,617,0.06645056726094,0.0696920583468395,0.0648298217179902,0.1247974068071312,0
NP_416569.1,193,0.0932642487046632,0.0880829015544041,0.0725388601036269,0.1243523316062176,1
NP_416570.2,213,0.056338028169014,0.0469483568075117,0.0657276995305164,0.0938967136150234,1
NP_416571.1,1105,0.0841628959276018,0.0542986425339366,0.0633484162895927,0.1493212669683258,0
NP_416572.1,282,0.1418439716312056,0.0709219858156028,0.0531914893617021,0.1170212765957446,1
NP_416573.4,450,0.1088888888888888,0.0755555555555555,0.0644444444444444,0.1244444444444444,1
NP_416574.1,648,0.1111111111111111,0.0709876543209876,0.0694444444444444,0.103395061728395,0
NP_416575.1,153,0.0588235294117647,0.0718954248366013,0.065359477124183,0.0718954248366013,1
NP_416576.1,253,0.1185770750988142,0.0790513833992094,0.067193675889328,0.1304347826086956,1
NP_416577.1,219,0.091324200913242,0.0684931506849315,0.0639269406392694,0.0958904109589041,1
NP_416578.2,415,0.1301204819277108,0.072289156626506,0.1036144578313253,0.0746987951807229,1
NP_416579.1,1040,0.1028846153846153,0.0596153846153846,0.0875,0.1269230769230769,0
NP_416580.1,1025,0.0985365853658536,0.0702439024390244,0.0770731707317073,0.1278048780487805,0
NP_416581.1,471,0.0806794055201698,0.0934182590233545,0.0934182590233545,0.1656050955414012,1
NP_416582.1,467,0.0835117773019272,0.0792291220556745,0.0620985010706638,0.1263383297644539,1
NP_416583.1,240,0.0541666666666666,0.0458333333333333,0.0583333333333333,0.1333333333333333,1
NP_416584.4,110,0.1,0.0727272727272727,0.0363636363636363,0.0454545454545454,1
NP_416585.1,453,0.0794701986754966,0.0772626931567329,0.0662251655629139,0.0838852097130242,1
NP_416586.1,72,0.0555555555555555,0.0277777777777777,0.0833333333333333,0.0277777777777777,0
NP_416589.2,105,0.0952380952380952,0.0952380952380952,0.0571428571428571,0.0666666666666666,1
NP_416590.1,299,0.1003344481605351,0.1036789297658862,0.0367892976588628,0.1137123745819397,1
NP_416592.2,99,0.1111111111111111,0.0101010101010101,0.0202020202020202,0.1111111111111111,0
NP_416593.1,288,0.0902777777777777,0.0555555555555555,0.0590277777777777,0.0729166666666666,1
NP_416594.1,346,0.0982658959537572,0.0838150289017341,0.0751445086705202,0.0982658959537572,1
NP_416596.1,94,0.0744680851063829,0.0851063829787234,0.0744680851063829,0.0744680851063829,0
NP_416597.1,150,0.08,0.0333333333333333,0.08,0.12,1
NP_416598.1,420,0.1095238095238095,0.0547619047619047,0.0714285714285714,0.0761904761904762,1
NP_416599.2,284,0.130281690140845,0.0598591549295774,0.0880281690140845,0.0845070422535211,1
NP_416600.4,350,0.1171428571428571,0.0857142857142857,0.0714285714285714,0.0914285714285714,1
NP_416601.1,425,0.1035294117647058,0.0847058823529411,0.0564705882352941,0.1223529411764706,1
NP_416602.1,334,0.1586826347305389,0.0688622754491018,0.059880239520958,0.1017964071856287,1
NP_416603.1,321,0.1277258566978193,0.0996884735202492,0.0747663551401869,0.1277258566978193,1
NP_416604.1,248,0.0725806451612903,0.0443548387096774,0.1008064516129032,0.0846774193548387,1
NP_416605.2,272,0.0661764705882353,0.0661764705882353,0.0772058823529411,0.0698529411764705,1
NP_416606.1,266,0.1278195488721804,0.075187969924812,0.0676691729323308,0.112781954887218,1
NP_416607.1,262,0.1717557251908397,0.0801526717557251,0.0839694656488549,0.0916030534351145,1
NP_416608.1,90,0.0888888888888888,0.0555555555555555,0.1,0.1111111111111111,0
NP_416609.1,274,0.1058394160583941,0.0948905109489051,0.0620437956204379,0.1058394160583941,1
NP_416610.4,112,0.1071428571428571,0.0803571428571428,0.0267857142857142,0.0803571428571428,1
NP_416611.1,344,0.0726744186046511,0.0610465116279069,0.0726744186046511,0.1017441860465116,1
NP_416612.1,826,0.0702179176755447,0.0883777239709443,0.0677966101694915,0.0677966101694915,0
NP_416613.1,239,0.0711297071129707,0.0543933054393305,0.0711297071129707,0.0878661087866108,1
NP_416614.1,180,0.1,0.0722222222222222,0.0944444444444444,0.0611111111111111,1
NP_416615.1,93,0.075268817204301,0.075268817204301,0.086021505376344,0.075268817204301,0
NP_416616.4,369,0.1002710027100271,0.078590785907859,0.075880758807588,0.1029810298102981,1
NP_416617.1,677,0.087149187592319,0.0679468242245199,0.0620384047267356,0.0841949778434268,0
NP_416621.1,1210,0.1,0.0429752066115702,0.0462809917355371,0.1330578512396694,0
NP_416623.2,362,0.1298342541436464,0.0662983425414364,0.0635359116022099,0.1104972375690607,1
NP_416624.1,759,0.13965744400527,0.0592885375494071,0.0303030303030303,0.1488801054018445,0
NP_416625.1,378,0.0873015873015873,0.0608465608465608,0.082010582010582,0.1296296296296296,1
NP_416627.2,153,0.1176470588235294,0.065359477124183,0.0784313725490196,0.0718954248366013,1
NP_416628.1,156,0.0833333333333333,0.0448717948717948,0.0512820512820512,0.1217948717948717,1
NP_416629.4,239,0.0585774058577405,0.0502092050209205,0.0711297071129707,0.1464435146443514,1
NP_416630.1,561,0.0855614973262032,0.0748663101604278,0.0730837789661319,0.124777183600713,1
NP_416631.1,243,0.0576131687242798,0.0699588477366255,0.0493827160493827,0.1440329218106996,1
NP_416632.1,243,0.1563786008230452,0.0864197530864197,0.0987654320987654,0.1358024691358024,1
NP_416633.1,308,0.0779220779220779,0.0779220779220779,0.0811688311688311,0.1396103896103896,1
NP_416634.1,385,0.135064935064935,0.0831168831168831,0.0909090909090909,0.1974025974025974,1
NP_416635.1,305,0.140983606557377,0.0786885245901639,0.0754098360655737,0.1180327868852459,1
NP_416636.1,765,0.0954248366013071,0.0797385620915032,0.0875816993464052,0.0849673202614379,0
NP_416637.1,571,0.0770577933450087,0.0753064798598949,0.0595446584938704,0.1015761821366024,1
NP_416638.4,310,0.132258064516129,0.0387096774193548,0.0709677419354838,0.1,1
NP_416639.2,195,0.082051282051282,0.0923076923076923,0.0974358974358974,0.1589743589743589,1
NP_416640.2,192,0.0729166666666666,0.1145833333333333,0.0885416666666666,0.15625,1
NP_416641.1,253,0.1304347826086956,0.0909090909090909,0.0711462450592885,0.0948616600790513,1
NP_416645.1,315,0.0888888888888888,0.073015873015873,0.0952380952380952,0.1079365079365079,1
NP_416646.1,132,0.0681818181818181,0.0757575757575757,0.1439393939393939,0.1515151515151515,1
NP_416647.1,231,0.1385281385281385,0.0779220779220779,0.0822510822510822,0.1341991341991342,1
NP_416648.1,294,0.1598639455782313,0.0680272108843537,0.0272108843537414,0.1326530612244898,1
NP_416649.1,239,0.0794979079497908,0.0627615062761506,0.0711297071129707,0.1297071129707113,1
NP_416650.1,79,0.1012658227848101,0.0759493670886076,0.1139240506329113,0.050632911392405,0
NP_416651.1,412,0.1116504854368932,0.0849514563106796,0.0752427184466019,0.0825242718446602,1
NP_416652.4,411,0.072992700729927,0.0948905109489051,0.0632603406326034,0.0778588807785888,1
NP_416653.1,336,0.1041666666666666,0.1130952380952381,0.1041666666666666,0.1160714285714285,1
NP_416654.1,506,0.0474308300395256,0.0830039525691699,0.0592885375494071,0.1027667984189723,1
NP_416655.1,332,0.1475903614457831,0.0662650602409638,0.0843373493975903,0.0813253012048192,1
NP_416656.1,346,0.1387283236994219,0.0606936416184971,0.0809248554913294,0.0895953757225433,1
NP_416657.1,385,0.0987012987012987,0.0909090909090909,0.0571428571428571,0.1922077922077922,1
NP_416658.1,222,0.081081081081081,0.0405405405405405,0.0765765765765765,0.1036036036036036,1
NP_416659.1,278,0.1007194244604316,0.0647482014388489,0.039568345323741,0.0935251798561151,1
NP_416660.1,663,0.0542986425339366,0.0889894419306184,0.0769230769230769,0.0723981900452488,0
NP_416661.1,489,0.1002044989775051,0.1083844580777096,0.0674846625766871,0.1063394683026584,1
NP_416662.1,293,0.0921501706484641,0.0580204778156996,0.0784982935153583,0.1399317406143344,1
NP_416663.1,349,0.1318051575931232,0.0859598853868194,0.0974212034383954,0.1346704871060172,1
NP_416664.1,285,0.1333333333333333,0.0701754385964912,0.0350877192982456,0.0807017543859649,1
NP_416665.1,362,0.0994475138121546,0.0718232044198895,0.0718232044198895,0.1187845303867403,1
NP_416666.1,416,0.1394230769230769,0.1057692307692307,0.0889423076923077,0.1177884615384615,1
NP_416667.1,313,0.0798722044728434,0.0990415335463258,0.0830670926517571,0.0766773162939297,1
NP_416668.3,219,0.0776255707762557,0.045662100456621,0.0410958904109589,0.1552511415525114,1
NP_416669.1,416,0.1394230769230769,0.1057692307692307,0.0721153846153846,0.110576923076923,1
NP_416670.1,312,0.125,0.0865384615384615,0.0865384615384615,0.0897435897435897,1
NP_416671.1,313,0.1054313099041533,0.0830670926517571,0.0862619808306709,0.0926517571884984,1
NP_416672.1,563,0.1776198934280639,0.1136767317939609,0.0710479573712255,0.1101243339253996,1
NP_416673.1,312,0.0961538461538461,0.0929487179487179,0.1025641025641025,0.0961538461538461,1
NP_416674.1,376,0.1462765957446808,0.0851063829787234,0.077127659574468,0.1276595744680851,1
NP_416675.1,393,0.1145038167938931,0.0865139949109414,0.0788804071246819,0.1323155216284987,1
NP_416676.4,190,0.0578947368421052,0.0736842105263157,0.0736842105263157,0.0947368421052631,1
NP_416677.1,488,0.0983606557377049,0.0676229508196721,0.0758196721311475,0.1024590163934426,1
NP_416678.1,328,0.0884146341463414,0.0792682926829268,0.048780487804878,0.149390243902439,1
NP_416679.4,237,0.0675105485232067,0.0632911392405063,0.080168776371308,0.1518987341772152,1
NP_416680.1,188,0.0638297872340425,0.0797872340425532,0.0797872340425532,0.0691489361702127,1
NP_416681.1,518,0.0791505791505791,0.0482625482625482,0.0772200772200772,0.1254826254826254,1
NP_416682.4,604,0.0927152317880794,0.0463576158940397,0.0529801324503311,0.0877483443708609,0
NP_416683.1,364,0.0769230769230769,0.0934065934065934,0.0741758241758241,0.1236263736263736,1
NP_416684.1,341,0.0733137829912023,0.0850439882697947,0.0615835777126099,0.1642228739002932,1
NP_416685.1,529,0.0699432892249527,0.0623818525519848,0.0775047258979206,0.1493383742911153,1
NP_416686.1,114,0.0789473684210526,0.0614035087719298,0.0701754385964912,0.1052631578947368,1
NP_416687.1,396,0.1313131313131313,0.0707070707070707,0.0757575757575757,0.1136363636363636,1
NP_416688.1,231,0.0822510822510822,0.0692640692640692,0.0909090909090909,0.0952380952380952,1
NP_416689.1,586,0.0921501706484641,0.0699658703071672,0.0665529010238907,0.1058020477815699,1
NP_416690.1,94,0.1170212765957446,0.0531914893617021,0.0851063829787234,0.0531914893617021,0
NP_416691.1,335,0.0895522388059701,0.0626865671641791,0.053731343283582,0.1343283582089552,1
NP_416692.1,75,0.12,0.0133333333333333,0.0533333333333333,0.1333333333333333,0
NP_416693.1,586,0.0699658703071672,0.0529010238907849,0.0563139931740614,0.1228668941979522,1
NP_416696.2,326,0.0858895705521472,0.0490797546012269,0.0368098159509202,0.0981595092024539,1
NP_416697.1,215,0.0976744186046511,0.0651162790697674,0.0883720930232558,0.1395348837209302,1
NP_416698.1,350,0.1085714285714285,0.0628571428571428,0.0771428571428571,0.1085714285714285,1
NP_416699.1,185,0.0918918918918919,0.081081081081081,0.0486486486486486,0.1405405405405405,1
NP_416700.1,647,0.1081916537867078,0.0850077279752704,0.0911901081916537,0.151468315301391,0
NP_416701.1,159,0.0754716981132075,0.0880503144654088,0.0943396226415094,0.10062893081761,1
NP_416702.1,69,0.1884057971014492,0.0434782608695652,0.144927536231884,0.072463768115942,0
NP_416703.1,245,0.110204081632653,0.073469387755102,0.0775510204081632,0.1265306122448979,1
NP_416704.1,220,0.1272727272727272,0.0727272727272727,0.0681818181818181,0.2318181818181818,1
NP_416705.2,207,0.0917874396135265,0.0869565217391304,0.0434782608695652,0.1497584541062802,1
NP_416706.1,200,0.055,0.075,0.055,0.055,1
NP_416707.4,149,0.0805369127516778,0.0805369127516778,0.087248322147651,0.046979865771812,1
NP_416708.1,287,0.0662020905923344,0.0801393728222996,0.0975609756097561,0.1393728222996515,1
NP_416709.1,231,0.1082251082251082,0.0909090909090909,0.0692640692640692,0.0995670995670995,1
NP_416710.1,828,0.0942028985507246,0.0785024154589372,0.0652173913043478,0.0772946859903381,0
NP_416711.1,87,0.0689655172413793,0.0459770114942528,0.1494252873563218,0.0689655172413793,0
NP_416712.1,164,0.1097560975609756,0.0670731707317073,0.0182926829268292,0.0609756097560975,1
NP_416713.1,162,0.0864197530864197,0.0555555555555555,0.0987654320987654,0.0925925925925925,1
NP_416714.1,548,0.1003649635036496,0.0748175182481751,0.0821167883211678,0.0930656934306569,1
NP_416715.1,547,0.0968921389396709,0.0621572212065813,0.056672760511883,0.1681901279707495,1
NP_416716.1,216,0.1018518518518518,0.0787037037037037,0.0416666666666666,0.1064814814814814,1
NP_416717.1,354,0.1384180790960452,0.0536723163841807,0.0508474576271186,0.096045197740113,1
NP_416718.1,351,0.0854700854700854,0.0769230769230769,0.0769230769230769,0.0911680911680911,1
NP_416719.1,367,0.0790190735694822,0.1307901907356948,0.0681198910081744,0.0735694822888283,1
NP_416720.1,890,0.0685393258426966,0.046067415730337,0.0629213483146067,0.1325842696629213,0
NP_416721.1,216,0.0694444444444444,0.0601851851851851,0.0648148148148148,0.1342592592592592,1
NP_416722.2,949,0.0695468914646996,0.0569020021074815,0.0758693361433087,0.1201264488935721,0
NP_416723.1,608,0.0789473684210526,0.0625,0.0641447368421052,0.1184210526315789,0
NP_416724.1,461,0.0845986984815618,0.054229934924078,0.0520607375271149,0.1149674620390455,1
NP_416725.1,220,0.0636363636363636,0.1181818181818181,0.0818181818181818,0.1227272727272727,1
NP_416726.1,216,0.1203703703703703,0.1111111111111111,0.0833333333333333,0.1018518518518518,1
NP_416727.1,440,0.1113636363636363,0.0931818181818181,0.0727272727272727,0.1136363636363636,1
NP_416728.1,394,0.1700507614213198,0.1116751269035533,0.0736040609137055,0.098984771573604,1
NP_416729.1,258,0.0775193798449612,0.0852713178294573,0.0736434108527131,0.0736434108527131,1
NP_416730.1,549,0.0910746812386156,0.0619307832422586,0.0673952641165755,0.1183970856102003,1
NP_416732.4,207,0.0676328502415458,0.072463768115942,0.0483091787439613,0.1014492753623188,1
NP_416733.4,562,0.0871886120996441,0.0640569395017793,0.0551601423487544,0.1263345195729537,1
NP_416734.1,875,0.088,0.0754285714285714,0.0948571428571428,0.088,0
NP_416735.1,240,0.0791666666666666,0.0958333333333333,0.1,0.0916666666666666,1
NP_416736.1,1250,0.08,0.124,0.0752,0.0752,0
NP_416737.1,761,0.0814717477003942,0.0630749014454664,0.0512483574244415,0.0985545335085413,0
NP_416738.1,376,0.0585106382978723,0.0345744680851063,0.0664893617021276,0.0984042553191489,1
NP_416739.1,84,0.0952380952380952,0.0714285714285714,0.0595238095238095,0.1071428571428571,0
NP_416740.1,216,0.0972222222222222,0.0555555555555555,0.0925925925925925,0.0555555555555555,1
NP_416742.1,358,0.0726256983240223,0.0670391061452514,0.0614525139664804,0.0810055865921787,1
NP_416743.1,452,0.0995575221238938,0.1039823008849557,0.0685840707964601,0.1084070796460177,1
NP_416744.1,542,0.1088560885608856,0.084870848708487,0.0719557195571955,0.0996309963099631,1
NP_416745.1,419,0.0954653937947494,0.0954653937947494,0.0668257756563245,0.1408114558472553,1
NP_416746.1,396,0.0757575757575757,0.0631313131313131,0.0656565656565656,0.1035353535353535,1
NP_416747.1,299,0.0568561872909698,0.0367892976588628,0.040133779264214,0.1204013377926421,1
NP_416748.1,267,0.1273408239700374,0.0823970037453183,0.0749063670411985,0.097378277153558,1
NP_416749.4,429,0.1375291375291375,0.0909090909090909,0.0792540792540792,0.1445221445221445,1
NP_416750.2,401,0.0698254364089775,0.1022443890274314,0.0698254364089775,0.0798004987531172,1
NP_416751.1,260,0.1,0.0576923076923076,0.0423076923076923,0.1384615384615384,1
NP_416752.1,400,0.095,0.07,0.0675,0.1325,1
NP_416753.4,180,0.1055555555555555,0.1722222222222222,0.0666666666666666,0.0888888888888888,1
NP_416754.1,141,0.0567375886524822,0.0709219858156028,0.0567375886524822,0.1063829787234042,1
NP_416755.1,200,0.095,0.055,0.055,0.105,1
NP_416756.6,385,0.1298701298701298,0.0701298701298701,0.0519480519480519,0.0961038961038961,1
NP_416757.1,322,0.0745341614906832,0.0652173913043478,0.0683229813664596,0.0993788819875776,1
NP_416758.1,660,0.0803030303030303,0.0727272727272727,0.0636363636363636,0.0954545454545454,0
NP_416759.1,296,0.0945945945945946,0.0945945945945946,0.0574324324324324,0.0979729729729729,1
NP_416760.1,550,0.0981818181818181,0.069090909090909,0.0672727272727272,0.1327272727272727,1
NP_416761.4,128,0.109375,0.078125,0.0546875,0.2265625,1
NP_416762.2,88,0.0795454545454545,0.0454545454545454,0.0909090909090909,0.1022727272727272,0
NP_416763.1,451,0.0909090909090909,0.0798226164079822,0.0864745011086474,0.1330376940133037,1
NP_416764.1,320,0.1125,0.0625,0.08125,0.128125,1
NP_416765.1,285,0.0982456140350877,0.0982456140350877,0.0596491228070175,0.0701754385964912,1
NP_416766.1,252,0.1349206349206349,0.0873015873015873,0.0674603174603174,0.119047619047619,1
NP_416767.1,556,0.1151079136690647,0.0719424460431654,0.0629496402877697,0.1223021582733813,1
NP_416768.4,431,0.1067285382830626,0.0510440835266821,0.0440835266821345,0.1322505800464037,1
NP_416769.1,101,0.1089108910891089,0.0693069306930693,0.0891089108910891,0.1188118811881188,1
NP_416770.1,153,0.0588235294117647,0.065359477124183,0.0915032679738562,0.1045751633986928,1
NP_416771.4,305,0.0950819672131147,0.101639344262295,0.0459016393442622,0.121311475409836,1
NP_416772.1,403,0.0570719602977667,0.032258064516129,0.0421836228287841,0.1166253101736972,1
NP_416773.1,575,0.1078260869565217,0.0608695652173913,0.048695652173913,0.088695652173913,1
NP_416774.2,323,0.0928792569659442,0.0588235294117647,0.0712074303405572,0.0835913312693498,1
NP_416775.1,167,0.0538922155688622,0.0778443113772455,0.0239520958083832,0.1437125748502994,1
NP_416776.1,238,0.0756302521008403,0.0378151260504201,0.0546218487394958,0.1260504201680672,1
NP_416777.2,140,0.0214285714285714,0.0357142857142857,0.0928571428571428,0.0571428571428571,1
NP_416778.2,282,0.0851063829787234,0.0567375886524822,0.0390070921985815,0.0957446808510638,1
NP_416779.2,485,0.1134020618556701,0.0927835051546391,0.0948453608247422,0.179381443298969,1
NP_416780.1,509,0.0884086444007858,0.0903732809430255,0.068762278978389,0.1493123772102161,1
NP_416781.1,613,0.1125611745513866,0.0962479608482871,0.0946166394779771,0.1615008156606851,0
NP_416782.1,100,0.12,0.09,0.06,0.2,1
NP_416783.1,184,0.1195652173913043,0.0869565217391304,0.108695652173913,0.1358695652173913,1
NP_416784.1,180,0.0666666666666666,0.0777777777777777,0.05,0.0833333333333333,1
NP_416785.1,325,0.0923076923076923,0.08,0.0861538461538461,0.1261538461538461,1
NP_416786.4,908,0.1068281938325991,0.0825991189427312,0.0715859030837004,0.0759911894273127,0
NP_416787.1,445,0.0853932584269663,0.1078651685393258,0.0359550561797752,0.1078651685393258,1
NP_416788.1,166,0.0963855421686747,0.0662650602409638,0.0542168674698795,0.0662650602409638,1
NP_416789.2,596,0.0654362416107382,0.0704697986577181,0.0620805369127516,0.0956375838926174,1
NP_416790.1,220,0.059090909090909,0.0681818181818181,0.1,0.0636363636363636,1
NP_416791.3,147,0.1156462585034013,0.0748299319727891,0.0884353741496598,0.1020408163265306,1
NP_416792.1,312,0.1089743589743589,0.0384615384615384,0.0705128205128205,0.1378205128205128,1
NP_416793.1,405,0.0790123456790123,0.0666666666666666,0.0617283950617283,0.1037037037037037,1
NP_416794.1,199,0.1155778894472361,0.0201005025125628,0.0552763819095477,0.1256281407035175,1
NP_416795.1,610,0.0950819672131147,0.0868852459016393,0.1163934426229508,0.1278688524590163,0
NP_416796.2,216,0.1435185185185185,0.0787037037037037,0.0833333333333333,0.1111111111111111,1
NP_416797.2,164,0.073170731707317,0.048780487804878,0.0365853658536585,0.0792682926829268,1
NP_416798.1,151,0.086092715231788,0.0596026490066225,0.0662251655629139,0.1324503311258278,1
NP_416799.1,400,0.105,0.09,0.0675,0.105,1
NP_416800.1,714,0.1064425770308123,0.0630252100840336,0.0910364145658263,0.0910364145658263,0
NP_416801.2,506,0.0889328063241106,0.0988142292490118,0.1126482213438735,0.1027667984189723,1
NP_416802.1,180,0.1111111111111111,0.0555555555555555,0.0777777777777777,0.0777777777777777,1
NP_416803.3,184,0.092391304347826,0.0760869565217391,0.0869565217391304,0.125,1
NP_416804.1,214,0.1121495327102803,0.0467289719626168,0.0467289719626168,0.1214953271028037,1
NP_416805.1,215,0.0883720930232558,0.0744186046511627,0.0325581395348837,0.1209302325581395,1
NP_416806.1,120,0.0833333333333333,0.0083333333333333,0.0666666666666666,0.0833333333333333,1
NP_416807.1,297,0.0774410774410774,0.0976430976430976,0.0774410774410774,0.1313131313131313,1
NP_416808.1,296,0.0743243243243243,0.0371621621621621,0.0506756756756756,0.1283783783783783,1
NP_416809.1,257,0.0583657587548638,0.0817120622568093,0.0933852140077821,0.1167315175097276,1
NP_416810.1,238,0.1008403361344537,0.0546218487394958,0.0630252100840336,0.1386554621848739,1
NP_416811.1,228,0.0833333333333333,0.1184210526315789,0.1008771929824561,0.131578947368421,1
NP_416812.1,260,0.1,0.0807692307692307,0.0576923076923076,0.0884615384615384,1
NP_416813.1,260,0.1307692307692307,0.0807692307692307,0.0576923076923076,0.0923076923076923,1
NP_416814.1,189,0.0952380952380952,0.0582010582010582,0.0952380952380952,0.1322751322751322,1
NP_416815.1,505,0.093069306930693,0.0693069306930693,0.0712871287128712,0.0752475247524752,1
NP_416816.1,162,0.0864197530864197,0.074074074074074,0.1111111111111111,0.1111111111111111,1
NP_416817.2,220,0.1272727272727272,0.0863636363636363,0.0954545454545454,0.0818181818181818,1
NP_416818.1,422,0.1279620853080568,0.0805687203791469,0.0853080568720379,0.1042654028436018,1
NP_416819.1,304,0.1019736842105263,0.0723684210526315,0.0723684210526315,0.0986842105263157,1
NP_416820.1,219,0.0958904109589041,0.0730593607305936,0.1004566210045662,0.1324200913242009,1
NP_416821.1,270,0.1148148148148148,0.0592592592592592,0.0962962962962963,0.074074074074074,1
NP_416822.1,337,0.1216617210682492,0.0801186943620178,0.0979228486646884,0.1038575667655786,1
NP_416823.1,378,0.0978835978835978,0.082010582010582,0.0846560846560846,0.1322751322751322,1
NP_416824.1,331,0.0845921450151057,0.0543806646525679,0.0332326283987915,0.1631419939577039,1
NP_416825.1,392,0.1377551020408163,0.1428571428571428,0.1045918367346938,0.1428571428571428,1
NP_416826.1,406,0.1182266009852216,0.1206896551724138,0.0763546798029556,0.0665024630541872,1
NP_416827.4,668,0.1077844311377245,0.0688622754491018,0.0523952095808383,0.1152694610778443,0
NP_416828.1,92,0.1304347826086956,0.0652173913043478,0.0434782608695652,0.1195652173913043,0
NP_416829.1,182,0.0934065934065934,0.0439560439560439,0.0604395604395604,0.0604395604395604,1
NP_416830.1,269,0.1078066914498141,0.1189591078066914,0.070631970260223,0.1561338289962825,1
NP_416831.1,274,0.0766423357664233,0.072992700729927,0.0547445255474452,0.1094890510948905,1
NP_416832.1,361,0.0858725761772853,0.1108033240997229,0.0664819944598338,0.0720221606648199,1
NP_416833.4,310,0.0806451612903225,0.0548387096774193,0.0774193548387096,0.0967741935483871,1
NP_416834.1,183,0.081967213114754,0.0491803278688524,0.0601092896174863,0.1202185792349726,1
NP_416835.2,273,0.0512820512820512,0.0695970695970696,0.0842490842490842,0.0695970695970696,1
NP_416836.1,179,0.1005586592178771,0.1005586592178771,0.0837988826815642,0.1005586592178771,1
NP_416837.1,162,0.0802469135802469,0.0555555555555555,0.0493827160493827,0.0864197530864197,1
NP_416838.1,170,0.088235294117647,0.088235294117647,0.0941176470588235,0.0941176470588235,1
NP_416839.1,250,0.064,0.04,0.072,0.1,1
NP_416841.1,187,0.1122994652406417,0.0909090909090909,0.053475935828877,0.0481283422459893,1
NP_416842.1,161,0.093167701863354,0.0683229813664596,0.093167701863354,0.1304347826086956,1
NP_416843.1,714,0.1050420168067226,0.0966386554621848,0.0742296918767507,0.0952380952380952,0
NP_416844.1,436,0.1444954128440367,0.0894495412844036,0.073394495412844,0.1055045871559633,1
NP_416845.2,94,0.1063829787234042,0.0319148936170212,0.0531914893617021,0.0638297872340425,0
NP_416846.2,446,0.1121076233183856,0.100896860986547,0.0403587443946188,0.0695067264573991,1
NP_416847.1,352,0.0454545454545454,0.0568181818181818,0.0454545454545454,0.0596590909090909,1
NP_416848.1,251,0.0597609561752988,0.1075697211155378,0.0597609561752988,0.1035856573705179,1
NP_416849.1,310,0.1032258064516129,0.0741935483870967,0.0612903225806451,0.0935483870967742,1
NP_416850.1,385,0.0857142857142857,0.0597402597402597,0.0701298701298701,0.0805194805194805,1
NP_416851.1,120,0.125,0.0583333333333333,0.1166666666666666,0.0833333333333333,1
NP_416852.1,306,0.0620915032679738,0.0751633986928104,0.0816993464052287,0.088235294117647,1
NP_416853.1,443,0.0383747178329571,0.0338600451467268,0.0609480812641083,0.1173814898419864,1
NP_416855.1,146,0.1164383561643835,0.0547945205479452,0.0342465753424657,0.0753424657534246,1
NP_416858.1,164,0.0975609756097561,0.0609756097560975,0.0548780487804878,0.073170731707317,1
NP_416860.4,120,0.0583333333333333,0.1083333333333333,0.0666666666666666,0.1,1
NP_416861.1,274,0.1167883211678832,0.0474452554744525,0.0510948905109489,0.0875912408759124,1
NP_416862.2,178,0.0898876404494382,0.0449438202247191,0.0561797752808988,0.095505617977528,1
NP_416863.1,120,0.1,0.075,0.075,0.0916666666666666,1
NP_416864.1,101,0.0594059405940594,0.0396039603960396,0.0495049504950495,0.0693069306930693,1
NP_416865.1,311,0.0803858520900321,0.0482315112540192,0.0546623794212218,0.1221864951768488,1
NP_416866.1,445,0.1078651685393258,0.0876404494382022,0.0898876404494382,0.1550561797752809,1
NP_416867.1,442,0.1063348416289592,0.1040723981900452,0.0633484162895927,0.1085972850678733,1
NP_416868.1,512,0.0625,0.07421875,0.060546875,0.138671875,1
NP_416869.1,387,0.1007751937984496,0.0439276485788113,0.0878552971576227,0.0801033591731266,1
NP_416870.1,204,0.0784313725490196,0.0637254901960784,0.0539215686274509,0.0833333333333333,1
NP_416871.1,1197,0.0685045948203842,0.0434419381787802,0.0568086883876357,0.1169590643274853,0
NP_416872.4,381,0.0787401574803149,0.0892388451443569,0.0577427821522309,0.0944881889763779,1
NP_416873.1,314,0.1305732484076433,0.0668789808917197,0.0955414012738853,0.1337579617834395,1
NP_416874.1,564,0.1170212765957446,0.0851063829787234,0.0656028368794326,0.0886524822695035,1
NP_416875.1,416,0.0889423076923077,0.0889423076923077,0.0552884615384615,0.0841346153846153,1
NP_416876.1,211,0.1658767772511848,0.0473933649289099,0.0616113744075829,0.0900473933649289,1
NP_416877.1,91,0.0659340659340659,0.0329670329670329,0.0439560439560439,0.1098901098901098,0
NP_416878.1,80,0.075,0.1125,0.1125,0.125,0
NP_416879.4,306,0.0751633986928104,0.0784313725490196,0.065359477124183,0.088235294117647,1
NP_416880.1,412,0.1043689320388349,0.0679611650485436,0.0800970873786407,0.0703883495145631,1
NP_416881.1,565,0.0778761061946902,0.0690265486725663,0.0761061946902654,0.1097345132743362,1
NP_416882.1,244,0.0573770491803278,0.0163934426229508,0.0696721311475409,0.0901639344262295,1
NP_416883.1,285,0.0701754385964912,0.0596491228070175,0.0596491228070175,0.1403508771929824,1
NP_416884.1,831,0.0950661853188929,0.0601684717208182,0.0505415162454873,0.125150421179302,0
NP_416885.1,345,0.0985507246376811,0.0840579710144927,0.0956521739130434,0.1072463768115942,1
NP_416886.1,361,0.1024930747922437,0.0858725761772853,0.0803324099722991,0.1024930747922437,1
NP_416887.1,415,0.1325301204819277,0.1012048192771084,0.0650602409638554,0.108433734939759,1
NP_416888.1,108,0.1666666666666666,0.0462962962962962,0.0462962962962962,0.0555555555555555,1
NP_416889.1,321,0.0996884735202492,0.1090342679127725,0.0778816199376947,0.102803738317757,1
NP_416890.1,418,0.1339712918660287,0.0956937799043062,0.0980861244019138,0.1531100478468899,1
NP_416891.1,108,0.074074074074074,0.1203703703703703,0.0,0.0648148148148148,1
NP_416893.1,412,0.1262135922330097,0.087378640776699,0.0946601941747572,0.145631067961165,1
NP_416894.1,400,0.0975,0.0775,0.1025,0.1275,1
NP_416895.2,370,0.1297297297297297,0.0783783783783783,0.0378378378378378,0.127027027027027,1
NP_416896.4,729,0.0631001371742112,0.0562414266117969,0.0589849108367626,0.1618655692729766,0
NP_416897.2,114,0.0614035087719298,0.0964912280701754,0.0701754385964912,0.1228070175438596,1
NP_416898.3,130,0.1076923076923077,0.0538461538461538,0.0461538461538461,0.0692307692307692,1
NP_416899.1,471,0.0870488322717622,0.0594479830148619,0.0636942675159235,0.0806794055201698,1
NP_416900.1,294,0.0816326530612244,0.0510204081632653,0.0884353741496598,0.119047619047619,1
NP_416901.1,418,0.1028708133971291,0.0717703349282296,0.0909090909090909,0.1124401913875598,1
NP_416902.1,277,0.0974729241877256,0.0974729241877256,0.0866425992779783,0.0974729241877256,1
NP_416903.1,254,0.0669291338582677,0.1181102362204724,0.0275590551181102,0.0629921259842519,1
NP_416904.1,308,0.0941558441558441,0.0681818181818181,0.0876623376623376,0.1266233766233766,1
NP_416905.1,332,0.0963855421686747,0.0692771084337349,0.1054216867469879,0.1385542168674698,1
NP_416906.1,671,0.1013412816691505,0.0760059612518628,0.0998509687034277,0.1013412816691505,0
NP_416907.1,328,0.1036585365853658,0.0457317073170731,0.0762195121951219,0.0579268292682926,1
NP_416908.1,253,0.0830039525691699,0.0553359683794466,0.067193675889328,0.1304347826086956,1
NP_416909.1,323,0.0990712074303405,0.0990712074303405,0.0650154798761609,0.0990712074303405,1
NP_416910.1,85,0.1058823529411764,0.0705882352941176,0.0823529411764705,0.0941176470588235,0
NP_416911.1,575,0.1095652173913043,0.0626086956521739,0.0608695652173913,0.1008695652173913,1
NP_416912.1,169,0.0414201183431952,0.0946745562130177,0.1124260355029585,0.0710059171597633,1
NP_416913.1,283,0.0954063604240282,0.0636042402826855,0.0918727915194346,0.1307420494699646,1
NP_416914.1,124,0.0967741935483871,0.0483870967741935,0.0564516129032258,0.1048387096774193,1
NP_416915.1,244,0.0614754098360655,0.0573770491803278,0.0286885245901639,0.081967213114754,1
NP_416916.1,303,0.0924092409240924,0.1155115511551155,0.066006600660066,0.0792079207920792,1
NP_416917.1,365,0.0876712328767123,0.073972602739726,0.084931506849315,0.1150684931506849,1
NP_416919.1,277,0.1191335740072202,0.0613718411552346,0.1010830324909747,0.1552346570397112,1
NP_416920.1,338,0.0917159763313609,0.0710059171597633,0.0710059171597633,0.0976331360946745,1
NP_416921.4,263,0.1216730038022813,0.091254752851711,0.0798479087452471,0.0836501901140684,1
NP_416922.1,285,0.0982456140350877,0.0526315789473684,0.0596491228070175,0.119298245614035,1
NP_416923.1,298,0.1174496644295302,0.1040268456375839,0.1040268456375839,0.0805369127516778,1
NP_416924.1,474,0.1244725738396624,0.1223628691983122,0.0696202531645569,0.1371308016877637,1
NP_416925.2,434,0.0691244239631336,0.0875576036866359,0.0714285714285714,0.0875576036866359,1
NP_416926.4,299,0.0969899665551839,0.0969899665551839,0.0735785953177257,0.0836120401337792,1
NP_416927.1,191,0.0732984293193717,0.094240837696335,0.06282722513089,0.0680628272251308,1
NP_416928.4,149,0.087248322147651,0.0604026845637583,0.087248322147651,0.2147651006711409,1
NP_416929.4,141,0.0425531914893617,0.0921985815602836,0.0851063829787234,0.1063829787234042,1
NP_416930.1,289,0.1072664359861591,0.0726643598615917,0.0657439446366782,0.0968858131487889,1
NP_416931.1,299,0.0769230769230769,0.0969899665551839,0.0702341137123745,0.0702341137123745,1
NP_416932.1,350,0.0742857142857142,0.0542857142857142,0.06,0.12,1
NP_416933.4,166,0.1566265060240964,0.072289156626506,0.0783132530120482,0.1265060240963855,1
NP_416934.1,219,0.1917808219178082,0.0639269406392694,0.0684931506849315,0.0867579908675799,1
NP_416935.1,295,0.1186440677966101,0.0677966101694915,0.0949152542372881,0.0881355932203389,1
NP_416936.4,453,0.0993377483443708,0.0838852097130242,0.075055187637969,0.0838852097130242,1
NP_416937.2,402,0.1218905472636815,0.0522388059701492,0.0522388059701492,0.1019900497512437,1
NP_416938.1,213,0.0610328638497652,0.0469483568075117,0.0422535211267605,0.0892018779342723,1
NP_416939.1,81,0.074074074074074,0.0246913580246913,0.0493827160493827,0.1481481481481481,0
NP_416940.2,122,0.0983606557377049,0.0573770491803278,0.081967213114754,0.0983606557377049,1
NP_416941.1,138,0.1014492753623188,0.0652173913043478,0.0289855072463768,0.0869565217391304,1
NP_416942.1,197,0.0507614213197969,0.0558375634517766,0.065989847715736,0.065989847715736,1
NP_416943.2,125,0.088,0.064,0.104,0.128,1
NP_416944.1,130,0.1307692307692307,0.0692307692307692,0.1,0.0769230769230769,1
NP_416945.2,269,0.0966542750929368,0.1115241635687732,0.0520446096654275,0.0780669144981412,1
NP_416946.1,467,0.1070663811563169,0.0920770877944325,0.0942184154175588,0.1199143468950749,1
NP_416947.1,408,0.1274509803921568,0.1200980392156862,0.0808823529411764,0.1127450980392156,1
NP_416948.4,395,0.1493670886075949,0.0860759493670886,0.070886075949367,0.1088607594936708,1
NP_416949.1,278,0.1043165467625899,0.0935251798561151,0.0899280575539568,0.0935251798561151,1
NP_416950.1,467,0.1498929336188436,0.0770877944325481,0.1134903640256959,0.0835117773019272,1
NP_416951.1,95,0.0736842105263157,0.1157894736842105,0.1473684210526315,0.0736842105263157,0
NP_416952.2,97,0.1649484536082474,0.1237113402061855,0.1134020618556701,0.0927835051546391,0
NP_416953.1,338,0.1538461538461538,0.0680473372781065,0.0798816568047337,0.1124260355029585,1
NP_416954.1,267,0.0861423220973782,0.0374531835205992,0.0599250936329588,0.1423220973782771,1
NP_416955.1,233,0.0901287553648068,0.0815450643776824,0.0772532188841201,0.0643776824034334,1
NP_416956.1,159,0.0880503144654088,0.0691823899371069,0.0628930817610062,0.10062893081761,1
NP_416957.4,111,0.1171171171171171,0.1171171171171171,0.072072072072072,0.1171171171171171,1
NP_416958.1,759,0.1146245059288537,0.0685111989459815,0.0948616600790513,0.0856389986824769,0
NP_416959.1,316,0.0981012658227848,0.050632911392405,0.0696202531645569,0.0981012658227848,1
NP_416960.1,667,0.1139430284857571,0.0944527736131934,0.0539730134932533,0.0854572713643178,0
NP_416961.1,347,0.0979827089337175,0.063400576368876,0.0489913544668587,0.1268011527377521,1
NP_416962.1,191,0.0418848167539267,0.0785340314136125,0.0680628272251308,0.1099476439790576,1
NP_416963.1,659,0.1062215477996965,0.0819423368740516,0.0849772382397572,0.0667678300455235,0
NP_416964.1,566,0.0848056537102473,0.0477031802120141,0.0547703180212014,0.1501766784452297,1
NP_416965.1,1037,0.103182256509161,0.0781099324975892,0.0867888138862102,0.1060752169720347,0
NP_416966.1,118,0.0762711864406779,0.0508474576271186,0.0338983050847457,0.1186440677966101,1
NP_416967.1,375,0.1066666666666666,0.0773333333333333,0.0853333333333333,0.0933333333333333,1
NP_416968.2,232,0.1163793103448275,0.0991379310344827,0.0775862068965517,0.0775862068965517,1
NP_416969.1,671,0.1236959761549925,0.067064083457526,0.044709388971684,0.1415797317436661,0
NP_416970.1,287,0.0627177700348432,0.1254355400696864,0.0662020905923344,0.0696864111498257,1
NP_416971.1,237,0.0632911392405063,0.0717299578059071,0.0717299578059071,0.1265822784810126,1
NP_416972.4,344,0.125,0.0726744186046511,0.0872093023255814,0.0988372093023255,1
NP_416973.1,292,0.1061643835616438,0.0787671232876712,0.0856164383561643,0.1027397260273972,1
NP_416974.4,190,0.1157894736842105,0.0421052631578947,0.0631578947368421,0.1,1
NP_416975.1,156,0.0512820512820512,0.0769230769230769,0.0705128205128205,0.0961538461538461,1
NP_416976.4,205,0.1170731707317073,0.0585365853658536,0.073170731707317,0.0975609756097561,1
NP_416977.1,672,0.1324404761904762,0.0758928571428571,0.0744047619047619,0.1681547619047619,0
NP_416978.4,315,0.1047619047619047,0.0825396825396825,0.0634920634920634,0.2,1
NP_416979.1,479,0.1189979123173277,0.0855949895615866,0.081419624217119,0.162839248434238,1
NP_416980.1,216,0.125,0.0555555555555555,0.0879629629629629,0.1851851851851851,1
NP_416981.1,526,0.1045627376425855,0.0817490494296578,0.0798479087452471,0.1863117870722433,1
NP_416982.1,555,0.0594594594594594,0.0666666666666666,0.081081081081081,0.1045045045045045,1
NP_416983.1,181,0.1215469613259668,0.0331491712707182,0.0386740331491712,0.1104972375690607,1
NP_416984.1,252,0.0833333333333333,0.0753968253968253,0.0753968253968253,0.0833333333333333,1
NP_416985.4,137,0.1094890510948905,0.0364963503649635,0.0802919708029197,0.0948905109489051,1
NP_416986.4,670,0.0776119402985074,0.053731343283582,0.053731343283582,0.1477611940298507,0
NP_416987.1,282,0.1241134751773049,0.0638297872340425,0.0780141843971631,0.1241134751773049,1
NP_416988.1,353,0.0906515580736544,0.0764872521246459,0.1161473087818696,0.1643059490084986,1
NP_416989.1,487,0.1314168377823408,0.0595482546201232,0.0328542094455852,0.1252566735112936,1
NP_416990.1,119,0.0756302521008403,0.042016806722689,0.0756302521008403,0.1428571428571428,1
NP_416991.2,233,0.0729613733905579,0.0600858369098712,0.0343347639484978,0.1802575107296137,1
NP_416992.1,429,0.1048951048951049,0.1025641025641025,0.1002331002331002,0.1445221445221445,1
NP_416993.2,208,0.0769230769230769,0.0913461538461538,0.0961538461538461,0.1057692307692307,1
NP_416994.1,345,0.081159420289855,0.1130434782608695,0.1014492753623188,0.0956521739130434,1
NP_416995.1,212,0.1179245283018868,0.0754716981132075,0.070754716981132,0.0896226415094339,1
NP_416996.1,688,0.0610465116279069,0.0377906976744186,0.066860465116279,0.1148255813953488,0
NP_416997.1,513,0.0799220272904483,0.0682261208576998,0.0565302144249512,0.124756335282651,1
NP_416998.1,747,0.073627844712182,0.0481927710843373,0.0642570281124498,0.1419009370816599,0
NP_416999.1,63,0.0476190476190476,0.0317460317460317,0.0634920634920634,0.0476190476190476,0
NP_417000.1,172,0.1162790697674418,0.1104651162790697,0.0988372093023255,0.0581395348837209,1
NP_417001.1,179,0.1675977653631284,0.0223463687150838,0.0391061452513966,0.0670391061452514,1
NP_417002.1,525,0.0761904761904762,0.0819047619047619,0.1009523809523809,0.0876190476190476,1
NP_417003.1,488,0.1045081967213114,0.1065573770491803,0.0983606557377049,0.0758196721311475,1
NP_417004.1,456,0.0833333333333333,0.050438596491228,0.0745614035087719,0.1008771929824561,1
NP_417005.2,71,0.0704225352112676,0.0704225352112676,0.0704225352112676,0.0985915492957746,0
NP_417006.2,490,0.0673469387755102,0.0775510204081632,0.0897959183673469,0.0918367346938775,1
NP_417007.1,392,0.0816326530612244,0.0994897959183673,0.1096938775510204,0.1147959183673469,1
NP_417008.1,206,0.1650485436893204,0.0679611650485436,0.0728155339805825,0.1019417475728155,1
NP_417009.1,424,0.0966981132075471,0.0966981132075471,0.0778301886792452,0.115566037735849,1
NP_417010.1,372,0.086021505376344,0.0779569892473118,0.0967741935483871,0.086021505376344,1
NP_417011.1,337,0.1364985163204747,0.0504451038575667,0.0652818991097922,0.0890207715133531,1
NP_417012.1,384,0.0729166666666666,0.0651041666666666,0.0859375,0.078125,1
NP_417013.1,143,0.1258741258741259,0.0979020979020979,0.0769230769230769,0.0629370629370629,1
NP_417014.1,770,0.1012987012987013,0.0857142857142857,0.061038961038961,0.1246753246753246,0
NP_417015.1,1653,0.0949788263762855,0.0750151240169389,0.0701754385964912,0.1209921355111917,0
NP_417016.4,281,0.1103202846975089,0.0818505338078291,0.0889679715302491,0.099644128113879,1
NP_417017.4,258,0.0775193798449612,0.065891472868217,0.0503875968992248,0.1007751937984496,1
NP_417018.4,427,0.1311475409836065,0.0960187353629976,0.0444964871194379,0.1007025761124121,1
NP_417019.1,66,0.0757575757575757,0.0303030303030303,0.0303030303030303,0.1212121212121212,0
NP_417020.1,111,0.081081081081081,0.045045045045045,0.054054054054054,0.09009009009009,1
NP_417021.1,616,0.1396103896103896,0.0795454545454545,0.086038961038961,0.1087662337662337,0
NP_417022.1,171,0.0994152046783625,0.0175438596491228,0.0292397660818713,0.1520467836257309,1
NP_417023.1,107,0.0467289719626168,0.1214953271028037,0.1121495327102803,0.0841121495327102,1
NP_417024.1,128,0.1171875,0.0703125,0.0703125,0.046875,1
NP_417026.1,162,0.0802469135802469,0.1111111111111111,0.0802469135802469,0.1234567901234567,1
NP_417027.1,246,0.1097560975609756,0.065040650406504,0.08130081300813,0.1178861788617886,1
NP_417028.1,267,0.1198501872659176,0.0898876404494382,0.0749063670411985,0.0749063670411985,1
NP_417029.4,284,0.0809859154929577,0.0774647887323943,0.0704225352112676,0.0845070422535211,1
NP_417030.2,426,0.0704225352112676,0.0469483568075117,0.0352112676056338,0.1549295774647887,1
NP_417031.1,379,0.1240105540897097,0.0870712401055409,0.0923482849604221,0.1530343007915567,1
NP_417032.1,296,0.0945945945945946,0.0472972972972973,0.1047297297297297,0.1283783783783783,1
NP_417033.1,453,0.086092715231788,0.0905077262693156,0.0551876379690949,0.0772626931567329,1
NP_417034.1,172,0.0581395348837209,0.0174418604651162,0.063953488372093,0.1046511627906976,1
NP_417035.1,106,0.1132075471698113,0.0754716981132075,0.0660377358490566,0.0849056603773584,1
NP_417036.1,270,0.1296296296296296,0.1111111111111111,0.0555555555555555,0.1185185185185185,1
NP_417037.1,400,0.11,0.08,0.055,0.1225,1
NP_417038.4,140,0.1285714285714285,0.0928571428571428,0.0857142857142857,0.1142857142857142,1
NP_417039.1,290,0.0689655172413793,0.0862068965517241,0.0551724137931034,0.0896551724137931,1
NP_417040.2,353,0.0991501416430594,0.1246458923512747,0.0679886685552408,0.0906515580736544,1
NP_417041.1,332,0.1114457831325301,0.1114457831325301,0.1265060240963855,0.1656626506024096,1
NP_417042.1,503,0.0854870775347912,0.0815109343936381,0.1073558648111332,0.1073558648111332,1
NP_417043.1,327,0.1131498470948012,0.0825688073394495,0.0978593272171253,0.073394495412844,1
NP_417044.4,1093,0.1134492223238792,0.0640439158279963,0.0494053064958828,0.1097895699908508,0
NP_417045.4,397,0.0680100755667506,0.0654911838790932,0.0680100755667506,0.1007556675062972,1
NP_417046.1,417,0.1127098321342925,0.0983213429256594,0.0863309352517985,0.0743405275779376,1
NP_417047.1,396,0.1085858585858585,0.0808080808080808,0.0681818181818181,0.0858585858585858,1
NP_417048.1,112,0.0714285714285714,0.0892857142857142,0.1160714285714285,0.0357142857142857,1
NP_417049.1,444,0.1058558558558558,0.0585585585585585,0.0698198198198198,0.1306306306306306,1
NP_417050.1,237,0.080168776371308,0.0295358649789029,0.0253164556962025,0.1350210970464135,1
NP_417051.2,475,0.0884210526315789,0.0505263157894736,0.071578947368421,0.1431578947368421,1
NP_417053.2,518,0.0926640926640926,0.0579150579150579,0.0598455598455598,0.1177606177606177,1
NP_417054.2,167,0.1137724550898203,0.0778443113772455,0.0778443113772455,0.0778443113772455,1
NP_417055.4,211,0.0616113744075829,0.0616113744075829,0.0568720379146919,0.1658767772511848,1
NP_417056.2,282,0.1312056737588652,0.0567375886524822,0.0531914893617021,0.1489361702127659,1
NP_417057.1,86,0.0465116279069767,0.0232558139534883,0.0581395348837209,0.0465116279069767,0
NP_417058.1,126,0.1507936507936507,0.0714285714285714,0.0714285714285714,0.1031746031746031,1
NP_417059.1,243,0.1646090534979424,0.0699588477366255,0.0617283950617283,0.0864197530864197,1
NP_417060.1,242,0.0743801652892562,0.0826446280991735,0.0537190082644628,0.1363636363636363,1
NP_417061.1,301,0.0730897009966777,0.0697674418604651,0.0830564784053156,0.0897009966777408,1
NP_417062.1,226,0.0663716814159292,0.0752212389380531,0.0575221238938053,0.1371681415929203,1
NP_417063.1,324,0.0771604938271604,0.0864197530864197,0.074074074074074,0.074074074074074,1
NP_417064.1,599,0.0767946577629382,0.0701168614357262,0.0834724540901502,0.1001669449081803,1
NP_417065.1,159,0.1132075471698113,0.0943396226415094,0.0880503144654088,0.1320754716981132,1
NP_417066.1,318,0.0660377358490566,0.050314465408805,0.0660377358490566,0.1069182389937107,1
NP_417067.1,216,0.0879629629629629,0.0462962962962962,0.0694444444444444,0.0833333333333333,1
NP_417068.1,191,0.0890052356020942,0.0418848167539267,0.094240837696335,0.094240837696335,1
NP_417069.1,540,0.087037037037037,0.0759259259259259,0.074074074074074,0.0962962962962963,1
NP_417070.2,245,0.1061224489795918,0.0612244897959183,0.0612244897959183,0.0979591836734693,1
NP_417071.1,444,0.0968468468468468,0.0608108108108108,0.0608108108108108,0.0990990990990991,1
NP_417072.4,293,0.068259385665529,0.0477815699658703,0.0819112627986348,0.1023890784982935,1
NP_417073.1,195,0.123076923076923,0.0666666666666666,0.0871794871794871,0.1538461538461538,1
NP_417074.1,127,0.0787401574803149,0.0551181102362204,0.1181102362204724,0.0866141732283464,1
NP_417075.1,229,0.074235807860262,0.0786026200873362,0.074235807860262,0.1048034934497816,1
NP_417076.1,345,0.0927536231884058,0.1043478260869565,0.0840579710144927,0.0579710144927536,1
NP_417077.1,139,0.0719424460431654,0.0647482014388489,0.079136690647482,0.0647482014388489,1
NP_417078.4,232,0.1077586206896551,0.0474137931034482,0.0474137931034482,0.1163793103448275,1
NP_417079.1,886,0.1072234762979684,0.0553047404063205,0.0586907449209932,0.1343115124153499,0
NP_417080.4,451,0.0598669623059867,0.0443458980044345,0.0620842572062084,0.1175166297117516,1
NP_417081.2,107,0.102803738317757,0.0934579439252336,0.0373831775700934,0.102803738317757,1
NP_417082.1,432,0.1180555555555555,0.0925925925925925,0.0787037037037037,0.1296296296296296,1
NP_417083.1,857,0.0921820303383897,0.073512252042007,0.0653442240373395,0.1190198366394399,0
NP_417084.1,243,0.1234567901234567,0.0905349794238683,0.074074074074074,0.0781893004115226,1
NP_417085.1,326,0.0766871165644171,0.058282208588957,0.0858895705521472,0.0797546012269938,1
NP_417086.1,245,0.1265306122448979,0.0408163265306122,0.0530612244897959,0.0897959183673469,1
NP_417088.1,113,0.0973451327433628,0.0353982300884955,0.0619469026548672,0.079646017699115,1
NP_417089.1,15,0.0666666666666666,0.0,0.0,0.0,0
NP_417090.1,386,0.0984455958549222,0.0466321243523316,0.0621761658031088,0.1295336787564766,1
NP_417091.1,373,0.0938337801608579,0.064343163538874,0.0857908847184986,0.1260053619302949,1
NP_417092.1,356,0.1039325842696629,0.0730337078651685,0.0617977528089887,0.095505617977528,1
NP_417093.2,121,0.1074380165289256,0.0743801652892562,0.0330578512396694,0.0826446280991735,1
NP_417094.1,172,0.0813953488372093,0.0523255813953488,0.0581395348837209,0.127906976744186,1
NP_417095.1,408,0.1029411764705882,0.0490196078431372,0.0416666666666666,0.1225490196078431,1
NP_417096.1,160,0.1125,0.0875,0.05,0.09375,1
NP_417097.1,115,0.0608695652173913,0.0695652173913043,0.1304347826086956,0.0521739130434782,1
NP_417098.1,255,0.0823529411764705,0.0941176470588235,0.0549019607843137,0.1098039215686274,1
NP_417099.4,182,0.0439560439560439,0.0769230769230769,0.0934065934065934,0.0879120879120879,1
NP_417100.1,82,0.1341463414634146,0.073170731707317,0.0975609756097561,0.048780487804878,0
NP_417101.1,453,0.0905077262693156,0.0838852097130242,0.0905077262693156,0.097130242825607,1
NP_417102.4,263,0.1026615969581749,0.0608365019011406,0.0874524714828897,0.1673003802281368,1
NP_417104.1,197,0.1218274111675127,0.0406091370558375,0.0913705583756345,0.0812182741116751,1
NP_417105.1,292,0.0650684931506849,0.0684931506849315,0.0582191780821917,0.1164383561643835,1
NP_417107.2,113,0.079646017699115,0.079646017699115,0.079646017699115,0.1061946902654867,1
NP_417108.4,96,0.1041666666666666,0.0520833333333333,0.0729166666666666,0.1041666666666666,0
NP_417109.1,158,0.0759493670886076,0.0569620253164556,0.0759493670886076,0.1012658227848101,1
NP_417110.1,160,0.10625,0.0625,0.06875,0.0875,1
NP_417111.1,413,0.1016949152542373,0.0435835351089588,0.0556900726392251,0.0920096852300242,1
NP_417112.1,318,0.0534591194968553,0.0377358490566037,0.0597484276729559,0.0723270440251572,1
NP_417113.1,70,0.0857142857142857,0.0428571428571428,0.0571428571428571,0.0857142857142857,0
NP_417114.1,469,0.0746268656716417,0.044776119402985,0.0426439232409381,0.0895522388059701,1
NP_417115.1,208,0.0336538461538461,0.048076923076923,0.0432692307692307,0.0865384615384615,1
NP_417116.1,729,0.0562414266117969,0.0548696844993141,0.0781893004115226,0.1083676268861454,0
NP_417117.1,538,0.0483271375464684,0.0390334572490706,0.070631970260223,0.1022304832713754,1
NP_417118.1,87,0.0459770114942528,0.057471264367816,0.0229885057471264,0.0804597701149425,0
NP_417119.1,357,0.0756302521008403,0.0588235294117647,0.0756302521008403,0.1092436974789916,1
NP_417120.2,123,0.056910569105691,0.056910569105691,0.073170731707317,0.1300813008130081,1
NP_417122.1,273,0.0549450549450549,0.0732600732600732,0.0695970695970696,0.1025641025641025,1
NP_417123.1,233,0.0815450643776824,0.0472103004291845,0.0686695278969957,0.1416309012875536,1
NP_417124.4,147,0.0408163265306122,0.0476190476190476,0.0612244897959183,0.1224489795918367,1
NP_417125.1,155,0.0774193548387096,0.0774193548387096,0.0774193548387096,0.0516129032258064,1
NP_417129.1,567,0.0652557319223985,0.0405643738977072,0.0476190476190476,0.1252204585537918,1
NP_417130.1,152,0.0921052631578947,0.0723684210526315,0.0263157894736842,0.0657894736842105,1
NP_417131.1,160,0.1,0.04375,0.06875,0.1375,1
NP_417132.1,105,0.0666666666666666,0.0761904761904762,0.0571428571428571,0.0952380952380952,1
NP_417133.1,109,0.073394495412844,0.036697247706422,0.0825688073394495,0.128440366972477,1
NP_417134.2,1526,0.0799475753604194,0.1395806028833551,0.0747051114023591,0.0609436435124508,0
NP_417145.4,325,0.0707692307692307,0.0461538461538461,0.08,0.1169230769230769,1
NP_417146.2,422,0.0924170616113744,0.0924170616113744,0.0592417061611374,0.0924170616113744,1
NP_417147.1,482,0.1369294605809128,0.0975103734439834,0.0643153526970954,0.0871369294605809,1
NP_417148.1,426,0.1267605633802817,0.0985915492957746,0.0657276995305164,0.096244131455399,1
NP_417149.1,466,0.1072961373390558,0.0729613733905579,0.0965665236051502,0.1287553648068669,1
NP_417150.4,220,0.1181818181818181,0.0454545454545454,0.0545454545454545,0.1454545454545454,1
NP_417151.1,149,0.1006711409395973,0.0805369127516778,0.0805369127516778,0.0604026845637583,1
NP_417152.1,52,0.0384615384615384,0.1346153846153846,0.0576923076923076,0.173076923076923,0
NP_417153.1,99,0.1515151515151515,0.0505050505050505,0.0202020202020202,0.1414141414141414,0
NP_417154.1,174,0.132183908045977,0.0977011494252873,0.0459770114942528,0.1379310344827586,1
NP_417155.1,134,0.0895522388059701,0.0522388059701492,0.0373134328358208,0.0970149253731343,1
NP_417156.1,149,0.1006711409395973,0.0402684563758389,0.1342281879194631,0.0805369127516778,1
NP_417157.1,114,0.0789473684210526,0.0789473684210526,0.087719298245614,0.087719298245614,1
NP_417158.4,109,0.146788990825688,0.073394495412844,0.0825688073394495,0.0642201834862385,1
NP_417159.1,81,0.1358024691358024,0.0493827160493827,0.0617283950617283,0.0493827160493827,0
NP_417160.1,136,0.0661764705882353,0.1029411764705882,0.0808823529411764,0.0735294117647058,1
NP_417161.1,714,0.0980392156862745,0.0644257703081232,0.0476190476190476,0.0924369747899159,0
NP_417162.1,319,0.0877742946708464,0.0376175548589341,0.0470219435736677,0.115987460815047,1
NP_417163.1,400,0.09,0.08,0.07,0.1125,1
NP_417164.1,354,0.1073446327683615,0.096045197740113,0.0988700564971751,0.1186440677966101,1
NP_417165.1,330,0.1242424242424242,0.0818181818181818,0.0636363636363636,0.0666666666666666,1
NP_417167.1,245,0.1428571428571428,0.0816326530612244,0.0693877551020408,0.1142857142857142,1
NP_417168.1,111,0.1081081081081081,0.081081081081081,0.1081081081081081,0.1621621621621621,1
NP_417169.1,176,0.0454545454545454,0.0284090909090909,0.0170454545454545,0.1477272727272727,1
NP_417170.1,390,0.1128205128205128,0.0512820512820512,0.0948717948717948,0.0923076923076923,1
NP_417171.1,512,0.09765625,0.087890625,0.06640625,0.1171875,1
NP_417172.1,171,0.0701754385964912,0.0526315789473684,0.0701754385964912,0.087719298245614,1
NP_417173.1,518,0.0849420849420849,0.0772200772200772,0.0405405405405405,0.1023166023166023,1
NP_417174.1,142,0.0915492957746478,0.0915492957746478,0.0915492957746478,0.1830985915492957,1
NP_417175.1,188,0.1382978723404255,0.0638297872340425,0.0797872340425532,0.1063829787234042,1
NP_417176.1,61,0.0327868852459016,0.081967213114754,0.1475409836065573,0.0655737704918032,0
NP_417177.1,876,0.1038812785388127,0.091324200913242,0.0776255707762557,0.0867579908675799,0
NP_417178.1,166,0.108433734939759,0.0481927710843373,0.036144578313253,0.072289156626506,1
NP_417179.1,353,0.1076487252124645,0.0991501416430594,0.0623229461756373,0.0878186968838526,1
NP_417180.1,165,0.1515151515151515,0.103030303030303,0.0848484848484848,0.0484848484848484,1
NP_417181.1,361,0.0858725761772853,0.0914127423822714,0.0664819944598338,0.0914127423822714,1
NP_417184.1,123,0.089430894308943,0.0975609756097561,0.08130081300813,0.0975609756097561,1
NP_417185.1,259,0.0965250965250965,0.1119691119691119,0.081081081081081,0.1042471042471042,1
NP_417186.1,119,0.1092436974789916,0.0840336134453781,0.0924369747899159,0.1092436974789916,1
NP_417187.1,257,0.0778210116731517,0.0661478599221789,0.0700389105058365,0.0894941634241245,1
NP_417188.4,321,0.1277258566978193,0.0934579439252336,0.0685358255451713,0.1214953271028037,1
NP_417189.2,504,0.119047619047619,0.0694444444444444,0.0753968253968253,0.1408730158730158,1
NP_417190.1,479,0.0730688935281837,0.0563674321503131,0.0709812108559499,0.0751565762004175,1
NP_417191.1,377,0.1007957559681697,0.0663129973474801,0.0663129973474801,0.129973474801061,1
NP_417192.1,750,0.1213333333333333,0.0786666666666666,0.0666666666666666,0.1133333333333333,0
NP_417193.1,175,0.1142857142857142,0.0514285714285714,0.0971428571428571,0.0457142857142857,1
NP_417194.2,336,0.1071428571428571,0.0684523809523809,0.0654761904761904,0.1011904761904761,1
NP_417196.1,474,0.0864978902953586,0.0780590717299578,0.0611814345991561,0.0717299578059071,1
NP_417197.1,156,0.0769230769230769,0.1025641025641025,0.0705128205128205,0.0897435897435897,1
NP_417198.1,136,0.1176470588235294,0.0367647058823529,0.0661764705882353,0.0955882352941176,1
NP_417199.1,255,0.0980392156862745,0.0901960784313725,0.0705882352941176,0.0901960784313725,1
NP_417200.1,180,0.0944444444444444,0.0388888888888888,0.05,0.0722222222222222,1
NP_417201.1,569,0.0579964850615114,0.0738137082601054,0.0843585237258348,0.0966608084358523,1
NP_417202.1,307,0.1074918566775244,0.0912052117263843,0.1009771986970684,0.1596091205211726,1
NP_417203.1,608,0.131578947368421,0.1052631578947368,0.0871710526315789,0.1694078947368421,0
NP_417204.1,203,0.1133004926108374,0.0492610837438423,0.0689655172413793,0.083743842364532,1
NP_417205.1,153,0.0784313725490196,0.0457516339869281,0.065359477124183,0.0849673202614379,1
NP_417206.1,116,0.0775862068965517,0.0603448275862069,0.0689655172413793,0.1034482758620689,1
NP_417207.1,290,0.1034482758620689,0.0758620689655172,0.0551724137931034,0.1,1
NP_417208.1,90,0.0666666666666666,0.1111111111111111,0.1333333333333333,0.0777777777777777,0
NP_417209.1,373,0.0938337801608579,0.0723860589812332,0.0831099195710455,0.0831099195710455,1
NP_417210.2,336,0.1398809523809523,0.1071428571428571,0.0833333333333333,0.1309523809523809,1
NP_417211.1,692,0.0751445086705202,0.0505780346820809,0.0635838150289017,0.134393063583815,0
NP_417212.1,117,0.0683760683760683,0.0256410256410256,0.0427350427350427,0.0683760683760683,1
NP_417213.1,853,0.1066822977725674,0.0609613130128956,0.0515826494724501,0.126611957796014,0
NP_417214.1,218,0.055045871559633,0.073394495412844,0.0321100917431192,0.1055045871559633,1
NP_417215.2,255,0.1176470588235294,0.0549019607843137,0.0941176470588235,0.0980392156862745,1
NP_417216.1,302,0.1754966887417218,0.1059602649006622,0.0960264900662251,0.0927152317880794,1
NP_417217.1,388,0.1288659793814432,0.0902061855670103,0.0876288659793814,0.095360824742268,1
NP_417218.1,212,0.0990566037735849,0.070754716981132,0.0566037735849056,0.1367924528301886,1
NP_417219.1,258,0.1240310077519379,0.0736434108527131,0.0581395348837209,0.0968992248062015,1
NP_417220.1,454,0.1277533039647577,0.1101321585903083,0.0991189427312775,0.1497797356828193,1
NP_417221.1,330,0.0727272727272727,0.0575757575757575,0.0606060606060606,0.1333333333333333,1
NP_417222.1,379,0.0976253298153034,0.0870712401055409,0.0686015831134564,0.0448548812664907,1
NP_417223.1,208,0.0961538461538461,0.0769230769230769,0.0913461538461538,0.110576923076923,1
NP_417224.1,253,0.0948616600790513,0.0988142292490118,0.0909090909090909,0.0909090909090909,1
NP_417225.1,349,0.1146131805157593,0.0744985673352435,0.0802292263610315,0.1088825214899713,1
NP_417226.1,159,0.1257861635220125,0.1257861635220125,0.0566037735849056,0.10062893081761,1
NP_417227.1,236,0.1313559322033898,0.0635593220338983,0.0677966101694915,0.1144067796610169,1
NP_417228.1,103,0.116504854368932,0.0679611650485436,0.0388349514563106,0.1359223300970873,1
NP_417229.1,107,0.0654205607476635,0.0747663551401869,0.0841121495327102,0.1495327102803738,1
NP_417230.1,201,0.0746268656716417,0.0895522388059701,0.1044776119402985,0.1194029850746268,1
NP_417231.1,475,0.0821052631578947,0.0757894736842105,0.0821052631578947,0.1136842105263157,1
NP_417232.1,302,0.0629139072847682,0.0662251655629139,0.0496688741721854,0.086092715231788,1
NP_417233.1,345,0.1159420289855072,0.0782608695652174,0.0434782608695652,0.0927536231884058,1
NP_417234.2,94,0.0744680851063829,0.0851063829787234,0.1382978723404255,0.1170212765957446,0
NP_417235.1,305,0.1147540983606557,0.081967213114754,0.0852459016393442,0.0950819672131147,1
NP_417236.1,199,0.0804020100502512,0.0653266331658291,0.0753768844221105,0.1155778894472361,1
NP_417237.2,224,0.0625,0.0803571428571428,0.0535714285714285,0.125,1
NP_417238.1,363,0.1157024793388429,0.0633608815426997,0.0688705234159779,0.0853994490358126,1
NP_417239.1,160,0.09375,0.04375,0.04375,0.11875,1
NP_417240.1,502,0.0737051792828685,0.0776892430278884,0.0657370517928286,0.1015936254980079,1
NP_417241.1,888,0.0799549549549549,0.0585585585585585,0.063063063063063,0.1126126126126126,0
NP_417242.1,244,0.0778688524590164,0.0696721311475409,0.0532786885245901,0.1311475409836065,1
NP_417243.1,570,0.0824561403508772,0.0859649122807017,0.0526315789473684,0.0912280701754386,1
NP_417244.1,599,0.1185308848080133,0.0601001669449081,0.0851419031719532,0.1018363939899833,1
NP_417245.1,121,0.0661157024793388,0.0661157024793388,0.0743801652892562,0.0909090909090909,1
NP_417246.4,423,0.0969267139479905,0.0874704491725768,0.0614657210401891,0.1465721040189125,1
NP_417247.2,86,0.0813953488372093,0.0697674418604651,0.0465116279069767,0.1046511627906976,0
NP_417248.1,191,0.0994764397905759,0.0575916230366492,0.0837696335078534,0.1099476439790576,1
NP_417249.4,286,0.1433566433566433,0.0734265734265734,0.1153846153846153,0.0979020979020979,1
NP_417250.4,259,0.1467181467181467,0.0656370656370656,0.0386100386100386,0.1351351351351351,1
NP_417251.2,445,0.1011235955056179,0.0898876404494382,0.0808988764044943,0.1797752808988764,1
NP_417254.4,261,0.1187739463601532,0.0957854406130268,0.0613026819923371,0.0766283524904214,1
NP_417255.1,425,0.0823529411764705,0.0776470588235294,0.0658823529411764,0.1129411764705882,1
NP_417256.1,492,0.0873983739837398,0.08130081300813,0.0609756097560975,0.089430894308943,1
NP_417257.1,223,0.0672645739910313,0.0672645739910313,0.0582959641255605,0.1031390134529148,1
NP_417258.4,290,0.0724137931034482,0.0793103448275862,0.0655172413793103,0.0758620689655172,1
NP_417259.1,432,0.136574074074074,0.1087962962962963,0.0578703703703703,0.0694444444444444,1
NP_417260.1,545,0.0715596330275229,0.0825688073394495,0.091743119266055,0.0862385321100917,1
NP_417261.1,263,0.1026615969581749,0.0380228136882129,0.0684410646387832,0.091254752851711,1
NP_417262.1,111,0.081081081081081,0.09009009009009,0.1081081081081081,0.072072072072072,1
NP_417263.1,82,0.048780487804878,0.0365853658536585,0.0975609756097561,0.0975609756097561,0
NP_417264.1,744,0.0873655913978494,0.0672043010752688,0.0819892473118279,0.0954301075268817,0
NP_417265.1,433,0.092378752886836,0.0646651270207852,0.0831408775981524,0.115473441108545,1
NP_417266.1,918,0.0675381263616557,0.0555555555555555,0.0588235294117647,0.1372549019607843,0
NP_417267.1,446,0.0896860986547085,0.0986547085201793,0.0672645739910313,0.0874439461883408,1
NP_417268.1,446,0.1076233183856502,0.0964125560538116,0.0784753363228699,0.0919282511210762,1
NP_417269.1,450,0.0844444444444444,0.1177777777777777,0.0955555555555555,0.0822222222222222,1
NP_417270.1,149,0.0671140939597315,0.0939597315436241,0.0738255033557047,0.1140939597315436,1
NP_417271.1,260,0.0653846153846153,0.0807692307692307,0.0653846153846153,0.123076923076923,1
NP_417272.1,109,0.110091743119266,0.0091743119266055,0.0275229357798165,0.1559633027522936,1
NP_417273.1,181,0.0662983425414364,0.0386740331491712,0.0552486187845303,0.1215469613259668,1
NP_417274.1,282,0.0390070921985815,0.0567375886524822,0.0531914893617021,0.1276595744680851,1
NP_417275.1,454,0.079295154185022,0.0682819383259911,0.066079295154185,0.1079295154185022,1
NP_417276.1,429,0.0979020979020979,0.0745920745920745,0.0699300699300699,0.1142191142191142,1
NP_417277.1,455,0.1142857142857142,0.0879120879120879,0.0901098901098901,0.0835164835164835,1
NP_417278.4,251,0.095617529880478,0.0597609561752988,0.0637450199203187,0.1115537848605577,1
NP_417279.2,382,0.1361256544502617,0.1020942408376963,0.094240837696335,0.0732984293193717,1
NP_417280.1,215,0.1069767441860465,0.0604651162790697,0.0697674418604651,0.1116279069767441,1
NP_417281.1,438,0.1232876712328767,0.0753424657534246,0.0570776255707762,0.1187214611872146,1
NP_417282.1,591,0.1082910321489001,0.0896785109983079,0.0592216582064297,0.0693739424703891,1
NP_417283.2,472,0.1016949152542373,0.0783898305084745,0.0572033898305084,0.1101694915254237,1
NP_417284.1,140,0.1071428571428571,0.0571428571428571,0.0571428571428571,0.1214285714285714,1
NP_417285.1,243,0.0864197530864197,0.0493827160493827,0.0329218106995884,0.1193415637860082,1
NP_417286.1,366,0.081967213114754,0.0683060109289617,0.0846994535519125,0.081967213114754,1
NP_417287.1,131,0.1221374045801526,0.1068702290076335,0.0839694656488549,0.1450381679389313,1
NP_417288.1,305,0.1147540983606557,0.0459016393442622,0.0622950819672131,0.1344262295081967,1
NP_417289.2,75,0.08,0.0666666666666666,0.0533333333333333,0.04,0
NP_417290.1,401,0.14214463840399,0.0723192019950124,0.0822942643391521,0.112219451371571,1
NP_417291.1,147,0.1360544217687075,0.0816326530612244,0.0476190476190476,0.1360544217687075,1
NP_417292.1,268,0.1343283582089552,0.0895522388059701,0.1044776119402985,0.0597014925373134,1
NP_417293.1,365,0.0876712328767123,0.1123287671232876,0.0657534246575342,0.0630136986301369,1
NP_417294.4,417,0.1103117505995203,0.0647482014388489,0.0935251798561151,0.0911270983213429,1
NP_417295.1,443,0.0767494356659142,0.0767494356659142,0.0722347629796839,0.0970654627539503,1
NP_417296.1,608,0.1217105263157894,0.069078947368421,0.0542763157894736,0.1282894736842105,0
NP_417297.1,1180,0.0991525423728813,0.0542372881355932,0.0525423728813559,0.1220338983050847,0
NP_417298.1,962,0.106029106029106,0.0488565488565488,0.0634095634095634,0.0945945945945946,0
NP_417299.1,1122,0.0757575757575757,0.053475935828877,0.0472370766488413,0.1372549019607843,0
NP_417300.1,107,0.0654205607476635,0.0654205607476635,0.0747663551401869,0.102803738317757,1
NP_417301.4,135,0.0888888888888888,0.0666666666666666,0.074074074074074,0.1481481481481481,1
NP_417302.1,187,0.0748663101604278,0.0802139037433155,0.1016042780748663,0.1016042780748663,1
NP_417303.1,156,0.0705128205128205,0.0769230769230769,0.0576923076923076,0.1282051282051282,1
NP_417304.1,264,0.0492424242424242,0.0681818181818181,0.0492424242424242,0.106060606060606,1
NP_417305.1,291,0.0549828178694158,0.1065292096219931,0.0756013745704467,0.1099656357388316,1
NP_417306.1,748,0.106951871657754,0.0641711229946524,0.0668449197860962,0.1296791443850267,0
NP_417307.1,176,0.0454545454545454,0.0681818181818181,0.0909090909090909,0.0568181818181818,1
NP_417308.1,229,0.0829694323144104,0.0786026200873362,0.0611353711790393,0.148471615720524,1
NP_417309.1,237,0.1012658227848101,0.0590717299578059,0.0759493670886076,0.1645569620253164,1
NP_417310.1,72,0.0833333333333333,0.0833333333333333,0.0833333333333333,0.0416666666666666,0
NP_417311.1,346,0.0982658959537572,0.0693641618497109,0.0606936416184971,0.1156069364161849,1
NP_417312.1,397,0.1435768261964735,0.1083123425692695,0.0957178841309823,0.1435768261964735,1
NP_417313.1,719,0.0764951321279554,0.0764951321279554,0.0848400556328233,0.1084840055632823,0
NP_417314.1,343,0.1253644314868804,0.0699708454810495,0.0816326530612244,0.0932944606413994,1
NP_417315.1,420,0.0880952380952381,0.0904761904761904,0.0904761904761904,0.1047619047619047,1
NP_417316.1,311,0.090032154340836,0.0482315112540192,0.090032154340836,0.1479099678456591,1
NP_417317.1,230,0.1130434782608695,0.0913043478260869,0.0478260869565217,0.1043478260869565,1
NP_417318.1,472,0.1059322033898305,0.0826271186440678,0.0762711864406779,0.1271186440677966,1
NP_417319.1,253,0.1185770750988142,0.1027667984189723,0.067193675889328,0.0909090909090909,1
NP_417320.1,278,0.0539568345323741,0.0863309352517985,0.1043165467625899,0.0539568345323741,1
NP_417321.2,393,0.1450381679389313,0.104325699745547,0.0916030534351145,0.0966921119592875,1
NP_417322.1,409,0.0831295843520782,0.0586797066014669,0.0880195599022004,0.1246943765281173,1
NP_417323.2,210,0.0428571428571428,0.0619047619047619,0.0523809523809523,0.0809523809523809,1
NP_417324.1,269,0.0669144981412639,0.0446096654275092,0.0631970260223048,0.070631970260223,1
NP_417325.4,160,0.05625,0.04375,0.05,0.06875,1
NP_417326.2,141,0.0141843971631205,0.0,0.1063829787234042,0.0851063829787234,1
NP_417328.1,163,0.0797546012269938,0.0368098159509202,0.0184049079754601,0.0797546012269938,1
NP_417329.1,458,0.0480349344978165,0.037117903930131,0.0502183406113537,0.1179039301310043,1
NP_417330.1,72,0.0694444444444444,0.0277777777777777,0.0416666666666666,0.0277777777777777,0
NP_417337.1,301,0.0863787375415282,0.0631229235880398,0.0631229235880398,0.0930232558139534,1
NP_417338.3,121,0.1239669421487603,0.0743801652892562,0.0743801652892562,0.1074380165289256,1
NP_417341.4,251,0.0796812749003984,0.1115537848605577,0.0637450199203187,0.0756972111553784,1
NP_417342.1,752,0.1143617021276595,0.0797872340425532,0.0824468085106382,0.0811170212765957,0
NP_417343.1,292,0.1404109589041096,0.0650684931506849,0.0410958904109589,0.0958904109589041,1
NP_417344.1,159,0.0943396226415094,0.1069182389937107,0.050314465408805,0.1069182389937107,1
NP_417345.1,592,0.0625,0.0658783783783783,0.0743243243243243,0.1148648648648648,1
NP_417347.1,398,0.1030150753768844,0.0954773869346733,0.0829145728643216,0.0904522613065326,1
NP_417348.1,403,0.0694789081885856,0.0967741935483871,0.0769230769230769,0.064516129032258,1
NP_417349.4,461,0.0824295010845987,0.088937093275488,0.0607375271149674,0.0976138828633405,1
NP_417350.1,310,0.1225806451612903,0.0935483870967742,0.0870967741935483,0.0838709677419354,1
NP_417351.1,541,0.1201478743068391,0.1016635859519408,0.088724584103512,0.0942698706099815,1
NP_417352.2,256,0.08984375,0.0625,0.08203125,0.08984375,1
NP_417353.1,192,0.0729166666666666,0.0572916666666666,0.0364583333333333,0.09375,1
NP_417354.1,1032,0.0823643410852713,0.0717054263565891,0.063953488372093,0.0988372093023255,0
NP_417355.4,442,0.1085972850678733,0.0769230769230769,0.0520361990950226,0.1018099547511312,1
NP_417356.1,259,0.1274131274131274,0.0617760617760617,0.0694980694980695,0.1158301158301158,1
NP_417357.1,956,0.1077405857740585,0.0878661087866108,0.0753138075313807,0.0742677824267782,0
NP_417358.2,466,0.075107296137339,0.1180257510729613,0.0965665236051502,0.1266094420600858,1
NP_417359.1,439,0.0660592255125284,0.0706150341685649,0.0592255125284738,0.1070615034168565,1
NP_417362.4,162,0.0802469135802469,0.0555555555555555,0.0987654320987654,0.0802469135802469,1
NP_417363.2,639,0.1111111111111111,0.0845070422535211,0.0735524256651017,0.0719874804381846,0
NP_417364.2,482,0.0643153526970954,0.1037344398340249,0.0975103734439834,0.1286307053941908,1
NP_417365.1,182,0.1043956043956044,0.0494505494505494,0.0714285714285714,0.0879120879120879,1
NP_417366.1,505,0.0792079207920792,0.0693069306930693,0.0554455445544554,0.095049504950495,1
NP_417367.1,365,0.0794520547945205,0.0684931506849315,0.0602739726027397,0.0821917808219178,1
NP_417368.1,577,0.095320623916811,0.0918544194107452,0.0693240901213171,0.1351819757365684,1
NP_417369.1,236,0.1059322033898305,0.0762711864406779,0.0762711864406779,0.0805084745762711,1
NP_417370.1,298,0.087248322147651,0.046979865771812,0.0604026845637583,0.1711409395973154,1
NP_417371.1,173,0.0520231213872832,0.0924855491329479,0.0462427745664739,0.1271676300578034,1
NP_417372.1,135,0.0592592592592592,0.0518518518518518,0.0666666666666666,0.1703703703703703,1
NP_417373.1,88,0.0568181818181818,0.034090909090909,0.0227272727272727,0.0909090909090909,0
NP_417374.1,326,0.1226993865030674,0.0644171779141104,0.0613496932515337,0.1134969325153374,1
NP_417375.1,219,0.1004566210045662,0.091324200913242,0.0958904109589041,0.1735159817351598,1
NP_417376.1,103,0.0388349514563106,0.0485436893203883,0.058252427184466,0.0679611650485436,1
NP_417377.1,479,0.0542797494780793,0.0876826722338204,0.0793319415448851,0.0605427974947807,1
NP_417378.1,247,0.1295546558704453,0.1093117408906882,0.097165991902834,0.0850202429149797,1
NP_417379.1,957,0.1170323928944618,0.0741901776384535,0.0741901776384535,0.0919540229885057,0
NP_417380.1,129,0.1317829457364341,0.0620155038759689,0.0930232558139534,0.0930232558139534,1
NP_417381.1,364,0.1043956043956044,0.0934065934065934,0.0741758241758241,0.0824175824175824,1
NP_417382.1,400,0.1125,0.08,0.06,0.1275,1
NP_417383.1,392,0.135204081632653,0.0892857142857142,0.0841836734693877,0.1096938775510204,1
NP_417384.1,441,0.0793650793650793,0.0770975056689342,0.0770975056689342,0.0884353741496598,1
NP_417385.4,192,0.0729166666666666,0.0885416666666666,0.0416666666666666,0.1302083333333333,1
NP_417386.1,109,0.1009174311926605,0.018348623853211,0.036697247706422,0.1009174311926605,1
NP_417387.3,182,0.0549450549450549,0.0549450549450549,0.0934065934065934,0.1263736263736263,1
NP_417388.1,410,0.1097560975609756,0.0829268292682926,0.0682926829268292,0.1195121951219512,1
NP_417389.1,219,0.1095890410958904,0.1187214611872146,0.1095890410958904,0.0730593607305936,1
NP_417391.1,297,0.0841750841750841,0.0471380471380471,0.0707070707070707,0.1515151515151515,1
NP_417392.1,714,0.1232492997198879,0.0686274509803921,0.0700280112044818,0.0840336134453781,0
NP_417393.1,331,0.093655589123867,0.0785498489425981,0.066465256797583,0.1117824773413897,1
NP_417394.4,261,0.0766283524904214,0.0613026819923371,0.0804597701149425,0.0842911877394636,1
NP_417395.1,492,0.1016260162601626,0.0691056910569105,0.0772357723577235,0.08130081300813,1
NP_417396.4,298,0.0704697986577181,0.0402684563758389,0.0369127516778523,0.0906040268456375,1
NP_417397.1,246,0.1585365853658536,0.0447154471544715,0.0853658536585365,0.0772357723577235,1
NP_417398.1,211,0.1374407582938388,0.0900473933649289,0.0616113744075829,0.1563981042654028,1
NP_417399.1,286,0.1153846153846153,0.0769230769230769,0.1118881118881118,0.0979020979020979,1
NP_417400.1,359,0.0863509749303621,0.0863509749303621,0.0835654596100278,0.075208913649025,1
NP_417401.1,387,0.1240310077519379,0.082687338501292,0.0956072351421188,0.1033591731266149,1
NP_417402.1,339,0.1091445427728613,0.0648967551622418,0.1061946902654867,0.079646017699115,1
NP_417403.1,237,0.080168776371308,0.0464135021097046,0.0675105485232067,0.1139240506329113,1
NP_417404.1,169,0.0946745562130177,0.029585798816568,0.0532544378698224,0.1301775147928994,1
NP_417405.1,321,0.1214953271028037,0.0965732087227414,0.087227414330218,0.0996884735202492,1
NP_417408.1,462,0.1038961038961039,0.119047619047619,0.0757575757575757,0.1082251082251082,1
NP_417409.1,147,0.0952380952380952,0.0612244897959183,0.0272108843537414,0.1224489795918367,1
NP_417411.2,252,0.1388888888888889,0.0833333333333333,0.0674603174603174,0.0833333333333333,1
NP_417412.1,306,0.1078431372549019,0.0849673202614379,0.0751633986928104,0.088235294117647,1
NP_417413.1,658,0.0744680851063829,0.0775075987841945,0.0714285714285714,0.1018237082066869,0
NP_417414.2,43,0.0930232558139534,0.0232558139534883,0.0697674418604651,0.1395348837209302,0
NP_417415.1,71,0.056338028169014,0.0422535211267605,0.0985915492957746,0.0422535211267605,0
NP_417417.1,384,0.0989583333333333,0.0885416666666666,0.0755208333333333,0.0729166666666666,1
NP_417418.1,464,0.105603448275862,0.0883620689655172,0.0732758620689655,0.1293103448275862,1
NP_417419.1,165,0.0727272727272727,0.0484848484848484,0.0909090909090909,0.109090909090909,1
NP_417420.1,235,0.1106382978723404,0.0808510638297872,0.0723404255319148,0.0340425531914893,1
NP_417421.4,243,0.0781893004115226,0.0699588477366255,0.0534979423868312,0.1193415637860082,1
NP_417422.1,316,0.0696202531645569,0.0791139240506329,0.0474683544303797,0.1044303797468354,1
NP_417423.4,187,0.0802139037433155,0.0641711229946524,0.053475935828877,0.1176470588235294,1
NP_417424.1,138,0.0869565217391304,0.108695652173913,0.0579710144927536,0.0942028985507246,1
NP_417425.2,326,0.1012269938650306,0.0705521472392638,0.0644171779141104,0.1533742331288343,1
NP_417426.1,234,0.1324786324786324,0.0598290598290598,0.0512820512820512,0.094017094017094,1
NP_417427.1,188,0.0638297872340425,0.0531914893617021,0.0957446808510638,0.1914893617021276,1
NP_417428.2,96,0.0833333333333333,0.0729166666666666,0.1145833333333333,0.0833333333333333,0
NP_417429.1,197,0.116751269035533,0.0964467005076142,0.0761421319796954,0.116751269035533,1
NP_417430.1,378,0.082010582010582,0.082010582010582,0.0423280423280423,0.1216931216931216,1
NP_417431.1,335,0.0895522388059701,0.0417910447761194,0.0507462686567164,0.0746268656716417,1
NP_417432.1,348,0.1091954022988505,0.0862068965517241,0.1063218390804597,0.0747126436781609,1
NP_417433.1,239,0.0836820083682008,0.0753138075313807,0.0753138075313807,0.0920502092050209,1
NP_417434.4,108,0.0462962962962962,0.0555555555555555,0.0555555555555555,0.074074074074074,1
NP_417435.1,239,0.0627615062761506,0.0753138075313807,0.0878661087866108,0.0878661087866108,1
NP_417436.1,350,0.1,0.0685714285714285,0.0657142857142857,0.1228571428571428,1
NP_417437.1,91,0.0439560439560439,0.0549450549450549,0.0219780219780219,0.0879120879120879,0
NP_417438.2,359,0.0779944289693593,0.0696378830083565,0.0612813370473537,0.0779944289693593,1
NP_417439.4,418,0.0885167464114832,0.0717703349282296,0.0717703349282296,0.1124401913875598,1
NP_417440.4,711,0.0970464135021097,0.0689170182841068,0.0759493670886076,0.0998593530239099,0
NP_417441.1,235,0.1361702127659574,0.0851063829787234,0.0680851063829787,0.1659574468085106,1
NP_417442.1,178,0.1011235955056179,0.0449438202247191,0.0898876404494382,0.1011235955056179,1
NP_417445.1,136,0.0735294117647058,0.0661764705882353,0.0441176470588235,0.1029411764705882,1
NP_417446.4,269,0.1003717472118959,0.0817843866171003,0.070631970260223,0.1598513011152416,1
NP_417449.1,560,0.1214285714285714,0.1017857142857142,0.0892857142857142,0.1160714285714285,1
NP_417450.1,723,0.0995850622406639,0.0705394190871369,0.0636237897648686,0.0954356846473029,0
NP_417451.1,134,0.1865671641791045,0.0970149253731343,0.0970149253731343,0.0746268656716417,1
NP_417453.1,499,0.0981963927855711,0.0981963927855711,0.0821643286573146,0.1202404809619238,1
NP_417454.1,254,0.0866141732283464,0.0393700787401574,0.0748031496062992,0.1338582677165354,1
NP_417456.2,326,0.0858895705521472,0.0490797546012269,0.0368098159509202,0.0981595092024539,1
NP_417458.1,252,0.0793650793650793,0.0714285714285714,0.0674603174603174,0.1031746031746031,1
NP_417459.1,237,0.0928270042194092,0.0759493670886076,0.0464135021097046,0.1181434599156118,1
NP_417460.1,230,0.1,0.0739130434782608,0.0913043478260869,0.0956521739130434,1
NP_417461.1,499,0.1102204408817635,0.0901803607214428,0.0761523046092184,0.12625250501002,1
NP_417462.1,619,0.0662358642972536,0.0775444264943457,0.0630048465266559,0.1001615508885298,0
NP_417463.4,288,0.0868055555555555,0.09375,0.0625,0.0902777777777777,1
NP_417464.1,82,0.1097560975609756,0.0853658536585365,0.1097560975609756,0.0975609756097561,0
NP_417465.1,113,0.079646017699115,0.0442477876106194,0.1238938053097345,0.0707964601769911,1
NP_417466.1,162,0.0617283950617283,0.074074074074074,0.0617283950617283,0.1049382716049382,1
NP_417467.1,164,0.0975609756097561,0.0792682926829268,0.0792682926829268,0.1402439024390244,1
NP_417468.1,567,0.0811287477954144,0.074074074074074,0.0899470899470899,0.0793650793650793,1
NP_417469.1,392,0.0739795918367346,0.0892857142857142,0.0765306122448979,0.1581632653061224,1
NP_417470.1,328,0.0609756097560975,0.0914634146341463,0.073170731707317,0.0914634146341463,1
NP_417471.1,372,0.1021505376344086,0.1182795698924731,0.0779569892473118,0.0698924731182795,1
NP_417472.1,95,0.0842105263157894,0.0947368421052631,0.0421052631578947,0.0842105263157894,0
NP_417474.1,346,0.0809248554913294,0.0809248554913294,0.0375722543352601,0.1416184971098266,1
NP_417475.1,164,0.0792682926829268,0.0365853658536585,0.0975609756097561,0.1707317073170731,1
NP_417476.1,294,0.1224489795918367,0.0918367346938775,0.064625850340136,0.0816326530612244,1
NP_417478.1,141,0.0851063829787234,0.0425531914893617,0.0921985815602836,0.0992907801418439,1
NP_417479.1,244,0.1352459016393442,0.0860655737704918,0.0860655737704918,0.1147540983606557,1
NP_417481.1,395,0.1088607594936708,0.0759493670886076,0.0734177215189873,0.1012658227848101,1
NP_417482.1,219,0.1187214611872146,0.0730593607305936,0.0684931506849315,0.1689497716894977,1
NP_417483.2,318,0.0849056603773584,0.0534591194968553,0.050314465408805,0.1257861635220125,1
NP_417484.1,387,0.1085271317829457,0.0878552971576227,0.0775193798449612,0.1033591731266149,1
NP_417485.4,275,0.069090909090909,0.0727272727272727,0.069090909090909,0.1054545454545454,1
NP_417487.1,85,0.1411764705882353,0.0235294117647058,0.0705882352941176,0.1176470588235294,0
NP_417489.1,470,0.0638297872340425,0.0914893617021276,0.0872340425531914,0.0978723404255319,1
NP_417490.1,245,0.0775510204081632,0.0693877551020408,0.0816326530612244,0.0857142857142857,1
NP_417491.1,752,0.0864361702127659,0.0678191489361702,0.0611702127659574,0.1143617021276595,0
NP_417492.1,535,0.102803738317757,0.0467289719626168,0.0691588785046729,0.108411214953271,1
NP_417493.1,131,0.0687022900763358,0.0687022900763358,0.0839694656488549,0.0687022900763358,1
NP_417494.1,98,0.0306122448979591,0.0510204081632653,0.1020408163265306,0.1020408163265306,0
NP_417496.1,130,0.0846153846153846,0.0846153846153846,0.123076923076923,0.0307692307692307,1
NP_417497.1,219,0.0776255707762557,0.091324200913242,0.0547945205479452,0.1506849315068493,1
NP_417498.1,449,0.0846325167037861,0.0579064587973273,0.0734966592427616,0.1447661469933185,1
NP_417499.1,110,0.0454545454545454,0.0545454545454545,0.0363636363636363,0.1454545454545454,1
NP_417500.1,193,0.0621761658031088,0.0932642487046632,0.082901554404145,0.0725388601036269,1
NP_417501.1,104,0.1057692307692307,0.0576923076923076,0.0865384615384615,0.0673076923076923,1
NP_417502.1,630,0.0793650793650793,0.0761904761904762,0.0825396825396825,0.1063492063492063,0
NP_417503.1,193,0.0673575129533678,0.0725388601036269,0.0673575129533678,0.1398963730569948,1
NP_417504.1,275,0.0981818181818181,0.0581818181818181,0.0436363636363636,0.1454545454545454,1
NP_417505.1,140,0.0857142857142857,0.0142857142857142,0.0571428571428571,0.0857142857142857,1
NP_417506.1,209,0.0909090909090909,0.062200956937799,0.0909090909090909,0.0909090909090909,1
NP_417507.2,493,0.1156186612576064,0.0486815415821501,0.0567951318458417,0.1075050709939148,1
NP_417509.3,223,0.1569506726457399,0.0986547085201793,0.0358744394618834,0.0358744394618834,1
NP_417510.1,386,0.0595854922279792,0.0544041450777202,0.044041450777202,0.1062176165803108,1
NP_417511.3,271,0.070110701107011,0.084870848708487,0.07380073800738,0.1070110701107011,1
NP_417512.1,257,0.1322957198443579,0.1167315175097276,0.0661478599221789,0.1634241245136186,1
NP_417513.1,217,0.1198156682027649,0.0875576036866359,0.0691244239631336,0.0829493087557603,1
NP_417514.4,96,0.03125,0.0208333333333333,0.0520833333333333,0.125,0
NP_417515.1,183,0.081967213114754,0.087431693989071,0.081967213114754,0.0765027322404371,1
NP_417516.3,121,0.1239669421487603,0.0743801652892562,0.0743801652892562,0.1074380165289256,1
NP_417517.1,301,0.0863787375415282,0.0631229235880398,0.0631229235880398,0.0930232558139534,1
NP_417519.4,249,0.0441767068273092,0.0481927710843373,0.0682730923694779,0.0682730923694779,1
NP_417520.1,354,0.0734463276836158,0.0819209039548022,0.0762711864406779,0.0706214689265536,1
NP_417521.1,66,0.106060606060606,0.0303030303030303,0.0303030303030303,0.0909090909090909,0
NP_417522.1,209,0.0765550239234449,0.0765550239234449,0.0478468899521531,0.1578947368421052,1
NP_417523.1,553,0.1410488245931284,0.0433996383363472,0.077757685352622,0.081374321880651,1
NP_417524.1,477,0.1069182389937107,0.090146750524109,0.1069182389937107,0.1027253668763102,1
NP_417525.1,946,0.0930232558139534,0.0528541226215644,0.0539112050739957,0.1342494714587737,0
NP_417526.1,433,0.115473441108545,0.0646651270207852,0.0600461893764434,0.1293302540415704,1
NP_417527.1,206,0.0631067961165048,0.0631067961165048,0.0776699029126213,0.1359223300970873,1
NP_417528.1,412,0.0946601941747572,0.0679611650485436,0.0776699029126213,0.1116504854368932,1
NP_417529.1,273,0.0915750915750915,0.0989010989010989,0.0842490842490842,0.1355311355311355,1
NP_417530.2,122,0.1229508196721311,0.040983606557377,0.1229508196721311,0.0737704918032786,1
NP_417531.1,205,0.0975609756097561,0.1170731707317073,0.0682926829268292,0.1219512195121951,1
NP_417532.1,310,0.0677419354838709,0.0580645161290322,0.064516129032258,0.1225806451612903,1
NP_417533.1,303,0.0858085808580858,0.0825082508250825,0.0924092409240924,0.0858085808580858,1
NP_417534.1,201,0.0497512437810945,0.0796019900497512,0.0945273631840796,0.0796019900497512,1
NP_417535.1,487,0.1067761806981519,0.0841889117043121,0.0780287474332648,0.1540041067761807,1
NP_417536.1,337,0.1335311572700296,0.1008902077151335,0.0712166172106825,0.1068249258160237,1
NP_417537.1,71,0.1267605633802817,0.0140845070422535,0.0845070422535211,0.056338028169014,0
NP_417538.1,581,0.0740103270223752,0.0740103270223752,0.0481927710843373,0.1290877796901893,1
NP_417539.1,613,0.0799347471451876,0.0391517128874388,0.0554649265905383,0.0880913539967373,0
NP_417540.1,168,0.0833333333333333,0.0952380952380952,0.0773809523809523,0.1071428571428571,1
NP_417541.1,254,0.0944881889763779,0.0669291338582677,0.0787401574803149,0.0866141732283464,1
NP_417542.1,207,0.0579710144927536,0.1062801932367149,0.0338164251207729,0.0772946859903381,1
NP_417543.1,506,0.1245059288537549,0.0553359683794466,0.0909090909090909,0.0909090909090909,1
NP_417544.5,459,0.1176470588235294,0.0849673202614379,0.0631808278867102,0.1154684095860566,1
NP_417545.1,110,0.0636363636363636,0.0545454545454545,0.1454545454545454,0.1,1
NP_417546.1,327,0.0856269113149847,0.073394495412844,0.0611620795107033,0.0948012232415902,1
NP_417548.1,149,0.0536912751677852,0.0604026845637583,0.087248322147651,0.046979865771812,1
NP_417550.1,356,0.0814606741573033,0.1151685393258427,0.0252808988764044,0.0730337078651685,1
NP_417551.1,783,0.090676883780332,0.0753512132822477,0.057471264367816,0.0791826309067688,0
NP_417552.1,672,0.1011904761904761,0.0982142857142857,0.0714285714285714,0.0907738095238095,0
NP_417553.1,138,0.1304347826086956,0.0579710144927536,0.0434782608695652,0.144927536231884,1
NP_417554.1,104,0.0769230769230769,0.048076923076923,0.0865384615384615,0.0769230769230769,1
NP_417555.4,378,0.0873015873015873,0.0529100529100529,0.0661375661375661,0.1216931216931216,1
NP_417556.2,167,0.0658682634730539,0.0419161676646706,0.0658682634730539,0.1377245508982036,1
NP_417557.1,230,0.1217391304347826,0.0739130434782608,0.0695652173913043,0.108695652173913,1
NP_417558.2,328,0.1067073170731707,0.0457317073170731,0.0853658536585365,0.1006097560975609,1
NP_417560.1,414,0.1183574879227053,0.0797101449275362,0.1014492753623188,0.1594202898550724,1
NP_417561.1,183,0.0710382513661202,0.0983606557377049,0.0765027322404371,0.0983606557377049,1
NP_417562.1,495,0.0909090909090909,0.0949494949494949,0.0727272727272727,0.0909090909090909,1
NP_417563.1,470,0.0829787234042553,0.0638297872340425,0.0382978723404255,0.1042553191489361,1
NP_417564.2,432,0.1412037037037037,0.0902777777777777,0.0787037037037037,0.1087962962962963,1
NP_417565.2,258,0.1007751937984496,0.0310077519379844,0.0620155038759689,0.0813953488372093,1
NP_417566.1,220,0.0727272727272727,0.0909090909090909,0.0727272727272727,0.2181818181818181,1
NP_417567.1,127,0.1023622047244094,0.0551181102362204,0.0393700787401574,0.1259842519685039,1
NP_417568.2,122,0.1475409836065573,0.0245901639344262,0.0245901639344262,0.0983606557377049,1
NP_417569.1,101,0.1089108910891089,0.0792079207920792,0.0693069306930693,0.1089108910891089,1
NP_417570.1,134,0.0820895522388059,0.0597014925373134,0.0746268656716417,0.1940298507462686,1
NP_417571.1,99,0.0707070707070707,0.0505050505050505,0.0606060606060606,0.1313131313131313,0
NP_417572.2,130,0.0846153846153846,0.1307692307692307,0.0461538461538461,0.1692307692307692,1
NP_417573.1,328,0.0701219512195122,0.0823170731707317,0.0548780487804878,0.0853658536585365,1
NP_417574.1,121,0.0495867768595041,0.0991735537190082,0.0578512396694214,0.1322314049586777,1
NP_417575.1,118,0.0677966101694915,0.0847457627118644,0.0677966101694915,0.1694915254237288,1
NP_417576.1,298,0.1174496644295302,0.046979865771812,0.0738255033557047,0.1140939597315436,1
NP_417577.1,233,0.1030042918454935,0.0729613733905579,0.0429184549356223,0.1373390557939914,1
NP_417578.2,54,0.1851851851851851,0.0185185185185185,0.074074074074074,0.074074074074074,0
NP_417583.4,129,0.1007751937984496,0.0620155038759689,0.1162790697674418,0.0542635658914728,1
NP_417585.2,402,0.0970149253731343,0.0920398009950248,0.0746268656716417,0.099502487562189,1
NP_417586.1,443,0.0790067720090293,0.0744920993227991,0.0744920993227991,0.1309255079006772,1
NP_417587.1,329,0.0851063829787234,0.1003039513677811,0.0881458966565349,0.0638297872340425,1
NP_417588.1,312,0.0576923076923076,0.0576923076923076,0.0929487179487179,0.1025641025641025,1
NP_417589.4,72,0.0277777777777777,0.0,0.0277777777777777,0.0694444444444444,0
NP_417590.2,179,0.0502793296089385,0.0279329608938547,0.0614525139664804,0.0446927374301676,1
NP_417591.1,395,0.030379746835443,0.0329113924050632,0.0379746835443038,0.1037974683544303,1
NP_417593.4,381,0.1286089238845144,0.1312335958005249,0.0813648293963254,0.0734908136482939,1
NP_417594.3,294,0.1530612244897959,0.0986394557823129,0.0816326530612244,0.0952380952380952,1
NP_417595.1,256,0.12890625,0.078125,0.08984375,0.078125,1
NP_417596.1,444,0.09009009009009,0.09009009009009,0.0833333333333333,0.1261261261261261,1
NP_417597.1,523,0.0841300191204589,0.0936902485659655,0.1013384321223709,0.0860420650095602,1
NP_417598.1,111,0.072072072072072,0.072072072072072,0.054054054054054,0.072072072072072,1
NP_417599.1,154,0.0714285714285714,0.0649350649350649,0.0649350649350649,0.0714285714285714,1
NP_417600.1,269,0.0817843866171003,0.0743494423791821,0.0855018587360594,0.0892193308550185,1
NP_417601.1,426,0.1220657276995305,0.0539906103286385,0.0610328638497652,0.1056338028169014,1
NP_417602.4,157,0.1019108280254777,0.0764331210191082,0.1401273885350318,0.0955414012738853,1
NP_417605.1,384,0.1223958333333333,0.0598958333333333,0.0572916666666666,0.0989583333333333,1
NP_417606.1,286,0.1118881118881118,0.0594405594405594,0.1013986013986013,0.0769230769230769,1
NP_417607.1,158,0.0316455696202531,0.0822784810126582,0.1139240506329113,0.0696202531645569,1
NP_417608.1,267,0.1348314606741573,0.0898876404494382,0.0711610486891385,0.1385767790262172,1
NP_417609.1,263,0.0760456273764258,0.0874524714828897,0.0722433460076045,0.1216730038022813,1
NP_417610.1,251,0.0677290836653386,0.0717131474103585,0.0637450199203187,0.1513944223107569,1
NP_417611.1,194,0.1082474226804123,0.0876288659793814,0.0824742268041237,0.0618556701030927,1
NP_417612.1,231,0.0952380952380952,0.0606060606060606,0.0562770562770562,0.0995670995670995,1
NP_417613.1,838,0.0632458233890214,0.0799522673031026,0.0441527446300716,0.0799522673031026,0
NP_417614.1,363,0.0578512396694214,0.1046831955922865,0.09366391184573,0.0606060606060606,1
NP_417615.1,286,0.1328671328671328,0.0664335664335664,0.0559440559440559,0.1433566433566433,1
NP_417616.1,678,0.1297935103244837,0.0678466076696165,0.0589970501474926,0.0973451327433628,0
NP_417617.1,131,0.1068702290076335,0.0839694656488549,0.0687022900763358,0.0687022900763358,1
NP_417618.1,196,0.1377551020408163,0.0561224489795918,0.0612244897959183,0.1020408163265306,1
NP_417619.1,191,0.1308900523560209,0.0785340314136125,0.1204188481675392,0.0837696335078534,1
NP_417620.1,346,0.1473988439306358,0.0867052023121387,0.0953757225433526,0.1358381502890173,1
NP_417621.2,211,0.1042654028436018,0.0710900473933649,0.0663507109004739,0.1137440758293838,1
NP_417622.2,172,0.0872093023255814,0.0697674418604651,0.0872093023255814,0.0755813953488372,1
NP_417623.1,147,0.1088435374149659,0.0680272108843537,0.0680272108843537,0.0816326530612244,1
NP_417624.1,100,0.09,0.08,0.05,0.13,1
NP_417625.1,167,0.1017964071856287,0.0958083832335329,0.0898203592814371,0.1257485029940119,1
NP_417626.1,174,0.0747126436781609,0.0459770114942528,0.0862068965517241,0.1551724137931034,1
NP_417627.1,331,0.120845921450151,0.0574018126888217,0.066465256797583,0.0996978851963746,1
NP_417628.2,292,0.0890410958904109,0.071917808219178,0.0753424657534246,0.1301369863013698,1
NP_417629.1,335,0.1044776119402985,0.0716417910447761,0.044776119402985,0.1194029850746268,1
NP_417630.1,414,0.108695652173913,0.0990338164251207,0.0845410628019323,0.1473429951690821,1
NP_417631.2,629,0.0826709062003179,0.095389507154213,0.0524642289348171,0.1065182829888712,0
NP_417632.1,294,0.1054421768707483,0.0442176870748299,0.0408163265306122,0.1598639455782313,1
NP_417633.4,711,0.1026722925457102,0.0886075949367088,0.0984528832630098,0.0717299578059071,0
NP_417634.1,89,0.0786516853932584,0.0561797752808988,0.0561797752808988,0.1348314606741573,0
NP_417635.1,314,0.0764331210191082,0.0796178343949044,0.0668789808917197,0.1114649681528662,1
NP_417636.1,133,0.075187969924812,0.0526315789473684,0.0902255639097744,0.0902255639097744,1
NP_417637.1,890,0.1224719101123595,0.0764044943820224,0.0932584269662921,0.0606741573033707,0
NP_417638.1,495,0.1171717171717171,0.0565656565656565,0.0909090909090909,0.0868686868686868,1
NP_417639.6,150,0.0733333333333333,0.06,0.1266666666666666,0.0866666666666666,1
NP_417640.1,447,0.0782997762863534,0.0961968680089485,0.046979865771812,0.0961968680089485,1
NP_417641.4,541,0.0831792975970425,0.0480591497227356,0.0794824399260628,0.1072088724584103,1
NP_417642.1,110,0.1272727272727272,0.109090909090909,0.0454545454545454,0.1181818181818181,1
NP_417643.1,445,0.1235955056179775,0.1078651685393258,0.0808988764044943,0.0876404494382022,1
NP_417644.4,282,0.1063829787234042,0.0744680851063829,0.0851063829787234,0.0921985815602836,1
NP_417645.1,644,0.0916149068322981,0.0900621118012422,0.077639751552795,0.0791925465838509,0
NP_417646.1,209,0.0669856459330143,0.0861244019138756,0.1052631578947368,0.0813397129186602,1
NP_417647.1,97,0.0618556701030927,0.0618556701030927,0.0927835051546391,0.1443298969072164,0
NP_417648.4,158,0.0886075949367088,0.0696202531645569,0.0886075949367088,0.0696202531645569,1
NP_417649.1,477,0.1132075471698113,0.0775681341719077,0.0691823899371069,0.0922431865828092,1
NP_417650.1,390,0.0717948717948717,0.1051282051282051,0.0743589743589743,0.082051282051282,1
NP_417651.1,321,0.1121495327102803,0.0809968847352024,0.087227414330218,0.1588785046728972,1
NP_417652.1,85,0.1058823529411764,0.1529411764705882,0.0705882352941176,0.0352941176470588,0
NP_417653.1,103,0.0679611650485436,0.116504854368932,0.1359223300970873,0.029126213592233,1
NP_417654.1,323,0.1269349845201238,0.0804953560371517,0.0650154798761609,0.1114551083591331,1
NP_417655.1,92,0.0869565217391304,0.0543478260869565,0.0108695652173913,0.0652173913043478,0
NP_417656.1,419,0.1121718377088305,0.0954653937947494,0.0930787589498806,0.0906921241050119,1
NP_417657.2,84,0.0833333333333333,0.0714285714285714,0.0952380952380952,0.0714285714285714,0
NP_417658.4,97,0.0618556701030927,0.0721649484536082,0.0824742268041237,0.1958762886597938,0
NP_417659.1,211,0.1090047393364928,0.0521327014218009,0.0473933649289099,0.0947867298578199,1
NP_417660.1,183,0.087431693989071,0.0928961748633879,0.0655737704918032,0.1147540983606557,1
NP_417661.1,260,0.0961538461538461,0.1,0.1115384615384615,0.1576923076923077,1
NP_417662.1,269,0.1003717472118959,0.0817843866171003,0.0780669144981412,0.1115241635687732,1
NP_417663.1,325,0.1015384615384615,0.083076923076923,0.1015384615384615,0.1846153846153846,1
NP_417664.1,328,0.0975609756097561,0.0914634146341463,0.0945121951219512,0.1097560975609756,1
NP_417665.1,188,0.1223404255319148,0.0957446808510638,0.0851063829787234,0.1276595744680851,1
NP_417666.1,191,0.06282722513089,0.031413612565445,0.0994764397905759,0.094240837696335,1
NP_417667.1,185,0.0648648648648648,0.0864864864864864,0.0972972972972973,0.0702702702702702,1
NP_417668.1,241,0.0829875518672199,0.0788381742738589,0.0788381742738589,0.1120331950207468,1
NP_417669.1,477,0.0649895178197065,0.0377358490566037,0.0545073375262054,0.1236897274633123,1
NP_417670.1,95,0.0947368421052631,0.0526315789473684,0.0842105263157894,0.0947368421052631,0
NP_417671.1,163,0.0920245398773006,0.0429447852760736,0.0613496932515337,0.1288343558282208,1
NP_417672.1,284,0.0633802816901408,0.0422535211267605,0.0633802816901408,0.130281690140845,1
NP_417673.1,90,0.1333333333333333,0.0666666666666666,0.0666666666666666,0.1111111111111111,0
NP_417674.1,210,0.0619047619047619,0.0571428571428571,0.0380952380952381,0.1047619047619047,1
NP_417675.1,242,0.1033057851239669,0.0702479338842975,0.0909090909090909,0.0991735537190082,1
NP_417676.2,217,0.1382488479262673,0.0737327188940092,0.0829493087557603,0.1013824884792626,1
NP_417678.1,309,0.0809061488673139,0.0906148867313915,0.0679611650485436,0.1132686084142394,1
NP_417679.2,1486,0.0955585464333782,0.0901749663526245,0.0659488559892328,0.0995962314939434,0
NP_417680.1,472,0.0805084745762711,0.1038135593220339,0.086864406779661,0.0614406779661017,1
NP_417681.1,254,0.1181102362204724,0.0866141732283464,0.0590551181102362,0.0748031496062992,1
NP_417682.1,224,0.0401785714285714,0.0401785714285714,0.0803571428571428,0.09375,1
NP_417683.1,793,0.0718789407313997,0.0832282471626734,0.0605296343001261,0.0769230769230769,0
NP_417685.2,326,0.0858895705521472,0.0490797546012269,0.0368098159509202,0.0981595092024539,1
NP_417686.1,238,0.1050420168067226,0.0966386554621848,0.0756302521008403,0.0672268907563025,1
NP_417687.1,375,0.0826666666666666,0.0533333333333333,0.0453333333333333,0.1253333333333333,1
NP_417688.1,154,0.0909090909090909,0.0779220779220779,0.0649350649350649,0.0974025974025974,1
NP_417689.4,291,0.1683848797250859,0.1237113402061855,0.0549828178694158,0.1305841924398625,1
NP_417690.1,229,0.1572052401746725,0.0698689956331877,0.0786026200873362,0.0917030567685589,1
NP_417691.4,496,0.125,0.1068548387096774,0.0786290322580645,0.1310483870967742,1
NP_417692.1,297,0.0875420875420875,0.0909090909090909,0.0808080808080808,0.1144781144781144,1
NP_417693.3,263,0.1140684410646387,0.0494296577946768,0.0494296577946768,0.0988593155893536,1
NP_417694.1,455,0.1054945054945055,0.0813186813186813,0.1142857142857142,0.1076923076923077,1
NP_417695.1,165,0.0969696969696969,0.0606060606060606,0.0909090909090909,0.0909090909090909,1
NP_417696.1,212,0.070754716981132,0.0471698113207547,0.0613207547169811,0.1179245283018868,1
NP_417697.1,130,0.0769230769230769,0.1,0.0769230769230769,0.0692307692307692,1
NP_417698.1,142,0.0985915492957746,0.0845070422535211,0.0845070422535211,0.0633802816901408,1
NP_417699.1,375,0.072,0.056,0.064,0.128,1
NP_417700.2,132,0.1212121212121212,0.053030303030303,0.0378787878787878,0.1212121212121212,1
NP_417701.1,455,0.1076923076923077,0.112087912087912,0.0659340659340659,0.112087912087912,1
NP_417702.1,355,0.0816901408450704,0.104225352112676,0.0845070422535211,0.0985915492957746,1
NP_417703.1,312,0.1121794871794871,0.1153846153846153,0.1089743589743589,0.1057692307692307,1
NP_417704.1,156,0.1025641025641025,0.0641025641025641,0.0705128205128205,0.1217948717948717,1
NP_417705.2,87,0.1839080459770115,0.057471264367816,0.0689655172413793,0.057471264367816,0
NP_417706.1,90,0.0333333333333333,0.0444444444444444,0.0555555555555555,0.1444444444444444,0
NP_417707.1,655,0.0961832061068702,0.0564885496183206,0.0702290076335877,0.1236641221374045,0
NP_417708.1,310,0.1096774193548387,0.0516129032258064,0.1032258064516129,0.0806451612903225,1
NP_417709.2,67,0.044776119402985,0.0298507462686567,0.1194029850746268,0.1940298507462686,0
NP_417710.1,309,0.0679611650485436,0.0679611650485436,0.087378640776699,0.116504854368932,1
NP_417711.1,481,0.0831600831600831,0.1226611226611226,0.0977130977130977,0.1018711018711018,1
NP_417713.2,489,0.0756646216768916,0.0633946830265848,0.0920245398773006,0.0858895705521472,1
NP_417714.1,197,0.1065989847715736,0.0812182741116751,0.0913705583756345,0.116751269035533,1
NP_417715.1,162,0.0679012345679012,0.0432098765432098,0.1358024691358024,0.1790123456790123,1
NP_417716.1,367,0.1008174386920981,0.0735694822888283,0.0871934604904632,0.1144414168937329,1
NP_417717.2,347,0.0951008645533141,0.1123919308357348,0.100864553314121,0.0806916426512968,1
NP_417718.1,646,0.0619195046439628,0.0634674922600619,0.0681114551083591,0.1284829721362229,0
NP_417719.1,324,0.1111111111111111,0.1049382716049382,0.095679012345679,0.0987654320987654,1
NP_417721.1,156,0.1346153846153846,0.0512820512820512,0.0961538461538461,0.0384615384615384,1
NP_417722.1,449,0.1002227171492204,0.0957683741648107,0.066815144766147,0.0623608017817371,1
NP_417723.1,80,0.1375,0.0625,0.0625,0.15,0
NP_417724.4,483,0.113871635610766,0.0910973084886128,0.093167701863354,0.1635610766045548,1
NP_417725.1,293,0.098976109215017,0.0819112627986348,0.0614334470989761,0.1194539249146757,1
NP_417726.1,321,0.1152647975077881,0.0623052959501557,0.0623052959501557,0.0841121495327102,1
NP_417727.1,98,0.0510204081632653,0.0510204081632653,0.1020408163265306,0.1224489795918367,0
NP_417728.4,294,0.0714285714285714,0.0612244897959183,0.0510204081632653,0.0782312925170068,1
NP_417729.1,59,0.0338983050847457,0.0,0.1016949152542373,0.1525423728813559,0
NP_417730.1,220,0.0909090909090909,0.0454545454545454,0.0545454545454545,0.1181818181818181,1
NP_417731.1,385,0.1142857142857142,0.0675324675324675,0.0961038961038961,0.0727272727272727,1
NP_417732.1,1034,0.104448742746615,0.0802707930367504,0.097678916827853,0.1102514506769826,0
NP_417733.1,73,0.1643835616438356,0.1095890410958904,0.0684931506849315,0.1095890410958904,0
NP_417736.2,367,0.0844686648501362,0.0762942779291553,0.0735694822888283,0.1362397820163488,1
NP_417737.1,252,0.0674603174603174,0.0595238095238095,0.0833333333333333,0.0833333333333333,1
NP_417738.4,184,0.0326086956521739,0.108695652173913,0.1141304347826086,0.092391304347826,1
NP_417739.1,85,0.0705882352941176,0.0470588235294117,0.0352941176470588,0.0823529411764705,0
NP_417740.1,272,0.1102941176470588,0.0919117647058823,0.0477941176470588,0.1286764705882352,1
NP_417741.1,190,0.1,0.0684210526315789,0.0947368421052631,0.1,1
NP_417743.1,157,0.0636942675159235,0.0318471337579617,0.0509554140127388,0.1719745222929936,1
NP_417745.1,169,0.0710059171597633,0.0473372781065088,0.0828402366863905,0.1183431952662721,1
NP_417746.1,315,0.1015873015873015,0.0793650793650793,0.0761904761904762,0.1238095238095238,1
NP_417747.1,429,0.0932400932400932,0.0629370629370629,0.0536130536130536,0.1235431235431235,1
NP_417748.1,458,0.1004366812227074,0.0698689956331877,0.1004366812227074,0.0851528384279476,1
NP_417749.1,136,0.1102941176470588,0.0661764705882353,0.0955882352941176,0.0955882352941176,1
NP_417751.1,141,0.0638297872340425,0.0638297872340425,0.0425531914893617,0.0992907801418439,1
NP_417752.1,122,0.081967213114754,0.0655737704918032,0.0163934426229508,0.180327868852459,1
NP_417753.1,127,0.1338582677165354,0.0551181102362204,0.0472440944881889,0.0866141732283464,1
NP_417754.1,329,0.0699088145896656,0.060790273556231,0.0911854103343465,0.1155015197568389,1
NP_417755.1,206,0.087378640776699,0.0728155339805825,0.0776699029126213,0.1019417475728155,1
NP_417756.1,129,0.1317829457364341,0.1007751937984496,0.0775193798449612,0.0232558139534883,1
NP_417757.1,118,0.0932203389830508,0.0932203389830508,0.059322033898305,0.0762711864406779,1
NP_417758.1,38,0.0526315789473684,0.0526315789473684,0.131578947368421,0.0263157894736842,0
NP_417759.1,443,0.09255079006772,0.0970654627539503,0.0790067720090293,0.1083521444695259,1
NP_417760.1,144,0.1041666666666666,0.1805555555555555,0.0625,0.0833333333333333,1
NP_417761.1,59,0.0847457627118644,0.0847457627118644,0.0677966101694915,0.0847457627118644,0
NP_417762.1,167,0.1197604790419161,0.1257485029940119,0.1137724550898203,0.0538922155688622,1
NP_417763.1,117,0.188034188034188,0.0683760683760683,0.0854700854700854,0.0683760683760683,1
NP_417764.1,177,0.1129943502824858,0.1073446327683615,0.1242937853107344,0.0677966101694915,1
NP_417765.1,130,0.1076923076923077,0.0846153846153846,0.0923076923076923,0.0769230769230769,1
NP_417766.1,101,0.1188118811881188,0.0495049504950495,0.0495049504950495,0.0792079207920792,1
NP_417767.1,179,0.0893854748603352,0.0726256983240223,0.0670391061452514,0.0726256983240223,1
NP_417768.1,104,0.0865384615384615,0.0961538461538461,0.125,0.0384615384615384,1
NP_417769.1,123,0.056910569105691,0.0975609756097561,0.1138211382113821,0.065040650406504,1
NP_417770.1,84,0.0238095238095238,0.0476190476190476,0.1428571428571428,0.0595238095238095,0
NP_417771.1,63,0.0952380952380952,0.0317460317460317,0.0634920634920634,0.1904761904761904,0
NP_417772.1,136,0.1029411764705882,0.0955882352941176,0.0808823529411764,0.0735294117647058,1
NP_417773.1,233,0.1030042918454935,0.0815450643776824,0.0944206008583691,0.055793991416309,1
NP_417774.1,110,0.1181818181818181,0.0363636363636363,0.1,0.0727272727272727,1
NP_417775.1,92,0.0652173913043478,0.0760869565217391,0.0760869565217391,0.0760869565217391,0
NP_417776.1,273,0.0769230769230769,0.1245421245421245,0.0952380952380952,0.0549450549450549,1
NP_417777.1,100,0.1,0.06,0.14,0.08,1
NP_417778.1,201,0.1144278606965174,0.0646766169154228,0.1044776119402985,0.0945273631840796,1
NP_417779.1,209,0.0909090909090909,0.124401913875598,0.1339712918660287,0.0526315789473684,1
NP_417780.1,103,0.087378640776699,0.0388349514563106,0.087378640776699,0.0970873786407767,1
NP_417781.1,139,0.079136690647482,0.0503597122302158,0.1007194244604316,0.079136690647482,1
NP_417782.1,489,0.0756646216768916,0.0593047034764826,0.0777096114519427,0.130879345603272,1
NP_417783.1,271,0.066420664206642,0.059040590405904,0.055350553505535,0.1070110701107011,1
NP_417784.4,650,0.0769230769230769,0.0707692307692307,0.0923076923076923,0.1,0
NP_417785.1,493,0.0851926977687626,0.0567951318458417,0.0649087221095334,0.1156186612576064,1
NP_417786.1,398,0.0778894472361809,0.0527638190954773,0.0603015075376884,0.1708542713567839,1
NP_417787.1,145,0.0827586206896551,0.0827586206896551,0.0758620689655172,0.1172413793103448,1
NP_417788.1,169,0.1124260355029585,0.0532544378698224,0.0650887573964497,0.1183431952662721,1
NP_417789.4,125,0.056,0.064,0.024,0.112,1
NP_417790.1,195,0.082051282051282,0.0358974358974358,0.0461538461538461,0.1435897435897435,1
NP_417791.1,327,0.0825688073394495,0.0305810397553516,0.0428134556574923,0.1314984709480122,1
NP_417792.2,387,0.0671834625322997,0.0335917312661498,0.0594315245478036,0.1369509043927648,1
NP_417793.2,153,0.0849673202614379,0.0457516339869281,0.0522875816993464,0.1176470588235294,1
NP_417794.1,225,0.1111111111111111,0.0844444444444444,0.0755555555555555,0.1777777777777777,1
NP_417795.1,158,0.050632911392405,0.0696202531645569,0.0379746835443038,0.1518987341772152,1
NP_417796.1,64,0.0625,0.046875,0.078125,0.0625,0
NP_417797.1,897,0.1103678929765886,0.0758082497212932,0.0735785953177257,0.0468227424749163,0
NP_417798.1,394,0.0685279187817258,0.1040609137055837,0.0939086294416243,0.0710659898477157,1
NP_417799.1,704,0.0951704545454545,0.0838068181818181,0.0852272727272727,0.0610795454545454,0
NP_417800.1,179,0.1229050279329608,0.0558659217877094,0.0893854748603352,0.0893854748603352,1
NP_417801.1,124,0.0725806451612903,0.0887096774193548,0.1209677419354838,0.064516129032258,1
NP_417802.1,95,0.0842105263157894,0.0526315789473684,0.0526315789473684,0.1894736842105263,0
NP_417803.1,119,0.1512605042016806,0.0588235294117647,0.0672268907563025,0.1428571428571428,1
NP_417804.1,128,0.15625,0.0859375,0.0859375,0.109375,1
NP_417805.4,240,0.0541666666666666,0.05,0.0708333333333333,0.1041666666666666,1
NP_417806.1,270,0.1444444444444444,0.074074074074074,0.0629629629629629,0.0814814814814814,1
NP_417807.1,72,0.1111111111111111,0.0,0.0277777777777777,0.1527777777777778,0
NP_417808.1,196,0.0714285714285714,0.1479591836734693,0.1275510204081632,0.0714285714285714,1
NP_417809.1,601,0.0981697171381031,0.086522462562396,0.0881863560732113,0.1613976705490848,0
NP_417810.1,184,0.1032608695652173,0.0543478260869565,0.0543478260869565,0.1195652173913043,1
NP_417811.1,637,0.0941915227629513,0.06436420722135,0.0392464678178963,0.1397174254317111,0
NP_417812.1,340,0.0941176470588235,0.0676470588235294,0.0470588235294117,0.1088235294117647,1
NP_417813.1,72,0.0277777777777777,0.0416666666666666,0.0833333333333333,0.125,0
NP_417814.1,289,0.0622837370242214,0.0795847750865051,0.0830449826989619,0.0865051903114186,1
NP_417815.1,134,0.1194029850746268,0.0671641791044776,0.1119402985074626,0.0895522388059701,1
NP_417816.1,210,0.0619047619047619,0.0761904761904762,0.0666666666666666,0.1047619047619047,1
NP_417817.2,700,0.0885714285714285,0.0485714285714285,0.0485714285714285,0.1642857142857142,0
NP_417818.1,406,0.125615763546798,0.0985221674876847,0.0812807881773399,0.0714285714285714,1
NP_417819.1,187,0.0802139037433155,0.0802139037433155,0.0748663101604278,0.1122994652406417,1
NP_417820.1,200,0.09,0.085,0.04,0.11,1
NP_417821.1,55,0.0909090909090909,0.0181818181818181,0.0363636363636363,0.1636363636363636,0
NP_417822.1,190,0.1157894736842105,0.0736842105263157,0.0947368421052631,0.0578947368421052,1
NP_417823.1,393,0.089058524173028,0.0839694656488549,0.0788804071246819,0.1323155216284987,1
NP_417824.1,847,0.0814639905548996,0.0944510035419126,0.0672963400236127,0.0920897284533648,0
NP_417825.1,108,0.0555555555555555,0.0648148148148148,0.0833333333333333,0.0925925925925925,1
NP_417827.1,457,0.0984682713347921,0.0897155361050328,0.0787746170678337,0.1203501094091903,1
NP_417828.1,55,0.109090909090909,0.0909090909090909,0.0545454545454545,0.0909090909090909,0
NP_417829.2,445,0.1213483146067415,0.0853932584269663,0.0629213483146067,0.1258426966292135,1
NP_417830.4,340,0.0764705882352941,0.0617647058823529,0.0794117647058823,0.1029411764705882,1
NP_417833.1,261,0.1340996168582375,0.0957854406130268,0.0689655172413793,0.0651340996168582,1
NP_417834.6,243,0.0617283950617283,0.0452674897119341,0.074074074074074,0.0823045267489712,1
NP_417835.1,361,0.1274238227146814,0.0803324099722991,0.0969529085872576,0.1080332409972299,1
NP_417836.1,434,0.1198156682027649,0.0783410138248847,0.1059907834101382,0.1382488479262673,1
NP_417837.2,117,0.1452991452991453,0.094017094017094,0.0598290598290598,0.0512820512820512,1
NP_417838.1,292,0.0684931506849315,0.0753424657534246,0.0582191780821917,0.0993150684931506,1
NP_417839.1,408,0.0808823529411764,0.0906862745098039,0.1078431372549019,0.0931372549019607,1
NP_417840.1,387,0.0981912144702842,0.0801033591731266,0.0801033591731266,0.1214470284237726,1
NP_417841.2,120,0.0916666666666666,0.05,0.0833333333333333,0.15,1
NP_417843.1,334,0.0898203592814371,0.059880239520958,0.0748502994011976,0.092814371257485,1
NP_417844.1,252,0.1111111111111111,0.0833333333333333,0.0753968253968253,0.115079365079365,1
NP_417845.1,225,0.1022222222222222,0.0711111111111111,0.0933333333333333,0.0888888888888888,1
NP_417846.1,278,0.0935251798561151,0.0467625899280575,0.0683453237410072,0.0935251798561151,1
NP_417847.1,428,0.1144859813084112,0.0467289719626168,0.0630841121495327,0.0537383177570093,1
NP_417848.1,362,0.1077348066298342,0.0939226519337016,0.0883977900552486,0.1353591160220994,1
NP_417850.1,412,0.0922330097087378,0.0728155339805825,0.0922330097087378,0.1310679611650485,1
NP_417851.4,134,0.0522388059701492,0.1119402985074626,0.0522388059701492,0.0970149253731343,1
NP_417852.1,146,0.0890410958904109,0.0342465753424657,0.047945205479452,0.1643835616438356,1
NP_417853.1,179,0.1005586592178771,0.0335195530726257,0.0279329608938547,0.1675977653631284,1
NP_417854.4,259,0.1235521235521235,0.054054054054054,0.0463320463320463,0.1274131274131274,1
NP_417855.4,850,0.1035294117647058,0.0823529411764705,0.0752941176470588,0.0741176470588235,0
NP_417856.1,186,0.0591397849462365,0.053763440860215,0.0967741935483871,0.1129032258064516,1
NP_417857.1,711,0.0843881856540084,0.0548523206751054,0.0534458509142053,0.1322081575246132,0
NP_417858.4,222,0.09009009009009,0.054054054054054,0.0405405405405405,0.1351351351351351,1
NP_417859.1,133,0.1052631578947368,0.037593984962406,0.0526315789473684,0.0977443609022556,1
NP_417860.2,292,0.0753424657534246,0.0650684931506849,0.0787671232876712,0.1130136986301369,1
NP_417861.1,574,0.0818815331010452,0.0574912891986062,0.0871080139372822,0.1777003484320557,1
NP_417862.1,540,0.0833333333333333,0.087037037037037,0.0592592592592592,0.0851851851851851,1
NP_417863.1,450,0.0866666666666666,0.0733333333333333,0.0755555555555555,0.1155555555555555,1
NP_417864.1,239,0.0711297071129707,0.0585774058577405,0.0711297071129707,0.1171548117154811,1
NP_417866.4,773,0.1151358344113842,0.0659767141009055,0.0802069857697283,0.1009055627425614,0
NP_417867.1,75,0.0666666666666666,0.0533333333333333,0.0933333333333333,0.1333333333333333,0
NP_417868.1,773,0.0957309184993531,0.0763260025873221,0.0776196636481241,0.1280724450194049,0
NP_417869.1,78,0.1025641025641025,0.0641025641025641,0.0256410256410256,0.1282051282051282,0
NP_417870.1,292,0.0890410958904109,0.0410958904109589,0.0342465753424657,0.1267123287671233,1
NP_417871.1,256,0.09375,0.0703125,0.08203125,0.14453125,1
NP_417872.2,227,0.079295154185022,0.0440528634361233,0.0704845814977973,0.158590308370044,1
NP_417873.1,191,0.094240837696335,0.0785340314136125,0.06282722513089,0.1047120418848167,1
NP_417875.1,694,0.0979827089337175,0.069164265129683,0.0576368876080691,0.1066282420749279,0
NP_417877.1,901,0.1054384017758046,0.0443951165371809,0.0388457269700332,0.146503884572697,0
NP_417879.1,408,0.1004901960784313,0.0759803921568627,0.0735294117647058,0.071078431372549,1
NP_417880.1,532,0.0977443609022556,0.0620300751879699,0.0507518796992481,0.1071428571428571,1
NP_417883.1,108,0.1203703703703703,0.074074074074074,0.0833333333333333,0.0555555555555555,1
NP_417884.1,501,0.0818363273453093,0.0818363273453093,0.059880239520958,0.1057884231536926,1
NP_417886.1,815,0.0711656441717791,0.0588957055214723,0.0662576687116564,0.1067484662576687,0
NP_417887.1,477,0.1069182389937107,0.0922431865828092,0.0733752620545073,0.1278825995807128,1
NP_417888.1,431,0.0719257540603248,0.062645011600928,0.0858468677494199,0.0858468677494199,1
NP_417889.1,657,0.0989345509893455,0.0821917808219178,0.0517503805175038,0.1050228310502283,0
NP_417890.1,728,0.0659340659340659,0.0837912087912087,0.0549450549450549,0.0934065934065934,0
NP_417891.1,367,0.0817438692098092,0.0953678474114441,0.0762942779291553,0.1117166212534059,1
NP_417892.1,197,0.0862944162436548,0.0812182741116751,0.0609137055837563,0.1979695431472081,1
NP_417894.2,175,0.08,0.0628571428571428,0.08,0.1028571428571428,1
NP_417896.1,231,0.0692640692640692,0.0735930735930736,0.0692640692640692,0.0735930735930736,1
NP_417897.1,345,0.0782608695652174,0.0666666666666666,0.081159420289855,0.0782608695652174,1
NP_417898.1,162,0.0802469135802469,0.0555555555555555,0.0987654320987654,0.0493827160493827,1
NP_417899.1,392,0.0510204081632653,0.0790816326530612,0.0255102040816326,0.1020408163265306,1
NP_417901.1,91,0.0769230769230769,0.0989010989010989,0.0549450549450549,0.0549450549450549,0
NP_417902.1,167,0.0359281437125748,0.0658682634730539,0.0718562874251497,0.1077844311377245,1
NP_417903.1,94,0.1170212765957446,0.0744680851063829,0.0212765957446808,0.0957446808510638,0
NP_417904.1,580,0.1120689655172413,0.096551724137931,0.0758620689655172,0.0758620689655172,1
NP_417905.1,146,0.0205479452054794,0.0547945205479452,0.0136986301369863,0.1164383561643835,1
NP_417906.1,247,0.1012145748987854,0.0850202429149797,0.048582995951417,0.1295546558704453,1
NP_417907.2,356,0.0786516853932584,0.1011235955056179,0.0814606741573033,0.1179775280898876,1
NP_417908.1,281,0.0889679715302491,0.0498220640569395,0.092526690391459,0.1316725978647686,1
NP_417909.1,295,0.0983050847457627,0.0508474576271186,0.1050847457627118,0.1186440677966101,1
NP_417910.1,438,0.1073059360730593,0.0821917808219178,0.045662100456621,0.0753424657534246,1
NP_417911.4,237,0.0886075949367088,0.0928270042194092,0.0632911392405063,0.1139240506329113,1
NP_417912.1,255,0.0705882352941176,0.0823529411764705,0.0588235294117647,0.1450980392156863,1
NP_417913.1,425,0.1011764705882353,0.1035294117647058,0.0847058823529411,0.1623529411764706,1
NP_417914.1,308,0.1201298701298701,0.1071428571428571,0.0876623376623376,0.1071428571428571,1
NP_417915.1,369,0.1273712737127371,0.1056910569105691,0.062330623306233,0.062330623306233,1
NP_417916.1,127,0.0787401574803149,0.0787401574803149,0.0787401574803149,0.1023622047244094,1
NP_417918.1,284,0.1161971830985915,0.0422535211267605,0.0633802816901408,0.102112676056338,1
NP_417919.1,352,0.096590909090909,0.0823863636363636,0.09375,0.1221590909090909,1
NP_417920.1,222,0.0765765765765765,0.1081081081081081,0.0675675675675675,0.1171171171171171,1
NP_417921.1,497,0.124748490945674,0.0603621730382293,0.0925553319919517,0.0744466800804829,1
NP_417922.1,198,0.106060606060606,0.0858585858585858,0.0707070707070707,0.1111111111111111,1
NP_417923.1,89,0.0449438202247191,0.0561797752808988,0.0898876404494382,0.1910112359550561,0
NP_417924.1,119,0.0672268907563025,0.0672268907563025,0.0840336134453781,0.0588235294117647,1
NP_417925.1,208,0.1201923076923077,0.048076923076923,0.0528846153846153,0.2067307692307692,1
NP_417926.1,732,0.1625683060109289,0.0806010928961748,0.0751366120218579,0.1243169398907103,0
NP_417927.1,81,0.0493827160493827,0.074074074074074,0.0493827160493827,0.1111111111111111,0
NP_417928.1,221,0.1085972850678733,0.0407239819004524,0.0678733031674208,0.1402714932126696,1
NP_417929.4,185,0.0972972972972973,0.0756756756756756,0.0756756756756756,0.1081081081081081,1
NP_417930.2,405,0.128395061728395,0.1259259259259259,0.1037037037037037,0.1555555555555555,1
NP_417931.4,349,0.0744985673352435,0.0716332378223495,0.1146131805157593,0.1805157593123209,1
NP_417932.1,195,0.0871794871794871,0.0615384615384615,0.0615384615384615,0.1128205128205128,1
NP_417933.1,524,0.1068702290076335,0.0477099236641221,0.049618320610687,0.099236641221374,1
NP_417934.1,314,0.1050955414012738,0.0636942675159235,0.0764331210191082,0.1656050955414012,1
NP_417935.1,277,0.1046931407942238,0.0794223826714801,0.0866425992779783,0.1624548736462094,1
NP_417936.1,254,0.1338582677165354,0.0787401574803149,0.0787401574803149,0.1299212598425196,1
NP_417937.1,268,0.0783582089552238,0.0671641791044776,0.0895522388059701,0.1529850746268656,1
NP_417938.1,133,0.075187969924812,0.0526315789473684,0.075187969924812,0.112781954887218,1
NP_417940.2,127,0.0629921259842519,0.0708661417322834,0.0787401574803149,0.0551181102362204,1
NP_417941.1,378,0.0714285714285714,0.0555555555555555,0.0502645502645502,0.0793650793650793,1
NP_417942.6,374,0.0748663101604278,0.0775401069518716,0.0775401069518716,0.1229946524064171,1
NP_417944.1,355,0.1633802816901408,0.0478873239436619,0.0901408450704225,0.0985915492957746,1
NP_417945.1,540,0.0481481481481481,0.0629629629629629,0.0518518518518518,0.0722222222222222,1
NP_417948.4,350,0.1,0.0857142857142857,0.08,0.1371428571428571,1
NP_417949.1,400,0.08,0.0975,0.075,0.1225,1
NP_417950.1,499,0.1102204408817635,0.094188376753507,0.0821643286573146,0.1342685370741483,1
NP_417951.1,111,0.063063063063063,0.045045045045045,0.1171171171171171,0.1261261261261261,1
NP_417952.1,144,0.0625,0.0486111111111111,0.1041666666666666,0.1180555555555555,1
NP_417953.1,489,0.0920245398773006,0.0879345603271983,0.0920245398773006,0.1411042944785276,1
NP_417954.1,250,0.116,0.1,0.1,0.124,1
NP_417955.1,680,0.0970588235294117,0.0661764705882353,0.0514705882352941,0.113235294117647,0
NP_417956.1,280,0.075,0.0642857142857142,0.0571428571428571,0.1214285714285714,1
NP_417957.1,450,0.0977777777777777,0.0977777777777777,0.0888888888888888,0.06,1
NP_417958.1,117,0.0769230769230769,0.0427350427350427,0.0427350427350427,0.1709401709401709,1
NP_417959.4,429,0.1258741258741259,0.0932400932400932,0.1072261072261072,0.1585081585081585,1
NP_417960.1,141,0.0496453900709219,0.0567375886524822,0.0638297872340425,0.1134751773049645,1
NP_417962.2,326,0.0858895705521472,0.0490797546012269,0.0368098159509202,0.0981595092024539,1
NP_417963.4,188,0.0585106382978723,0.0904255319148936,0.0851063829787234,0.0957446808510638,1
NP_417964.1,176,0.034090909090909,0.0170454545454545,0.0909090909090909,0.096590909090909,1
NP_417965.1,215,0.0837209302325581,0.1069767441860465,0.0976744186046511,0.1255813953488372,1
NP_417966.4,108,0.1111111111111111,0.0277777777777777,0.0555555555555555,0.0925925925925925,1
NP_417967.1,110,0.1272727272727272,0.0545454545454545,0.109090909090909,0.0818181818181818,1
NP_417968.1,190,0.0947368421052631,0.0736842105263157,0.1,0.1526315789473684,1
NP_417969.1,175,0.0285714285714285,0.0228571428571428,0.0285714285714285,0.12,1
NP_417970.1,385,0.0987012987012987,0.0701298701298701,0.0987012987012987,0.0935064935064935,1
NP_417971.1,1037,0.1108968177434908,0.073288331726133,0.0925747348119575,0.1041465766634522,0
NP_417972.1,242,0.0371900826446281,0.024793388429752,0.0330578512396694,0.1322314049586777,1
NP_417973.1,274,0.072992700729927,0.0364963503649635,0.072992700729927,0.1277372262773722,1
NP_417974.1,466,0.0879828326180257,0.0772532188841201,0.0515021459227467,0.0879828326180257,1
NP_417975.1,465,0.0989247311827957,0.0774193548387096,0.0602150537634408,0.086021505376344,1
NP_417976.1,549,0.0746812386156648,0.0637522768670309,0.0418943533697632,0.1056466302367941,1
NP_417977.1,200,0.08,0.05,0.07,0.105,1
NP_417978.2,299,0.0702341137123745,0.0769230769230769,0.0635451505016722,0.1438127090301003,1
NP_417979.1,337,0.0979228486646884,0.0534124629080118,0.0504451038575667,0.115727002967359,1
NP_417980.1,440,0.1204545454545454,0.0977272727272727,0.0772727272727272,0.15,1
NP_417981.2,686,0.0889212827988338,0.0962099125364431,0.0655976676384839,0.1107871720116618,0
NP_417982.2,255,0.0666666666666666,0.0392156862745098,0.0627450980392156,0.1215686274509803,1
NP_417983.2,309,0.1100323624595469,0.0744336569579288,0.0711974110032362,0.0938511326860841,1
NP_417984.1,498,0.1064257028112449,0.0461847389558232,0.0562248995983935,0.1244979919678714,1
NP_417985.1,428,0.102803738317757,0.0981308411214953,0.1004672897196261,0.1214953271028037,1
NP_417986.4,662,0.0906344410876132,0.0438066465256797,0.0755287009063444,0.1419939577039275,0
NP_417988.1,368,0.0951086956521739,0.0733695652173913,0.0516304347826086,0.092391304347826,1
NP_417989.1,779,0.0783055198973042,0.0629011553273427,0.0808729139922978,0.0988446726572528,0
NP_417990.4,872,0.073394495412844,0.0630733944954128,0.073394495412844,0.1169724770642201,0
NP_417992.1,62,0.1451612903225806,0.0161290322580645,0.0161290322580645,0.1129032258064516,0
NP_417993.1,523,0.0726577437858508,0.0458891013384321,0.0592734225621414,0.1223709369024856,1
NP_417994.2,63,0.0952380952380952,0.0317460317460317,0.0476190476190476,0.1111111111111111,0
NP_417995.1,559,0.0805008944543828,0.0751341681574239,0.071556350626118,0.1127012522361359,1
NP_417996.1,423,0.0851063829787234,0.0567375886524822,0.0851063829787234,0.1300236406619385,1
NP_417997.1,334,0.059880239520958,0.0718562874251497,0.0658682634730539,0.122754491017964,1
NP_417998.1,327,0.1039755351681957,0.0703363914373088,0.073394495412844,0.1070336391437308,1
NP_417999.1,300,0.12,0.0833333333333333,0.11,0.1533333333333333,1
NP_418000.1,339,0.0737463126843657,0.0914454277286135,0.1061946902654867,0.1327433628318584,1
NP_418001.1,535,0.0841121495327102,0.0635514018691588,0.0766355140186915,0.0728971962616822,1
NP_418002.2,563,0.08348134991119,0.0621669626998223,0.0710479573712255,0.0976909413854351,1
NP_418003.1,402,0.1044776119402985,0.099502487562189,0.0820895522388059,0.1442786069651741,1
NP_418004.4,232,0.0818965517241379,0.0646551724137931,0.0560344827586206,0.0948275862068965,1
NP_418005.1,187,0.0748663101604278,0.0695187165775401,0.0802139037433155,0.0588235294117647,1
NP_418006.1,146,0.0958904109589041,0.047945205479452,0.0684931506849315,0.0958904109589041,1
NP_418007.3,777,0.1042471042471042,0.09009009009009,0.0579150579150579,0.0823680823680823,0
NP_418009.2,324,0.1234567901234567,0.0586419753086419,0.0864197530864197,0.1111111111111111,1
NP_418010.2,236,0.1228813559322034,0.0550847457627118,0.0805084745762711,0.0889830508474576,1
NP_418011.1,96,0.0520833333333333,0.03125,0.0625,0.125,0
NP_418012.1,70,0.0714285714285714,0.1428571428571428,0.0714285714285714,0.0285714285714285,0
NP_418014.1,173,0.0982658959537572,0.0578034682080924,0.0751445086705202,0.0982658959537572,1
NP_418015.1,283,0.0459363957597173,0.0424028268551236,0.0671378091872791,0.0989399293286219,1
NP_418016.1,689,0.1233671988388969,0.0551523947750362,0.0740203193033381,0.1103047895500725,0
NP_418017.1,303,0.066006600660066,0.0726072607260726,0.0594059405940594,0.1023102310231023,1
NP_418018.1,331,0.0785498489425981,0.0634441087613293,0.066465256797583,0.1419939577039275,1
NP_418019.4,145,0.0827586206896551,0.0758620689655172,0.0827586206896551,0.1241379310344827,1
NP_418020.2,113,0.079646017699115,0.0884955752212389,0.0884955752212389,0.168141592920354,1
NP_418021.1,484,0.1239669421487603,0.0867768595041322,0.0681818181818181,0.1198347107438016,1
NP_418022.1,440,0.1,0.0863636363636363,0.0522727272727272,0.0954545454545454,1
NP_418023.1,330,0.103030303030303,0.0757575757575757,0.0878787878787878,0.0939393939393939,1
NP_418024.1,513,0.0662768031189083,0.0838206627680311,0.0643274853801169,0.1169590643274853,1
NP_418025.1,393,0.1246819338422391,0.1221374045801526,0.0839694656488549,0.1323155216284987,1
NP_418026.1,392,0.086734693877551,0.0510204081632653,0.0790816326530612,0.0918367346938775,1
NP_418028.1,676,0.0917159763313609,0.0872781065088757,0.044378698224852,0.0887573964497041,0
NP_418030.1,157,0.1146496815286624,0.0318471337579617,0.0828025477707006,0.0318471337579617,1
NP_418031.1,282,0.0921985815602836,0.0744680851063829,0.0425531914893617,0.1099290780141844,1
NP_418032.1,332,0.0963855421686747,0.0873493975903614,0.0572289156626506,0.0692771084337349,1
NP_418033.1,155,0.0838709677419354,0.0516129032258064,0.064516129032258,0.064516129032258,1
NP_418034.1,157,0.0955414012738853,0.0445859872611464,0.0700636942675159,0.1592356687898089,1
NP_418036.1,328,0.1036585365853658,0.0701219512195122,0.073170731707317,0.1036585365853658,1
NP_418037.1,498,0.0863453815261044,0.1024096385542168,0.0602409638554216,0.110441767068273,1
NP_418038.1,220,0.1727272727272727,0.1,0.0454545454545454,0.1,1
NP_418039.2,286,0.1048951048951049,0.0664335664335664,0.0629370629370629,0.0804195804195804,1
NP_418040.1,231,0.1212121212121212,0.0735930735930736,0.0822510822510822,0.0779220779220779,1
NP_418041.1,246,0.1016260162601626,0.065040650406504,0.056910569105691,0.0853658536585365,1
NP_418042.1,324,0.0771604938271604,0.0339506172839506,0.0648148148148148,0.0987654320987654,1
NP_418043.1,378,0.1164021164021164,0.0502645502645502,0.0899470899470899,0.0978835978835978,1
NP_418044.1,107,0.0841121495327102,0.0560747663551401,0.0654205607476635,0.1214953271028037,1
NP_418045.4,512,0.09765625,0.09375,0.068359375,0.095703125,1
NP_418047.1,614,0.1091205211726384,0.0749185667752443,0.0618892508143322,0.1205211726384364,0
NP_418048.1,463,0.1166306695464362,0.0669546436285097,0.0712742980561555,0.1468682505399568,1
NP_418049.1,202,0.0891089108910891,0.0544554455445544,0.0891089108910891,0.1237623762376237,1
NP_418050.1,1377,0.0660856935366739,0.0856935366739288,0.046477850399419,0.092955700798838,0
NP_418051.1,280,0.0785714285714285,0.0321428571428571,0.05,0.0964285714285714,1
NP_418053.1,153,0.0588235294117647,0.0392156862745098,0.0261437908496732,0.1045751633986928,1
NP_418054.1,378,0.0952380952380952,0.0529100529100529,0.1031746031746031,0.1137566137566137,1
NP_418055.1,120,0.1083333333333333,0.0416666666666666,0.05,0.1,1
NP_418056.1,637,0.1004709576138147,0.1051805337519623,0.0784929356357927,0.1051805337519623,0
NP_418057.1,382,0.1230366492146596,0.0811518324607329,0.0968586387434555,0.094240837696335,1
NP_418058.1,195,0.0871794871794871,0.0461538461538461,0.0717948717948717,0.1487179487179487,1
NP_418059.1,120,0.1083333333333333,0.0416666666666666,0.0583333333333333,0.1083333333333333,1
NP_418060.1,551,0.1288566243194192,0.0816696914700544,0.0816696914700544,0.1252268602540834,1
NP_418061.1,258,0.1201550387596899,0.0426356589147286,0.0581395348837209,0.0968992248062015,1
NP_418062.1,396,0.1363636363636363,0.0909090909090909,0.0631313131313131,0.1085858585858585,1
NP_418063.1,157,0.0955414012738853,0.0636942675159235,0.0573248407643312,0.1019108280254777,1
NP_418064.1,273,0.1172161172161172,0.0952380952380952,0.0732600732600732,0.0769230769230769,1
NP_418065.1,339,0.1238938053097345,0.1002949852507374,0.0678466076696165,0.1120943952802359,1
NP_418066.1,155,0.0903225806451612,0.0580645161290322,0.064516129032258,0.0774193548387096,1
NP_418067.1,83,0.0963855421686747,0.0843373493975903,0.036144578313253,0.0963855421686747,0
NP_418068.1,143,0.0909090909090909,0.0839160839160839,0.1188811188811188,0.0979020979020979,1
NP_418069.1,514,0.1264591439688716,0.0778210116731517,0.0836575875486381,0.0758754863813229,1
NP_418070.6,419,0.1288782816229117,0.0787589498806682,0.0453460620525059,0.0978520286396181,1
NP_418071.4,319,0.1003134796238244,0.0438871473354232,0.0815047021943573,0.0846394984326018,1
NP_418072.1,344,0.066860465116279,0.0406976744186046,0.063953488372093,0.0843023255813953,1
NP_418073.1,341,0.0762463343108504,0.1114369501466275,0.0850439882697947,0.0674486803519061,1
NP_418074.1,398,0.1407035175879397,0.092964824120603,0.0678391959798995,0.0829145728643216,1
NP_418075.2,285,0.0421052631578947,0.0561403508771929,0.0631578947368421,0.0807017543859649,1
NP_418076.1,310,0.0806451612903225,0.0903225806451612,0.064516129032258,0.0774193548387096,1
NP_418077.1,348,0.1034482758620689,0.0689655172413793,0.0545977011494252,0.1178160919540229,1
NP_418078.1,319,0.1253918495297805,0.0658307210031347,0.0752351097178683,0.1003134796238244,1
NP_418079.1,419,0.0763723150357995,0.0453460620525059,0.0477326968973747,0.152744630071599,1
NP_418080.1,357,0.0252100840336134,0.0336134453781512,0.0448179271708683,0.1064425770308123,1
NP_418081.1,283,0.03886925795053,0.0318021201413427,0.0530035335689045,0.0918727915194346,1
NP_418082.1,232,0.0301724137931034,0.0517241379310344,0.0517241379310344,0.1034482758620689,1
NP_418083.1,338,0.0680473372781065,0.0414201183431952,0.0680473372781065,0.1242603550295858,1
NP_418084.1,339,0.079646017699115,0.0412979351032448,0.0383480825958702,0.0884955752212389,1
NP_418085.2,359,0.064066852367688,0.0724233983286908,0.0557103064066852,0.0696378830083565,1
NP_418086.1,311,0.022508038585209,0.0385852090032154,0.0353697749196141,0.0803858520900321,1
NP_418087.1,265,0.0566037735849056,0.060377358490566,0.0528301886792452,0.1245283018867924,1
NP_418088.1,374,0.106951871657754,0.0641711229946524,0.0641711229946524,0.0935828877005347,1
NP_418089.1,344,0.0843023255813953,0.0552325581395348,0.0610465116279069,0.1017441860465116,1
NP_418090.1,425,0.1035294117647058,0.0635294117647058,0.0776470588235294,0.1411764705882353,1
NP_418091.1,159,0.1194968553459119,0.0377358490566037,0.0817610062893081,0.0943396226415094,1
NP_418092.1,269,0.0631970260223048,0.0780669144981412,0.070631970260223,0.1301115241635687,1
NP_418093.1,55,0.0545454545454545,0.0545454545454545,0.0727272727272727,0.0545454545454545,0
NP_418094.1,78,0.0641025641025641,0.0641025641025641,0.1025641025641025,0.0769230769230769,0
NP_418095.4,222,0.063063063063063,0.0675675675675675,0.054054054054054,0.1261261261261261,1
NP_418096.4,406,0.1453201970443349,0.0665024630541872,0.0886699507389162,0.0985221674876847,1
NP_418097.2,152,0.0789473684210526,0.1184210526315789,0.0723684210526315,0.1052631578947368,1
NP_418098.4,198,0.0808080808080808,0.0505050505050505,0.0252525252525252,0.1464646464646464,1
NP_418099.1,213,0.107981220657277,0.0892018779342723,0.056338028169014,0.107981220657277,1
NP_418101.1,287,0.0940766550522648,0.0348432055749128,0.0766550522648083,0.1114982578397212,1
NP_418102.2,274,0.0912408759124087,0.0656934306569343,0.0474452554744525,0.0912408759124087,1
NP_418103.4,205,0.1170731707317073,0.0975609756097561,0.1317073170731707,0.1317073170731707,1
NP_418104.2,560,0.0910714285714285,0.0732142857142857,0.0839285714285714,0.0875,1
NP_418105.1,207,0.0917874396135265,0.0531400966183574,0.0579710144927536,0.0869565217391304,1
NP_418106.1,91,0.1208791208791208,0.0549450549450549,0.1098901098901098,0.0769230769230769,0
NP_418107.1,702,0.0868945868945869,0.0569800569800569,0.0655270655270655,0.0897435897435897,0
NP_418108.1,229,0.1266375545851528,0.0655021834061135,0.074235807860262,0.074235807860262,1
NP_418109.1,693,0.1111111111111111,0.0707070707070707,0.062049062049062,0.1370851370851371,0
NP_418110.1,401,0.1172069825436409,0.1022443890274314,0.0972568578553615,0.1620947630922693,1
NP_418111.1,463,0.0993520518358531,0.0928725701943844,0.0885529157667386,0.1468682505399568,1
NP_418112.1,569,0.0896309314586994,0.0738137082601054,0.0615114235500878,0.1212653778558875,1
NP_418113.1,772,0.0621761658031088,0.0841968911917098,0.0751295336787564,0.0841968911917098,0
NP_418114.4,460,0.0869565217391304,0.0826086956521739,0.0826086956521739,0.1108695652173913,1
NP_418115.1,394,0.1040609137055837,0.0685279187817258,0.0558375634517766,0.1472081218274111,1
NP_418116.1,307,0.0879478827361563,0.0749185667752443,0.0651465798045602,0.1693811074918566,1
NP_418117.1,272,0.0992647058823529,0.0772058823529411,0.0845588235294117,0.1139705882352941,1
NP_418118.2,396,0.1262626262626262,0.0833333333333333,0.0909090909090909,0.1439393939393939,1
NP_418119.2,150,0.1,0.0466666666666666,0.0933333333333333,0.12,1
NP_418120.2,444,0.0833333333333333,0.1058558558558558,0.1148648648648648,0.1103603603603603,1
NP_418121.1,588,0.1105442176870748,0.0816326530612244,0.0663265306122449,0.1054421768707483,1
NP_418122.1,463,0.0950323974082073,0.1123110151187904,0.060475161987041,0.120950323974082,1
NP_418123.2,439,0.1298405466970387,0.1002277904328018,0.0660592255125284,0.1275626423690205,1
NP_418124.4,500,0.078,0.074,0.056,0.2,1
NP_418125.1,196,0.1122448979591836,0.0918367346938775,0.0816326530612244,0.1326530612244898,1
NP_418126.1,96,0.03125,0.03125,0.1041666666666666,0.09375,0
NP_418127.1,562,0.1263345195729537,0.0800711743772242,0.0604982206405693,0.0836298932384341,1
NP_418128.1,32,0.15625,0.03125,0.28125,0.09375,0
NP_418129.2,394,0.1015228426395939,0.1065989847715736,0.0786802030456852,0.1700507614213198,1
NP_418130.1,165,0.0848484848484848,0.0363636363636363,0.0484848484848484,0.0909090909090909,1
NP_418131.1,120,0.1083333333333333,0.0416666666666666,0.0666666666666666,0.1333333333333333,1
NP_418132.1,115,0.1130434782608695,0.0782608695652174,0.0608695652173913,0.208695652173913,1
NP_418133.1,149,0.0939597315436241,0.1342281879194631,0.046979865771812,0.1208053691275167,1
NP_418134.1,497,0.0663983903420523,0.062374245472837,0.0523138832997987,0.0704225352112676,1
NP_418135.1,571,0.0945709281961471,0.0928196147110332,0.0893169877408056,0.1243432574430823,1
NP_418136.2,297,0.0707070707070707,0.0471380471380471,0.0505050505050505,0.101010101010101,1
NP_418139.1,238,0.0588235294117647,0.0504201680672268,0.0714285714285714,0.1386554621848739,1
NP_418140.4,553,0.0759493670886076,0.1139240506329113,0.0994575045207956,0.1464737793851717,1
NP_418141.2,142,0.0774647887323943,0.056338028169014,0.0211267605633802,0.1197183098591549,1
NP_418142.1,137,0.0875912408759124,0.0583941605839416,0.0583941605839416,0.1021897810218978,1
NP_418143.2,110,0.0909090909090909,0.0818181818181818,0.0636363636363636,0.0818181818181818,1
NP_418144.3,415,0.0698795180722891,0.0891566265060241,0.0891566265060241,0.0650602409638554,1
NP_418145.2,354,0.0875706214689265,0.0649717514124293,0.0564971751412429,0.0819209039548022,1
NP_418146.4,430,0.0976744186046511,0.1093023255813953,0.0837209302325581,0.113953488372093,1
NP_418148.1,292,0.1198630136986301,0.0856164383561643,0.0821917808219178,0.0958904109589041,1
NP_418152.1,270,0.1148148148148148,0.0555555555555555,0.0888888888888888,0.0851851851851851,1
NP_418153.4,132,0.0833333333333333,0.1287878787878787,0.0606060606060606,0.1666666666666666,1
NP_418155.1,357,0.0868347338935574,0.0756302521008403,0.0364145658263305,0.1204481792717086,1
NP_418156.1,366,0.0765027322404371,0.0683060109289617,0.0846994535519125,0.1174863387978142,1
NP_418157.1,467,0.1070663811563169,0.0492505353319057,0.0642398286937901,0.1027837259100642,1
NP_418158.1,46,0.108695652173913,0.0652173913043478,0.0652173913043478,0.0652173913043478,0
NP_418159.1,119,0.0840336134453781,0.0504201680672268,0.0672268907563025,0.134453781512605,1
NP_418161.1,548,0.0748175182481751,0.0693430656934306,0.0547445255474452,0.1003649635036496,1
NP_418162.1,454,0.118942731277533,0.0903083700440528,0.0550660792951541,0.1211453744493392,1
NP_418163.1,24,0.0,0.0,0.0833333333333333,0.0416666666666666,0
NP_418164.4,471,0.0934182590233545,0.078556263269639,0.0658174097664543,0.0764331210191082,1
NP_418165.1,415,0.0843373493975903,0.0963855421686747,0.072289156626506,0.1204819277108433,1
NP_418166.1,391,0.1355498721227621,0.0767263427109974,0.0818414322250639,0.1406649616368286,1
NP_418167.1,319,0.0689655172413793,0.018808777429467,0.0407523510971786,0.1630094043887147,1
NP_418168.2,249,0.0763052208835341,0.0602409638554216,0.0602409638554216,0.1204819277108433,1
NP_418169.1,188,0.0797872340425532,0.0904255319148936,0.0957446808510638,0.101063829787234,1
NP_418170.1,445,0.0921348314606741,0.1101123595505618,0.1168539325842696,0.1168539325842696,1
NP_418171.1,221,0.0950226244343891,0.0588235294117647,0.085972850678733,0.0769230769230769,1
NP_418172.1,155,0.064516129032258,0.0903225806451612,0.1096774193548387,0.1483870967741935,1
NP_418173.1,195,0.0512820512820512,0.0871794871794871,0.041025641025641,0.0717948717948717,1
NP_418175.3,389,0.0951156812339331,0.0771208226221079,0.0874035989717223,0.0694087403598971,1
NP_418176.1,538,0.0817843866171003,0.0836431226765799,0.0520446096654275,0.0594795539033457,1
NP_418177.1,470,0.0829787234042553,0.0829787234042553,0.0574468085106383,0.0787234042553191,1
NP_418178.1,625,0.1008,0.1008,0.0848,0.1088,0
NP_418179.1,278,0.0575539568345323,0.0467625899280575,0.0575539568345323,0.118705035971223,1
NP_418180.1,241,0.0705394190871369,0.0497925311203319,0.0705394190871369,0.0871369294605809,1
NP_418181.1,257,0.0739299610894941,0.0622568093385214,0.0428015564202334,0.1050583657587548,1
NP_418182.1,296,0.1283783783783783,0.0709459459459459,0.0608108108108108,0.1385135135135135,1
NP_418183.1,319,0.1191222570532915,0.0971786833855799,0.0721003134796238,0.122257053291536,1
NP_418184.1,346,0.1156069364161849,0.0982658959537572,0.0780346820809248,0.0722543352601156,1
NP_418185.1,609,0.0968801313628899,0.0804597701149425,0.070607553366174,0.1165845648604269,0
NP_418186.1,456,0.0986842105263157,0.1074561403508772,0.0855263157894736,0.0986842105263157,1
NP_418187.1,139,0.1223021582733813,0.0863309352517985,0.0719424460431654,0.0863309352517985,1
NP_418188.1,460,0.0739130434782608,0.0978260869565217,0.1021739130434782,0.0913043478260869,1
NP_418189.1,287,0.0940766550522648,0.0696864111498257,0.0871080139372822,0.1010452961672473,1
NP_418190.1,513,0.1130604288499025,0.0935672514619883,0.0779727095516569,0.0896686159844054,1
NP_418191.1,177,0.1525423728813559,0.0451977401129943,0.0903954802259887,0.1016949152542373,1
NP_418192.1,156,0.1987179487179487,0.0192307692307692,0.0641025641025641,0.0897435897435897,1
NP_418193.1,79,0.1645569620253164,0.1265822784810126,0.0759493670886076,0.1518987341772152,0
NP_418194.1,271,0.062730627306273,0.062730627306273,0.084870848708487,0.1660516605166051,1
NP_418195.2,126,0.1269841269841269,0.0555555555555555,0.1746031746031746,0.1825396825396825,1
NP_418196.1,207,0.0531400966183574,0.0579710144927536,0.0917874396135265,0.1352657004830917,1
NP_418197.1,629,0.1001589825119236,0.0794912559618442,0.0572337042925278,0.0985691573926868,0
NP_418198.1,147,0.0952380952380952,0.1020408163265306,0.0272108843537414,0.1292517006802721,1
NP_418199.1,152,0.0789473684210526,0.0657894736842105,0.0592105263157894,0.0921052631578947,1
NP_418200.1,330,0.0818181818181818,0.0878787878787878,0.0727272727272727,0.1212121212121212,1
NP_418202.4,498,0.0843373493975903,0.0562248995983935,0.0481927710843373,0.1506024096385542,1
NP_418204.2,139,0.0647482014388489,0.0575539568345323,0.079136690647482,0.0863309352517985,1
NP_418205.1,501,0.0678642714570858,0.0978043912175648,0.0778443113772455,0.1117764471057884,1
NP_418206.1,321,0.1214953271028037,0.1121495327102803,0.1090342679127725,0.1433021806853582,1
NP_418207.1,296,0.1486486486486486,0.081081081081081,0.1081081081081081,0.0945945945945946,1
NP_418208.1,309,0.1585760517799352,0.087378640776699,0.0809061488673139,0.0841423948220064,1
NP_418209.1,330,0.0848484848484848,0.0666666666666666,0.0575757575757575,0.1151515151515151,1
NP_418210.1,475,0.1010526315789473,0.0778947368421052,0.0694736842105263,0.1410526315789473,1
NP_418213.1,112,0.0535714285714285,0.0714285714285714,0.0535714285714285,0.0535714285714285,1
NP_418214.2,506,0.1007905138339921,0.0770750988142292,0.0494071146245059,0.1304347826086956,1
NP_418215.1,32,0.125,0.09375,0.1875,0.125,0
NP_418217.1,87,0.1034482758620689,0.0114942528735632,0.1264367816091954,0.0804597701149425,0
NP_418220.1,514,0.1167315175097276,0.0894941634241245,0.0778210116731517,0.1147859922178988,1
NP_418221.1,297,0.0875420875420875,0.0505050505050505,0.0841750841750841,0.1144781144781144,1
NP_418222.1,491,0.1018329938900203,0.0936863543788187,0.0631364562118126,0.0916496945010183,1
NP_418223.1,93,0.086021505376344,0.0967741935483871,0.064516129032258,0.1182795698924731,0
NP_418227.1,421,0.0973871733966745,0.0736342042755344,0.0475059382422802,0.1140142517814726,1
NP_418228.2,109,0.110091743119266,0.0825688073394495,0.0458715596330275,0.1192660550458715,1
NP_418230.1,419,0.0739856801909307,0.0692124105011933,0.0596658711217183,0.1050119331742243,1
NP_418231.1,367,0.0926430517711171,0.0871934604904632,0.0762942779291553,0.1280653950953678,1
NP_418232.2,348,0.1178160919540229,0.0517241379310344,0.0459770114942528,0.0977011494252873,1
NP_418236.1,293,0.068259385665529,0.1023890784982935,0.0546075085324232,0.1092150170648464,1
NP_418238.1,376,0.101063829787234,0.0744680851063829,0.0558510638297872,0.0957446808510638,1
NP_418239.1,416,0.1322115384615384,0.0865384615384615,0.0961538461538461,0.1682692307692307,1
NP_418241.1,450,0.0711111111111111,0.0711111111111111,0.0911111111111111,0.1444444444444444,1
NP_418242.1,246,0.089430894308943,0.08130081300813,0.073170731707317,0.1097560975609756,1
NP_418245.1,551,0.0780399274047187,0.0907441016333938,0.0707803992740471,0.0689655172413793,1
NP_418246.1,398,0.1206030150753768,0.0552763819095477,0.0552763819095477,0.1331658291457286,1
NP_418247.1,393,0.1424936386768447,0.0305343511450381,0.0534351145038167,0.1068702290076335,1
NP_418248.1,246,0.1056910569105691,0.0609756097560975,0.056910569105691,0.1544715447154471,1
NP_418250.1,848,0.0554245283018867,0.0554245283018867,0.0672169811320754,0.1226415094339622,0
NP_418251.1,106,0.0471698113207547,0.0849056603773584,0.0283018867924528,0.0943396226415094,1
NP_418254.2,274,0.0875912408759124,0.0948905109489051,0.1131386861313868,0.0766423357664233,1
NP_418255.1,235,0.0936170212765957,0.0595744680851063,0.0638297872340425,0.1617021276595744,1
NP_418256.1,298,0.0838926174496644,0.0637583892617449,0.0604026845637583,0.1409395973154362,1
NP_418257.1,238,0.0966386554621848,0.0588235294117647,0.042016806722689,0.1176470588235294,1
NP_418258.1,720,0.0916666666666666,0.0708333333333333,0.0569444444444444,0.1083333333333333,0
NP_418260.1,316,0.0727848101265822,0.0474683544303797,0.050632911392405,0.1360759493670886,1
NP_418261.1,126,0.0873015873015873,0.0793650793650793,0.0714285714285714,0.119047619047619,1
NP_418262.2,126,0.0476190476190476,0.0555555555555555,0.0476190476190476,0.0873015873015873,1
NP_418264.4,155,0.1161290322580645,0.0774193548387096,0.0838709677419354,0.1161290322580645,1
NP_418265.1,289,0.0622837370242214,0.0795847750865051,0.0622837370242214,0.1003460207612456,1
NP_418271.1,299,0.0969899665551839,0.0802675585284281,0.0836120401337792,0.1505016722408027,1
NP_418272.1,317,0.0946372239747634,0.0410094637223974,0.0662460567823343,0.1324921135646687,1
NP_418273.1,753,0.1022576361221779,0.0610889774236387,0.0703851261620186,0.1142098273572377,0
NP_418275.1,253,0.1106719367588932,0.0830039525691699,0.0948616600790513,0.0790513833992094,1
NP_418276.1,475,0.0947368421052631,0.0357894736842105,0.0568421052631578,0.1073684210526315,1
NP_418278.1,201,0.1343283582089552,0.0646766169154228,0.0845771144278607,0.1243781094527363,1
NP_418279.1,546,0.0622710622710622,0.0604395604395604,0.0732600732600732,0.1263736263736263,1
NP_418280.4,89,0.1011235955056179,0.0786516853932584,0.0449438202247191,0.0674157303370786,0
NP_418282.1,258,0.0852713178294573,0.0426356589147286,0.1085271317829457,0.127906976744186,1
NP_418284.1,162,0.074074074074074,0.0493827160493827,0.0802469135802469,0.0864197530864197,1
NP_418285.1,497,0.0744466800804829,0.0764587525150905,0.0764587525150905,0.0925553319919517,1
NP_418286.1,233,0.0987124463519313,0.0686695278969957,0.0686695278969957,0.0901287553648068,1
NP_418288.1,729,0.1124828532235939,0.0850480109739369,0.0795610425240054,0.1015089163237311,0
NP_418289.1,443,0.0948081264108352,0.0586907449209932,0.0632054176072234,0.1015801354401805,1
NP_418290.4,204,0.1274509803921568,0.1029411764705882,0.0833333333333333,0.1078431372549019,1
NP_418292.1,181,0.0883977900552486,0.0386740331491712,0.0607734806629834,0.0662983425414364,1
NP_418293.2,175,0.1028571428571428,0.0685714285714285,0.0685714285714285,0.1257142857142857,1
NP_418294.1,194,0.0979381443298969,0.0773195876288659,0.0927835051546391,0.1134020618556701,1
NP_418295.1,89,0.0786516853932584,0.0449438202247191,0.0337078651685393,0.1685393258426966,0
NP_418296.1,328,0.0884146341463414,0.0548780487804878,0.0518292682926829,0.1097560975609756,1
NP_418297.1,208,0.1057692307692307,0.0673076923076923,0.1057692307692307,0.0769230769230769,1
NP_418298.4,476,0.0840336134453781,0.0672268907563025,0.065126050420168,0.088235294117647,1
NP_418299.1,310,0.0451612903225806,0.0354838709677419,0.0677419354838709,0.1483870967741935,1
NP_418300.1,928,0.1066810344827586,0.0614224137931034,0.0614224137931034,0.1142241379310344,0
NP_418301.3,210,0.0809523809523809,0.0619047619047619,0.0761904761904762,0.119047619047619,1
NP_418302.1,169,0.0710059171597633,0.0710059171597633,0.0177514792899408,0.1005917159763313,1
NP_418303.2,457,0.0787746170678337,0.0525164113785558,0.0481400437636761,0.1094091903719912,1
NP_418304.1,469,0.1044776119402985,0.0703624733475479,0.0618336886993603,0.1257995735607676,1
NP_418305.1,349,0.0744985673352435,0.0744985673352435,0.0515759312320916,0.1518624641833811,1
NP_418306.1,469,0.0959488272921108,0.0767590618336887,0.068230277185501,0.068230277185501,1
NP_418308.1,236,0.0677966101694915,0.0720338983050847,0.0466101694915254,0.0889830508474576,1
NP_418309.1,326,0.0858895705521472,0.0429447852760736,0.0521472392638036,0.1226993865030674,1
NP_418310.1,421,0.0855106888361045,0.0950118764845605,0.0760095011876484,0.1116389548693586,1
NP_418311.1,230,0.0347826086956521,0.0695652173913043,0.0434782608695652,0.0739130434782608,1
NP_418313.4,461,0.0780911062906724,0.0997830802603036,0.071583514099783,0.1193058568329718,1
NP_418314.1,678,0.0766961651917404,0.079646017699115,0.0427728613569321,0.0973451327433628,0
NP_418315.3,308,0.0876623376623376,0.0616883116883116,0.0649350649350649,0.1136363636363636,1
NP_418316.4,413,0.1016949152542373,0.0774818401937046,0.0677966101694915,0.072639225181598,1
NP_418317.1,292,0.1232876712328767,0.0650684931506849,0.0890410958904109,0.0890410958904109,1
NP_418318.1,298,0.1476510067114094,0.0939597315436241,0.0771812080536912,0.1073825503355704,1
NP_418319.2,298,0.1275167785234899,0.1006711409395973,0.0939597315436241,0.0805369127516778,1
NP_418320.2,261,0.1149425287356321,0.057471264367816,0.0804597701149425,0.0957854406130268,1
NP_418321.4,199,0.0854271356783919,0.050251256281407,0.0653266331658291,0.0954773869346733,1
NP_418322.1,290,0.1068965517241379,0.0413793103448275,0.0793103448275862,0.1517241379310344,1
NP_418323.1,145,0.0896551724137931,0.0896551724137931,0.1103448275862069,0.0896551724137931,1
NP_418324.1,329,0.0820668693009118,0.0851063829787234,0.0577507598784194,0.094224924012158,1
NP_418325.4,72,0.0694444444444444,0.0694444444444444,0.0972222222222222,0.0833333333333333,0
NP_418326.2,72,0.0416666666666666,0.0555555555555555,0.0694444444444444,0.1388888888888889,0
NP_418327.1,309,0.1067961165048543,0.0420711974110032,0.0420711974110032,0.1197411003236245,1
NP_418328.1,211,0.0995260663507109,0.0473933649289099,0.0995260663507109,0.0710900473933649,1
NP_418329.1,300,0.09,0.08,0.0733333333333333,0.0533333333333333,1
NP_418330.1,1016,0.0944881889763779,0.0905511811023622,0.0521653543307086,0.0826771653543307,0
NP_418331.1,277,0.0722021660649819,0.0866425992779783,0.0974729241877256,0.1046931407942238,1
NP_418332.1,351,0.1225071225071225,0.0398860398860398,0.0598290598290598,0.0712250712250712,1
NP_418333.1,582,0.0962199312714776,0.0463917525773195,0.0395189003436426,0.1374570446735395,1
NP_418334.1,356,0.0758426966292134,0.1011235955056179,0.0898876404494382,0.0898876404494382,1
NP_418335.4,483,0.1325051759834368,0.0993788819875776,0.0807453416149068,0.1221532091097308,1
NP_418336.1,148,0.0878378378378378,0.081081081081081,0.0608108108108108,0.1148648648648648,1
NP_418337.1,104,0.0961538461538461,0.0096153846153846,0.0865384615384615,0.0673076923076923,1
NP_418338.1,274,0.0802919708029197,0.0875912408759124,0.0693430656934306,0.1058394160583941,1
NP_418340.1,489,0.0920245398773006,0.0695296523517382,0.0531697341513292,0.1083844580777096,1
NP_418341.1,278,0.0503597122302158,0.0467625899280575,0.0575539568345323,0.1402877697841726,1
NP_418342.2,282,0.0709219858156028,0.0460992907801418,0.0567375886524822,0.1170212765957446,1
NP_418343.1,344,0.1017441860465116,0.1133720930232558,0.0784883720930232,0.1191860465116279,1
NP_418344.3,206,0.1262135922330097,0.0631067961165048,0.0485436893203883,0.0970873786407767,1
NP_418345.2,327,0.1345565749235474,0.110091743119266,0.0948012232415902,0.1070336391437308,1
NP_418346.2,224,0.0892857142857142,0.0758928571428571,0.0625,0.0892857142857142,1
NP_418347.1,457,0.0809628008752735,0.061269146608315,0.0525164113785558,0.1422319474835886,1
NP_418348.1,232,0.0517241379310344,0.0646551724137931,0.0560344827586206,0.1767241379310344,1
NP_418350.1,300,0.1033333333333333,0.0666666666666666,0.08,0.1266666666666666,1
NP_418351.1,320,0.084375,0.11875,0.078125,0.078125,1
NP_418352.1,329,0.1033434650455927,0.0729483282674772,0.0790273556231003,0.0729483282674772,1
NP_418353.1,251,0.0717131474103585,0.0557768924302788,0.0637450199203187,0.1235059760956175,1
NP_418354.1,255,0.1764705882352941,0.0862745098039215,0.0745098039215686,0.0666666666666666,1
NP_418355.1,199,0.1206030150753768,0.0452261306532663,0.0251256281407035,0.1256281407035175,1
NP_418356.1,146,0.0958904109589041,0.0958904109589041,0.0753424657534246,0.1301369863013698,1
NP_418357.1,99,0.1313131313131313,0.0404040404040404,0.0505050505050505,0.0707070707070707,0
NP_418358.1,142,0.0633802816901408,0.0492957746478873,0.028169014084507,0.1478873239436619,1
NP_418359.1,248,0.0766129032258064,0.0685483870967741,0.0806451612903225,0.1290322580645161,1
NP_418360.1,336,0.1160714285714285,0.1101190476190476,0.0744047619047619,0.0952380952380952,1
NP_418361.1,502,0.0916334661354581,0.0856573705179282,0.0717131474103585,0.0717131474103585,1
NP_418362.1,281,0.1209964412811387,0.1138790035587188,0.092526690391459,0.1067615658362989,1
NP_418363.1,81,0.0493827160493827,0.0246913580246913,0.0493827160493827,0.1358024691358024,0
NP_418364.1,161,0.0745341614906832,0.1304347826086956,0.1055900621118012,0.0993788819875776,1
NP_418365.1,308,0.1103896103896103,0.0811688311688311,0.0746753246753246,0.1818181818181818,1
NP_418366.1,443,0.0948081264108352,0.0541760722347629,0.0632054176072234,0.0902934537246049,1
NP_418367.1,176,0.1363636363636363,0.0852272727272727,0.0738636363636363,0.1022727272727272,1
NP_418368.1,319,0.109717868338558,0.0501567398119122,0.0532915360501567,0.0595611285266457,1
NP_418369.1,341,0.0909090909090909,0.064516129032258,0.0586510263929618,0.1026392961876832,1
NP_418370.1,732,0.1051912568306011,0.064207650273224,0.0737704918032786,0.1270491803278688,0
NP_418371.1,70,0.0285714285714285,0.0857142857142857,0.0714285714285714,0.0285714285714285,0
NP_418372.1,202,0.0643564356435643,0.0544554455445544,0.094059405940594,0.0891089108910891,1
NP_418373.1,105,0.0761904761904762,0.0380952380952381,0.0380952380952381,0.0857142857142857,1
NP_418374.1,386,0.1113989637305699,0.0906735751295336,0.0803108808290155,0.1295336787564766,1
NP_418375.1,810,0.1024691358024691,0.0777777777777777,0.0814814814814814,0.1259259259259259,0
NP_418376.1,296,0.0979729729729729,0.0574324324324324,0.0641891891891891,0.081081081081081,1
NP_418377.1,726,0.106060606060606,0.0895316804407713,0.059228650137741,0.0867768595041322,0
NP_418378.4,301,0.1295681063122923,0.0697674418604651,0.0963455149501661,0.1661129568106312,1
NP_418379.1,205,0.0829268292682926,0.0634146341463414,0.0878048780487804,0.0878048780487804,1
NP_418380.4,367,0.1553133514986376,0.0953678474114441,0.0735694822888283,0.1008174386920981,1
NP_418381.1,220,0.1454545454545454,0.0681818181818181,0.0727272727272727,0.109090909090909,1
NP_418384.1,359,0.1225626740947075,0.1253481894150417,0.1253481894150417,0.1030640668523676,1
NP_418385.1,106,0.1792452830188679,0.0566037735849056,0.0849056603773584,0.0471698113207547,1
NP_418386.1,765,0.0836601307189542,0.0666666666666666,0.0522875816993464,0.1176470588235294,0
NP_418387.3,292,0.0787671232876712,0.071917808219178,0.0753424657534246,0.1130136986301369,1
NP_418388.1,113,0.1327433628318584,0.0442477876106194,0.0884955752212389,0.1238938053097345,1
NP_418389.1,283,0.07773851590106,0.0636042402826855,0.0600706713780918,0.1130742049469964,1
NP_418390.1,577,0.0658578856152513,0.0433275563258232,0.0554592720970537,0.1126516464471403,1
NP_418391.1,883,0.0906002265005662,0.0634201585503963,0.0566251415628539,0.1336353340883352,0
NP_418392.1,383,0.0835509138381201,0.0757180156657963,0.0469973890339425,0.1148825065274151,1
NP_418393.1,334,0.1197604790419161,0.0778443113772455,0.0838323353293413,0.1137724550898203,1
NP_418394.3,258,0.1162790697674418,0.1046511627906976,0.0775193798449612,0.1434108527131783,1
NP_418395.1,457,0.1181619256017505,0.0700218818380744,0.0722100656455142,0.1291028446389496,1
NP_418396.1,305,0.0885245901639344,0.0590163934426229,0.0655737704918032,0.1442622950819672,1
NP_418397.2,466,0.0858369098712446,0.0922746781115879,0.0643776824034334,0.0772532188841201,1
NP_418398.3,234,0.1196581196581196,0.0555555555555555,0.0641025641025641,0.0897435897435897,1
NP_418399.1,119,0.1008403361344537,0.0672268907563025,0.1092436974789916,0.134453781512605,1
NP_418400.1,366,0.0901639344262295,0.0327868852459016,0.0601092896174863,0.1065573770491803,1
NP_418401.1,614,0.0667752442996742,0.1026058631921824,0.0667752442996742,0.0732899022801303,0
NP_418402.2,285,0.1263157894736842,0.0596491228070175,0.0947368421052631,0.1298245614035087,1
NP_418403.1,342,0.087719298245614,0.0818713450292397,0.0935672514619883,0.0906432748538011,1
NP_418404.1,321,0.087227414330218,0.1090342679127725,0.0560747663551401,0.1339563862928348,1
NP_418405.1,316,0.0569620253164556,0.0411392405063291,0.0727848101265822,0.1234177215189873,1
NP_418407.1,394,0.0685279187817258,0.1015228426395939,0.0939086294416243,0.0710659898477157,1
NP_418408.1,127,0.1417322834645669,0.0787401574803149,0.1338582677165354,0.1496062992125984,1
NP_418409.1,181,0.0497237569060773,0.0773480662983425,0.1325966850828729,0.0497237569060773,1
NP_418410.1,142,0.1408450704225352,0.0845070422535211,0.0915492957746478,0.0492957746478873,1
NP_418411.1,234,0.141025641025641,0.0854700854700854,0.1239316239316239,0.0726495726495726,1
NP_418412.1,165,0.2,0.0545454545454545,0.0909090909090909,0.0909090909090909,1
NP_418413.1,121,0.2314049586776859,0.0661157024793388,0.1322314049586777,0.0661157024793388,1
NP_418414.1,1342,0.0588673621460506,0.0789865871833084,0.0812220566318926,0.0946348733233979,0
NP_418415.1,1407,0.0881307746979388,0.0817341862117981,0.0767590618336887,0.0987917555081734,0
NP_418416.1,179,0.0670391061452514,0.0446927374301676,0.0558659217877094,0.0837988826815642,1
NP_418417.1,377,0.0928381962864721,0.0557029177718832,0.0424403183023872,0.1167108753315649,1
NP_418418.2,256,0.1640625,0.07421875,0.078125,0.12109375,1
NP_418420.4,251,0.095617529880478,0.0916334661354581,0.0717131474103585,0.1394422310756972,1
NP_418421.1,211,0.1469194312796208,0.0710900473933649,0.0900473933649289,0.1042654028436018,1
NP_418422.1,631,0.0919175911251981,0.0776545166402535,0.0491283676703645,0.0713153724247226,0
NP_418423.1,158,0.0822784810126582,0.0443037974683544,0.0632911392405063,0.1582278481012658,1
NP_418425.1,354,0.0988700564971751,0.0903954802259887,0.0734463276836158,0.1073446327683615,1
NP_418426.2,223,0.116591928251121,0.0672645739910313,0.0807174887892376,0.1121076233183856,1
NP_418427.1,196,0.0765306122448979,0.0459183673469387,0.0510204081632653,0.1071428571428571,1
NP_418428.1,90,0.1666666666666666,0.0666666666666666,0.0777777777777777,0.0777777777777777,0
NP_418429.1,231,0.0692640692640692,0.0562770562770562,0.0606060606060606,0.0952380952380952,1
NP_418430.2,141,0.1418439716312056,0.1205673758865248,0.0283687943262411,0.0709219858156028,1
NP_418431.1,465,0.1075268817204301,0.0731182795698924,0.0795698924731182,0.1225806451612903,1
NP_418432.1,441,0.1156462585034013,0.0612244897959183,0.0748299319727891,0.1269841269841269,1
NP_418433.1,429,0.1258741258741259,0.1048951048951049,0.0862470862470862,0.0769230769230769,1
NP_418434.1,529,0.1323251417769376,0.0793950850661625,0.0812854442344045,0.0623818525519848,1
NP_418435.1,127,0.0944881889763779,0.0314960629921259,0.1023622047244094,0.1181102362204724,1
NP_418436.1,147,0.0748299319727891,0.0748299319727891,0.1156462585034013,0.1088435374149659,1
NP_418437.1,309,0.0679611650485436,0.0355987055016181,0.058252427184466,0.116504854368932,1
NP_418438.1,533,0.0975609756097561,0.0600375234521576,0.048780487804878,0.0938086303939962,1
NP_418439.1,434,0.1290322580645161,0.0806451612903225,0.0599078341013824,0.076036866359447,1
NP_418440.1,578,0.07439446366782,0.0501730103806228,0.0588235294117647,0.1055363321799307,1
NP_418441.1,728,0.0728021978021978,0.037087912087912,0.048076923076923,0.1181318681318681,0
NP_418442.2,274,0.1204379562043795,0.0802919708029197,0.0620437956204379,0.1094890510948905,1
NP_418443.1,1227,0.1108394458027709,0.0709046454767726,0.0749796251018744,0.0782396088019559,0
NP_418444.1,543,0.1104972375690607,0.0607734806629834,0.0773480662983425,0.1712707182320442,1
NP_418445.1,229,0.1048034934497816,0.0960698689956331,0.0786026200873362,0.1179039301310043,1
NP_418446.1,290,0.0413793103448275,0.0862068965517241,0.0862068965517241,0.0793103448275862,1
NP_418447.1,90,0.1,0.0222222222222222,0.0222222222222222,0.0777777777777777,0
NP_418448.1,449,0.111358574610245,0.066815144766147,0.0846325167037861,0.1403118040089087,1
NP_418449.1,549,0.087431693989071,0.0710382513661202,0.0601092896174863,0.0837887067395264,1
NP_418450.1,80,0.2125,0.125,0.1,0.0375,0
NP_418451.4,212,0.080188679245283,0.070754716981132,0.0754716981132075,0.1037735849056603,1
NP_418452.1,245,0.1224489795918367,0.073469387755102,0.0775510204081632,0.1061224489795918,1
NP_418453.1,698,0.0659025787965616,0.0945558739255014,0.0659025787965616,0.0945558739255014,0
NP_418454.1,136,0.0441176470588235,0.0441176470588235,0.1102941176470588,0.1911764705882352,1
NP_418455.1,491,0.0977596741344195,0.0957230142566191,0.0794297352342158,0.1140529531568228,1
NP_418456.1,296,0.125,0.0743243243243243,0.081081081081081,0.1554054054054054,1
NP_418457.1,514,0.0856031128404669,0.0894941634241245,0.0603112840466926,0.1322957198443579,1
NP_418458.1,396,0.1262626262626262,0.0757575757575757,0.0505050505050505,0.0858585858585858,1
NP_418459.1,371,0.0754716981132075,0.0754716981132075,0.1159029649595687,0.1078167115902965,1
NP_418460.1,446,0.0896860986547085,0.1098654708520179,0.0538116591928251,0.0493273542600896,1
NP_418461.1,306,0.1143790849673202,0.065359477124183,0.0849673202614379,0.1078431372549019,1
NP_418463.4,165,0.0484848484848484,0.0666666666666666,0.0363636363636363,0.1939393939393939,1
NP_418464.1,290,0.1206896551724138,0.0655172413793103,0.0896551724137931,0.1551724137931034,1
NP_418465.4,807,0.0830235439900867,0.0557620817843866,0.0594795539033457,0.1288723667905824,0
NP_418466.1,122,0.1475409836065573,0.0655737704918032,0.1147540983606557,0.0983606557377049,1
NP_418467.1,202,0.0792079207920792,0.0841584158415841,0.094059405940594,0.1089108910891089,1
NP_418468.3,459,0.1372549019607843,0.0806100217864923,0.0806100217864923,0.1982570806100217,1
NP_418469.1,69,0.0289855072463768,0.1014492753623188,0.0579710144927536,0.0289855072463768,0
NP_418470.4,171,0.1052631578947368,0.0350877192982456,0.0760233918128654,0.1111111111111111,1
NP_418471.1,84,0.0714285714285714,0.0595238095238095,0.0,0.0833333333333333,0
NP_418472.1,235,0.0638297872340425,0.0382978723404255,0.0382978723404255,0.0978723404255319,1
NP_418473.3,345,0.0898550724637681,0.081159420289855,0.0637681159420289,0.0898550724637681,1
NP_418474.4,80,0.1125,0.0625,0.125,0.1875,0
NP_418475.1,327,0.1162079510703364,0.0948012232415902,0.0764525993883792,0.0948012232415902,1
NP_418476.1,471,0.0912951167728237,0.0636942675159235,0.0594479830148619,0.0934182590233545,1
NP_418477.1,359,0.1114206128133704,0.0891364902506963,0.0919220055710306,0.0947075208913649,1
NP_418478.1,397,0.1284634760705289,0.0755667506297229,0.0755667506297229,0.1083123425692695,1
NP_418479.1,237,0.0970464135021097,0.0632911392405063,0.0675105485232067,0.0590717299578059,1
NP_418480.1,138,0.036231884057971,0.0869565217391304,0.0434782608695652,0.1304347826086956,1
NP_418481.1,118,0.0762711864406779,0.0169491525423728,0.0932203389830508,0.135593220338983,1
NP_418482.1,940,0.0723404255319148,0.0861702127659574,0.0712765957446808,0.102127659574468,0
NP_418483.1,178,0.0730337078651685,0.1629213483146067,0.0730337078651685,0.0449438202247191,1
NP_418484.4,93,0.086021505376344,0.064516129032258,0.086021505376344,0.1290322580645161,0
NP_418485.1,528,0.0833333333333333,0.043560606060606,0.0549242424242424,0.115530303030303,1
NP_418486.1,107,0.0467289719626168,0.02803738317757,0.0560747663551401,0.0934579439252336,1
NP_418487.1,154,0.0714285714285714,0.0974025974025974,0.0454545454545454,0.1233766233766233,1
NP_418488.1,449,0.1202672605790645,0.1247216035634743,0.1180400890868596,0.1358574610244989,1
NP_418489.1,549,0.1038251366120218,0.0746812386156648,0.087431693989071,0.151183970856102,1
NP_418490.1,430,0.0581395348837209,0.027906976744186,0.0488372093023255,0.0837209302325581,1
NP_418491.1,549,0.1275045537340619,0.1056466302367941,0.0801457194899817,0.1202185792349726,1
NP_418492.1,104,0.0673076923076923,0.0865384615384615,0.0865384615384615,0.0961538461538461,1
NP_418493.1,652,0.0889570552147239,0.0874233128834355,0.0720858895705521,0.0751533742331288,0
NP_418494.1,478,0.1192468619246862,0.0564853556485355,0.0418410041841004,0.0585774058577405,1
NP_418495.2,188,0.0691489361702127,0.0478723404255319,0.0744680851063829,0.0797872340425532,1
NP_418496.1,223,0.0807174887892376,0.0717488789237668,0.0941704035874439,0.0672645739910313,1
NP_418497.1,318,0.0943396226415094,0.0880503144654088,0.10062893081761,0.1886792452830188,1
NP_418498.1,552,0.1032608695652173,0.0887681159420289,0.072463768115942,0.1865942028985507,1
NP_418499.1,127,0.0866141732283464,0.0393700787401574,0.0944881889763779,0.1574803149606299,1
NP_418500.1,198,0.1262626262626262,0.0151515151515151,0.0404040404040404,0.1515151515151515,1
NP_418501.1,437,0.0938215102974828,0.0755148741418764,0.1121281464530892,0.1304347826086956,1
NP_418502.1,229,0.1441048034934497,0.074235807860262,0.0262008733624454,0.1004366812227074,1
NP_418503.1,715,0.1062937062937063,0.0755244755244755,0.0699300699300699,0.0615384615384615,0
NP_418504.1,488,0.1331967213114754,0.0635245901639344,0.0573770491803278,0.1331967213114754,1
NP_418505.2,683,0.1112737920937042,0.0453879941434846,0.0702781844802342,0.1346998535871156,0
NP_418506.1,343,0.151603498542274,0.0495626822157434,0.1020408163265306,0.0903790087463556,1
NP_418507.2,661,0.1059001512859304,0.0786686838124054,0.0559757942511346,0.0847201210287443,0
NP_418508.1,309,0.1132686084142394,0.0809061488673139,0.0679611650485436,0.1067961165048543,1
NP_418509.1,231,0.0995670995670995,0.0476190476190476,0.0519480519480519,0.0865800865800865,1
NP_418510.1,326,0.1012269938650306,0.1257668711656441,0.0950920245398773,0.107361963190184,1
NP_418511.1,510,0.0607843137254901,0.0764705882352941,0.0764705882352941,0.0980392156862745,1
NP_418512.1,311,0.1382636655948553,0.0868167202572347,0.0932475884244373,0.0803858520900321,1
NP_418513.4,296,0.1148648648648648,0.0574324324324324,0.0743243243243243,0.0979729729729729,1
NP_418514.1,149,0.1140939597315436,0.1140939597315436,0.1073825503355704,0.0604026845637583,1
NP_418516.1,252,0.0714285714285714,0.0833333333333333,0.0714285714285714,0.119047619047619,1
NP_418517.1,144,0.1111111111111111,0.0625,0.0625,0.1180555555555555,1
NP_418518.1,185,0.1027027027027027,0.0702702702702702,0.0432432432432432,0.1567567567567567,1
NP_418519.1,378,0.1084656084656084,0.0634920634920634,0.0687830687830687,0.1084656084656084,1
NP_418520.1,226,0.1017699115044247,0.0663716814159292,0.1106194690265486,0.1106194690265486,1
NP_418522.1,281,0.0676156583629893,0.0640569395017793,0.0747330960854092,0.0498220640569395,1
NP_418523.1,354,0.1101694915254237,0.0847457627118644,0.059322033898305,0.1186440677966101,1
NP_418524.1,194,0.1030927835051546,0.0515463917525773,0.0618556701030927,0.1494845360824742,1
NP_418525.1,150,0.1733333333333333,0.06,0.0533333333333333,0.0866666666666666,1
NP_418526.1,241,0.0788381742738589,0.0497925311203319,0.0539419087136929,0.1286307053941908,1
NP_418529.1,338,0.1005917159763313,0.0532544378698224,0.0621301775147929,0.1005917159763313,1
NP_418530.1,262,0.0839694656488549,0.0725190839694656,0.0801526717557251,0.1068702290076335,1
NP_418531.1,147,0.1088435374149659,0.0816326530612244,0.0476190476190476,0.0544217687074829,1
NP_418532.1,111,0.045045045045045,0.072072072072072,0.054054054054054,0.072072072072072,1
NP_418533.1,742,0.0943396226415094,0.036388140161725,0.0606469002695417,0.1334231805929919,0
NP_418534.4,292,0.1130136986301369,0.0650684931506849,0.0445205479452054,0.1506849315068493,1
NP_418535.1,500,0.094,0.086,0.078,0.12,1
NP_418536.1,363,0.0798898071625344,0.046831955922865,0.0688705234159779,0.1487603305785124,1
NP_418537.1,222,0.0765765765765765,0.072072072072072,0.063063063063063,0.1621621621621621,1
NP_418538.2,547,0.0712979890310786,0.0475319926873857,0.0694698354661791,0.1371115173674588,1
NP_418539.1,445,0.1258426966292135,0.1033707865168539,0.1033707865168539,0.1101123595505618,1
NP_418540.1,253,0.0434782608695652,0.0158102766798418,0.0711462450592885,0.1067193675889328,1
NP_418541.2,755,0.0821192052980132,0.0741721854304635,0.0688741721854304,0.0781456953642384,0
NP_418542.1,302,0.0496688741721854,0.043046357615894,0.0529801324503311,0.0894039735099337,1
NP_418543.1,451,0.0953436807095343,0.0620842572062084,0.0620842572062084,0.0864745011086474,1
NP_418544.2,473,0.080338266384778,0.0761099365750528,0.1078224101479915,0.1226215644820296,1
NP_418545.1,209,0.0909090909090909,0.0765550239234449,0.0765550239234449,0.1674641148325359,1
NP_418546.1,548,0.0967153284671532,0.0912408759124087,0.0547445255474452,0.0930656934306569,1
NP_418547.1,446,0.1076233183856502,0.085201793721973,0.0964125560538116,0.1188340807174887,1
NP_418548.1,239,0.0711297071129707,0.0376569037656903,0.0543933054393305,0.1087866108786611,1
NP_418549.1,543,0.0570902394106814,0.0736648250460405,0.0791896869244935,0.1233885819521178,1
NP_418550.1,76,0.0526315789473684,0.0921052631578947,0.0921052631578947,0.0657894736842105,0
NP_418551.1,90,0.0444444444444444,0.0666666666666666,0.0666666666666666,0.0444444444444444,0
NP_418552.1,98,0.0408163265306122,0.0204081632653061,0.0510204081632653,0.1020408163265306,0
NP_418553.1,505,0.0811881188118811,0.0653465346534653,0.0554455445544554,0.0891089108910891,1
NP_418554.1,485,0.1257731958762886,0.0845360824742268,0.0659793814432989,0.1381443298969072,1
NP_418555.1,715,0.0643356643356643,0.0615384615384615,0.0531468531468531,0.0895104895104895,0
NP_418556.1,444,0.1328828828828828,0.1013513513513513,0.0833333333333333,0.1013513513513513,1
NP_418557.1,512,0.060546875,0.0390625,0.072265625,0.11328125,1
NP_418558.2,191,0.1047120418848167,0.0366492146596858,0.0523560209424083,0.1465968586387434,1
NP_418559.1,565,0.1097345132743362,0.0778761061946902,0.0707964601769911,0.1398230088495575,1
NP_418560.1,112,0.1160714285714285,0.0267857142857142,0.0714285714285714,0.1607142857142857,1
NP_418561.1,433,0.1085450346420323,0.0808314087759815,0.1085450346420323,0.1293302540415704,1
NP_418562.4,478,0.0878661087866108,0.0711297071129707,0.0899581589958159,0.0920502092050209,1
NP_418564.2,158,0.050632911392405,0.0949367088607595,0.0759493670886076,0.1582278481012658,1
NP_418565.1,418,0.1339712918660287,0.0980861244019138,0.0813397129186602,0.1698564593301435,1
NP_418566.1,97,0.0721649484536082,0.1030927835051546,0.134020618556701,0.0721649484536082,0
NP_418567.1,548,0.1350364963503649,0.1076642335766423,0.1058394160583941,0.0766423357664233,1
NP_418568.2,117,0.1111111111111111,0.1452991452991453,0.0598290598290598,0.0683760683760683,1
NP_418569.1,289,0.0899653979238754,0.0311418685121107,0.0622837370242214,0.1280276816608996,1
NP_418570.1,342,0.0847953216374269,0.043859649122807,0.0730994152046783,0.1491228070175438,1
NP_418571.1,188,0.0851063829787234,0.0904255319148936,0.0957446808510638,0.0797872340425532,1
NP_418572.4,105,0.1333333333333333,0.1047619047619047,0.1142857142857142,0.1523809523809524,1
NP_418573.1,177,0.096045197740113,0.0847457627118644,0.0847457627118644,0.0790960451977401,1
NP_418574.1,377,0.1061007957559681,0.0769230769230769,0.0583554376657824,0.0901856763925729,1
NP_418575.1,119,0.0840336134453781,0.1008403361344537,0.1008403361344537,0.1512605042016806,1
NP_418576.1,131,0.1068702290076335,0.0381679389312977,0.0916030534351145,0.1068702290076335,1
NP_418577.1,244,0.0983606557377049,0.0573770491803278,0.0573770491803278,0.0696721311475409,1
NP_418578.1,602,0.101328903654485,0.1096345514950166,0.0681063122923588,0.0797342192691029,0
NP_418579.2,325,0.0923076923076923,0.0492307692307692,0.0646153846153846,0.1107692307692307,1
NP_418580.2,500,0.1,0.082,0.086,0.112,1
NP_418581.1,104,0.0673076923076923,0.0673076923076923,0.0769230769230769,0.0865384615384615,1
NP_418582.1,104,0.0673076923076923,0.048076923076923,0.0576923076923076,0.125,1
NP_418583.1,1107,0.0993676603432701,0.052393857271906,0.053297199638663,0.1535682023486901,0
NP_418584.1,322,0.0745341614906832,0.0683229813664596,0.0807453416149068,0.1118012422360248,1
NP_418585.4,350,0.0571428571428571,0.08,0.0742857142857142,0.0857142857142857,1
NP_418586.4,181,0.0883977900552486,0.0497237569060773,0.0441988950276243,0.1104972375690607,1
NP_418587.1,379,0.0765171503957783,0.0659630606860158,0.0474934036939313,0.1319261213720316,1
NP_418588.1,515,0.1320388349514563,0.1029126213592233,0.0699029126213592,0.1145631067961165,1
NP_418589.1,153,0.0980392156862745,0.0915032679738562,0.0718954248366013,0.1241830065359477,1
NP_418590.1,445,0.1011235955056179,0.0719101123595505,0.0786516853932584,0.0853932584269663,1
NP_418591.1,615,0.1219512195121951,0.0520325203252032,0.0617886178861788,0.1138211382113821,0
NP_418592.1,316,0.1265822784810126,0.0632911392405063,0.050632911392405,0.1170886075949367,1
NP_418593.1,102,0.0588235294117647,0.0686274509803921,0.088235294117647,0.0686274509803921,1
NP_418594.1,426,0.0892018779342723,0.056338028169014,0.0821596244131455,0.1150234741784037,1
NP_418595.1,419,0.0954653937947494,0.1026252983293556,0.0644391408114558,0.071599045346062,1
NP_418596.1,334,0.0988023952095808,0.0538922155688622,0.0838323353293413,0.0658682634730539,1
NP_418597.1,65,0.0769230769230769,0.1076923076923077,0.1076923076923077,0.1692307692307692,0
NP_418598.1,432,0.074074074074074,0.1064814814814814,0.0902777777777777,0.1018518518518518,1
NP_418599.1,141,0.0709219858156028,0.0638297872340425,0.0851063829787234,0.1347517730496454,1
NP_418600.4,813,0.082410824108241,0.072570725707257,0.07380073800738,0.087330873308733,0
NP_418601.1,243,0.1111111111111111,0.074074074074074,0.0781893004115226,0.1152263374485596,1
NP_418602.1,133,0.0526315789473684,0.0225563909774436,0.0526315789473684,0.1278195488721804,1
NP_418603.1,232,0.1422413793103448,0.0474137931034482,0.0689655172413793,0.1120689655172413,1
NP_418604.1,219,0.0547945205479452,0.091324200913242,0.0365296803652968,0.1095890410958904,1
NP_418605.1,132,0.1515151515151515,0.0757575757575757,0.053030303030303,0.1136363636363636,1
NP_418606.1,212,0.070754716981132,0.1132075471698113,0.0518867924528301,0.0283018867924528,1
NP_418607.1,387,0.0671834625322997,0.0594315245478036,0.0465116279069767,0.0930232558139534,1
NP_418608.6,541,0.0979667282809611,0.0850277264325323,0.0536044362292051,0.1367837338262477,1
NP_418609.4,91,0.1318681318681318,0.0439560439560439,0.0659340659340659,0.0769230769230769,0
NP_418610.4,109,0.110091743119266,0.0458715596330275,0.110091743119266,0.0825688073394495,1
NP_418611.1,249,0.1164658634538152,0.0562248995983935,0.0522088353413654,0.1244979919678714,1
NP_418612.1,251,0.0796812749003984,0.0796812749003984,0.0717131474103585,0.1075697211155378,1
NP_418613.2,354,0.0649717514124293,0.0819209039548022,0.0706214689265536,0.0677966101694915,1
NP_418614.4,465,0.1075268817204301,0.0924731182795698,0.075268817204301,0.0881720430107526,1
NP_418615.1,101,0.0594059405940594,0.0891089108910891,0.1089108910891089,0.0594059405940594,1
NP_418616.1,154,0.1038961038961039,0.0519480519480519,0.0909090909090909,0.0974025974025974,1
NP_418617.1,216,0.1388888888888889,0.0787037037037037,0.0833333333333333,0.0787037037037037,1
NP_418618.1,284,0.1056338028169014,0.0669014084507042,0.0809859154929577,0.0880281690140845,1
NP_418619.1,228,0.0964912280701754,0.0921052631578947,0.087719298245614,0.0657894736842105,1
NP_418620.1,91,0.1428571428571428,0.0439560439560439,0.0549450549450549,0.0989010989010989,0
NP_418621.5,131,0.1068702290076335,0.0381679389312977,0.0763358778625954,0.0381679389312977,1
NP_418622.1,104,0.0576923076923076,0.0769230769230769,0.0961538461538461,0.0673076923076923,1
NP_418623.1,75,0.0933333333333333,0.04,0.0266666666666666,0.0666666666666666,0
NP_418624.1,149,0.1610738255033557,0.0738255033557047,0.1342281879194631,0.0805369127516778,1
NP_418625.1,264,0.0795454545454545,0.0643939393939393,0.0378787878787878,0.1098484848484848,1
NP_418627.4,212,0.070754716981132,0.0660377358490566,0.0754716981132075,0.070754716981132,1
NP_418628.4,206,0.1067961165048543,0.1019417475728155,0.0922330097087378,0.0922330097087378,1
NP_418629.1,470,0.1,0.0744680851063829,0.1085106382978723,0.1127659574468085,1
NP_418630.1,220,0.0954545454545454,0.0454545454545454,0.0454545454545454,0.109090909090909,1
NP_418631.2,321,0.1059190031152648,0.0716510903426791,0.087227414330218,0.1744548286604361,1
NP_418632.1,286,0.1713286713286713,0.0874125874125874,0.0629370629370629,0.1083916083916083,1
NP_418633.4,126,0.0873015873015873,0.0555555555555555,0.1031746031746031,0.1428571428571428,1
NP_418634.1,647,0.1128284389489953,0.0695517774343122,0.080370942812983,0.0726429675425038,0
NP_418635.1,246,0.1056910569105691,0.073170731707317,0.0934959349593495,0.073170731707317,1
NP_418637.1,184,0.0815217391304347,0.0597826086956521,0.0815217391304347,0.1195652173913043,1
NP_418638.2,68,0.0441176470588235,0.0441176470588235,0.1029411764705882,0.1029411764705882,0
NP_418639.1,447,0.076062639821029,0.0536912751677852,0.0827740492170022,0.1140939597315436,1
NP_418640.1,212,0.1132075471698113,0.0896226415094339,0.0566037735849056,0.0613207547169811,1
NP_418641.1,577,0.0554592720970537,0.0935875216637781,0.072790294627383,0.0918544194107452,1
NP_418642.1,1259,0.0667196187450357,0.0905480540111199,0.0873709293089753,0.1215250198570293,0
NP_418643.1,113,0.0619469026548672,0.1150442477876106,0.0530973451327433,0.1061946902654867,1
NP_418645.2,83,0.072289156626506,0.0602409638554216,0.0602409638554216,0.0963855421686747,0
NP_418646.1,116,0.1120689655172413,0.1034482758620689,0.1379310344827586,0.1120689655172413,1
NP_418647.1,176,0.0909090909090909,0.0511363636363636,0.0909090909090909,0.0852272727272727,1
NP_418648.1,318,0.1132075471698113,0.0786163522012578,0.0786163522012578,0.0691823899371069,1
NP_418651.3,341,0.1143695014662756,0.1026392961876832,0.1055718475073313,0.1554252199413489,1
NP_418652.2,331,0.0876132930513595,0.1238670694864048,0.0845921450151057,0.1359516616314199,1
NP_418653.1,332,0.072289156626506,0.0873493975903614,0.0783132530120482,0.0813253012048192,1
NP_418654.1,457,0.1072210065645514,0.0984682713347921,0.074398249452954,0.0940919037199124,1
NP_418655.1,183,0.0765027322404371,0.0437158469945355,0.0382513661202185,0.1256830601092896,1
NP_418656.1,450,0.1022222222222222,0.0977777777777777,0.0644444444444444,0.0911111111111111,1
NP_418658.1,154,0.0259740259740259,0.0779220779220779,0.0974025974025974,0.0844155844155844,1
NP_418659.1,712,0.0814606741573033,0.0786516853932584,0.0646067415730337,0.074438202247191,0
NP_418660.1,551,0.0707803992740471,0.0707803992740471,0.0508166969147005,0.0889292196007259,1
NP_418661.1,473,0.0930232558139534,0.1035940803382663,0.0824524312896406,0.120507399577167,1
NP_418662.1,315,0.0984126984126984,0.0698412698412698,0.0793650793650793,0.1079365079365079,1
NP_418663.1,898,0.0924276169265033,0.0579064587973273,0.0812917594654788,0.1202672605790645,0
NP_418664.2,128,0.1484375,0.0546875,0.125,0.0390625,1
NP_418665.1,153,0.065359477124183,0.0392156862745098,0.0784313725490196,0.0980392156862745,1
NP_418666.1,311,0.1093247588424437,0.0482315112540192,0.0707395498392283,0.1221864951768488,1
NP_418667.1,44,0.0454545454545454,0.0681818181818181,0.0909090909090909,0.1136363636363636,0
NP_418669.1,131,0.1068702290076335,0.0610687022900763,0.0763358778625954,0.0534351145038167,1
NP_418670.1,237,0.160337552742616,0.1265822784810126,0.080168776371308,0.0590717299578059,1
NP_418672.4,197,0.1370558375634517,0.0710659898477157,0.0761421319796954,0.065989847715736,1
NP_418673.4,150,0.1,0.0666666666666666,0.0733333333333333,0.08,1
NP_418674.2,604,0.0331125827814569,0.0347682119205298,0.043046357615894,0.1158940397350993,0
NP_418675.1,334,0.1107784431137724,0.0778443113772455,0.059880239520958,0.1077844311377245,1
NP_418676.1,138,0.072463768115942,0.0579710144927536,0.0579710144927536,0.108695652173913,1
NP_418679.1,951,0.0820189274447949,0.0694006309148265,0.0641430073606729,0.0830704521556256,0
NP_418680.1,147,0.1292517006802721,0.0476190476190476,0.0680272108843537,0.0884353741496598,1
NP_418681.1,503,0.0954274353876739,0.0974155069582504,0.0675944333996023,0.099403578528827,1
NP_418682.1,366,0.0983606557377049,0.0628415300546448,0.0928961748633879,0.1557377049180328,1
NP_418683.4,360,0.075,0.0916666666666666,0.0805555555555555,0.1277777777777777,1
NP_418684.1,500,0.09,0.096,0.074,0.118,1
NP_418685.1,332,0.0692771084337349,0.0572289156626506,0.0481927710843373,0.1054216867469879,1
NP_418686.1,439,0.1184510250569476,0.1002277904328018,0.1002277904328018,0.1321184510250569,1
NP_418687.1,254,0.1220472440944882,0.0826771653543307,0.0866141732283464,0.0787401574803149,1
NP_418688.1,343,0.0874635568513119,0.0932944606413994,0.1020408163265306,0.0612244897959183,1
NP_418689.1,187,0.0855614973262032,0.0641711229946524,0.0427807486631016,0.1016042780748663,1
NP_418690.4,339,0.1002949852507374,0.103244837758112,0.0855457227138643,0.0825958702064896,1
NP_418692.2,121,0.1239669421487603,0.0743801652892562,0.0743801652892562,0.1074380165289256,1
NP_418693.1,301,0.0863787375415282,0.0631229235880398,0.0631229235880398,0.0930232558139534,1
NP_418697.1,109,0.036697247706422,0.1192660550458715,0.055045871559633,0.1376146788990825,1
NP_418698.1,442,0.0701357466063348,0.0678733031674208,0.0542986425339366,0.1312217194570135,1
NP_418699.4,405,0.0839506172839506,0.1086419753086419,0.074074074074074,0.1160493827160493,1
NP_418700.2,372,0.075268817204301,0.086021505376344,0.0564516129032258,0.0806451612903225,1
NP_418704.1,383,0.0574412532637075,0.0574412532637075,0.0391644908616188,0.1044386422976501,1
NP_418707.1,255,0.0549019607843137,0.0705882352941176,0.0901960784313725,0.1490196078431372,1
NP_418708.1,318,0.1257861635220125,0.0754716981132075,0.0880503144654088,0.210691823899371,1
NP_418709.1,332,0.1355421686746988,0.0873493975903614,0.0903614457831325,0.2018072289156626,1
NP_418710.4,300,0.1433333333333333,0.0466666666666666,0.0733333333333333,0.11,1
NP_418711.1,774,0.0762273901808785,0.1020671834625323,0.0529715762273901,0.0852713178294573,0
NP_418712.1,317,0.0914826498422713,0.0694006309148265,0.0662460567823343,0.1230283911671924,1
NP_418713.1,173,0.0809248554913294,0.0520231213872832,0.0462427745664739,0.1618497109826589,1
NP_418714.1,91,0.0769230769230769,0.0989010989010989,0.0549450549450549,0.0549450549450549,0
NP_418715.2,328,0.0762195121951219,0.0823170731707317,0.0975609756097561,0.1036585365853658,1
NP_418716.1,449,0.1002227171492204,0.1091314031180401,0.0757238307349666,0.1514476614699332,1
NP_418717.1,655,0.1053435114503816,0.1007633587786259,0.0610687022900763,0.0977099236641221,0
NP_418718.4,301,0.0930232558139534,0.0764119601328903,0.0863787375415282,0.1096345514950166,1
NP_418719.1,262,0.0534351145038167,0.0648854961832061,0.049618320610687,0.1412213740458015,1
NP_418720.1,260,0.0846153846153846,0.0576923076923076,0.0576923076923076,0.0846153846153846,1
NP_418721.1,210,0.1333333333333333,0.0571428571428571,0.0380952380952381,0.1,1
NP_418722.1,143,0.1328671328671328,0.0559440559440559,0.0699300699300699,0.0839160839160839,1
NP_418723.1,268,0.1044776119402985,0.0708955223880597,0.1007462686567164,0.0746268656716417,1
NP_418724.1,437,0.0869565217391304,0.1098398169336384,0.1098398169336384,0.1167048054919908,1
NP_418725.4,373,0.0831099195710455,0.0804289544235924,0.0831099195710455,0.0965147453083109,1
NP_418726.1,248,0.1209677419354838,0.0967741935483871,0.0564516129032258,0.0846774193548387,1
NP_418727.1,181,0.0994475138121546,0.0883977900552486,0.0441988950276243,0.0939226519337016,1
NP_418729.1,326,0.0920245398773006,0.0736196319018405,0.0306748466257668,0.0674846625766871,1
NP_418730.4,368,0.1005434782608695,0.1195652173913043,0.0597826086956521,0.0652173913043478,1
NP_418731.2,238,0.0588235294117647,0.0630252100840336,0.0546218487394958,0.0756302521008403,1
NP_418732.1,200,0.08,0.065,0.02,0.11,1
NP_418733.1,198,0.0959595959595959,0.0707070707070707,0.0353535353535353,0.0959595959595959,1
NP_418734.1,182,0.1978021978021978,0.0879120879120879,0.0934065934065934,0.0824175824175824,1
NP_418735.2,179,0.0949720670391061,0.106145251396648,0.0837988826815642,0.0782122905027933,1
NP_418736.3,241,0.0954356846473029,0.0539419087136929,0.0622406639004149,0.1078838174273859,1
NP_418737.1,878,0.082004555808656,0.0956719817767653,0.0569476082004555,0.0956719817767653,0
NP_418738.1,176,0.1363636363636363,0.0568181818181818,0.0738636363636363,0.1136363636363636,1
NP_418739.1,167,0.1377245508982036,0.0778443113772455,0.0898203592814371,0.0778443113772455,1
NP_418740.1,300,0.0866666666666666,0.1,0.1233333333333333,0.07,1
NP_418741.1,447,0.1185682326621924,0.087248322147651,0.1073825503355704,0.1342281879194631,1
NP_418742.1,394,0.0888324873096446,0.0634517766497461,0.0736040609137055,0.0736040609137055,1
NP_418743.1,486,0.1131687242798353,0.0699588477366255,0.0699588477366255,0.1069958847736625,1
NP_418744.1,257,0.1011673151750972,0.0428015564202334,0.0505836575875486,0.1167315175097276,1
NP_418745.3,276,0.072463768115942,0.0797101449275362,0.036231884057971,0.0905797101449275,1
NP_418746.4,130,0.0615384615384615,0.0307692307692307,0.0538461538461538,0.1615384615384615,1
NP_418747.1,303,0.0792079207920792,0.0396039603960396,0.0462046204620462,0.132013201320132,1
NP_418748.1,390,0.0948717948717948,0.1025641025641025,0.0897435897435897,0.1025641025641025,1
NP_418749.1,153,0.1241830065359477,0.0915032679738562,0.1241830065359477,0.1241830065359477,1
NP_418750.2,227,0.1233480176211453,0.1233480176211453,0.0704845814977973,0.1101321585903083,1
NP_418751.4,184,0.1141304347826086,0.0652173913043478,0.0706521739130434,0.092391304347826,1
NP_418752.1,392,0.1147959183673469,0.1020408163265306,0.0510204081632653,0.1938775510204081,1
NP_418753.3,286,0.0629370629370629,0.0489510489510489,0.0629370629370629,0.0769230769230769,1
NP_418754.2,255,0.1215686274509803,0.0862745098039215,0.0627450980392156,0.0862745098039215,1
NP_418755.4,383,0.0913838120104438,0.06266318537859,0.0809399477806788,0.0861618798955613,1
NP_418756.1,426,0.1103286384976525,0.0446009389671361,0.056338028169014,0.1431924882629108,1
NP_418757.1,410,0.1097560975609756,0.0707317073170731,0.1024390243902439,0.1292682926829268,1
NP_418760.1,470,0.0723404255319148,0.0553191489361702,0.076595744680851,0.1,1
NP_418761.1,54,0.0555555555555555,0.037037037037037,0.074074074074074,0.0925925925925925,0
NP_418765.1,348,0.0316091954022988,0.0603448275862069,0.0344827586206896,0.1206896551724138,1
NP_418766.4,459,0.0457516339869281,0.0610021786492374,0.0435729847494553,0.074074074074074,1
NP_418767.4,113,0.1415929203539823,0.0619469026548672,0.0973451327433628,0.0530973451327433,1
NP_418768.1,464,0.0818965517241379,0.0603448275862069,0.0603448275862069,0.105603448275862,1
NP_418769.1,529,0.0680529300567107,0.0775047258979206,0.052930056710775,0.109640831758034,1
NP_418770.2,1170,0.0803418803418803,0.0487179487179487,0.0658119658119658,0.0948717948717948,0
NP_418771.1,304,0.0953947368421052,0.0822368421052631,0.0921052631578947,0.1118421052631579,1
NP_418772.4,318,0.0691823899371069,0.0691823899371069,0.0691823899371069,0.1226415094339622,1
NP_418773.1,67,0.0597014925373134,0.1343283582089552,0.0149253731343283,0.044776119402985,0
NP_418774.2,716,0.106145251396648,0.0963687150837988,0.0935754189944134,0.1173184357541899,0
NP_418775.1,551,0.1415607985480943,0.0635208711433756,0.0834845735027223,0.0816696914700544,1
NP_418776.1,453,0.1059602649006622,0.0883002207505518,0.0618101545253863,0.108167770419426,1
NP_418778.4,340,0.1147058823529411,0.0941176470588235,0.0823529411764705,0.0705882352941176,1
NP_418779.2,763,0.0694626474442988,0.073394495412844,0.0655307994757536,0.1009174311926605,0
NP_418780.2,164,0.1158536585365853,0.073170731707317,0.0365853658536585,0.1463414634146341,1
NP_418781.1,245,0.0612244897959183,0.0653061224489796,0.0530612244897959,0.0897959183673469,1
NP_418782.1,179,0.1452513966480447,0.0670391061452514,0.1005586592178771,0.0949720670391061,1
NP_418783.2,157,0.10828025477707,0.0828025477707006,0.0764331210191082,0.1273885350318471,1
NP_418784.4,256,0.09765625,0.0703125,0.07421875,0.140625,1
NP_418785.1,241,0.0871369294605809,0.0456431535269709,0.0580912863070539,0.1078838174273859,1
NP_418786.4,225,0.0711111111111111,0.04,0.04,0.1111111111111111,1
NP_418787.1,262,0.0801526717557251,0.0343511450381679,0.0648854961832061,0.1374045801526717,1
NP_418788.1,343,0.1020408163265306,0.075801749271137,0.0845481049562682,0.1049562682215743,1
NP_418789.1,137,0.1094890510948905,0.0437956204379562,0.0583941605839416,0.1386861313868613,1
NP_418790.1,148,0.1351351351351351,0.0472972972972973,0.0337837837837837,0.1081081081081081,1
NP_418791.1,225,0.0888888888888888,0.0711111111111111,0.0533333333333333,0.1111111111111111,1
NP_418792.1,529,0.0718336483931947,0.0718336483931947,0.0812854442344045,0.0926275992438563,1
NP_418793.1,201,0.1194029850746268,0.0597014925373134,0.1293532338308457,0.0547263681592039,1
NP_418794.1,357,0.0840336134453781,0.072829131652661,0.0616246498599439,0.1008403361344537,1
NP_418796.1,287,0.0836236933797909,0.073170731707317,0.0871080139372822,0.1219512195121951,1
NP_418797.1,516,0.0891472868217054,0.0600775193798449,0.0523255813953488,0.1085271317829457,1
NP_418798.1,259,0.1544401544401544,0.0694980694980695,0.0617760617760617,0.0849420849420849,1
NP_418799.1,440,0.1272727272727272,0.0886363636363636,0.0772727272727272,0.0818181818181818,1
NP_418800.1,407,0.0909090909090909,0.113022113022113,0.054054054054054,0.085995085995086,1
NP_418801.1,239,0.1087866108786611,0.0962343096234309,0.0836820083682008,0.0627615062761506,1
NP_418802.1,443,0.1015801354401805,0.0722347629796839,0.0609480812641083,0.1015801354401805,1
NP_418803.1,338,0.0976331360946745,0.0650887573964497,0.0621301775147929,0.1065088757396449,1
NP_418804.1,214,0.0841121495327102,0.0560747663551401,0.0607476635514018,0.1588785046728972,1
NP_418805.1,322,0.1149068322981366,0.0838509316770186,0.0683229813664596,0.1335403726708074,1
NP_418806.1,460,0.1,0.0869565217391304,0.1043478260869565,0.1065217391304347,1
NP_418807.4,410,0.0634146341463414,0.0609756097560975,0.0609756097560975,0.0878048780487804,1
NP_418808.1,555,0.0738738738738738,0.0864864864864864,0.054054054054054,0.1153153153153153,1
NP_418809.4,645,0.1147286821705426,0.055813953488372,0.0511627906976744,0.0883720930232558,0
NP_418810.1,108,0.0925925925925925,0.0462962962962962,0.0462962962962962,0.1759259259259259,1
NP_418811.2,170,0.1411764705882353,0.088235294117647,0.0941176470588235,0.0588235294117647,1
NP_418812.1,215,0.0790697674418604,0.0744186046511627,0.055813953488372,0.1209302325581395,1
NP_418813.1,289,0.0761245674740484,0.0692041522491349,0.0415224913494809,0.1072664359861591,1
NP_418814.1,157,0.0891719745222929,0.0764331210191082,0.10828025477707,0.0828025477707006,1
NP_418815.1,229,0.0655021834061135,0.0524017467248908,0.0829694323144104,0.1441048034934497,1
NP_418816.1,474,0.1139240506329113,0.0675105485232067,0.0886075949367088,0.1286919831223628,1
NP_418817.1,450,0.0755555555555555,0.0777777777777777,0.0755555555555555,0.14,1
NP_418818.1,238,0.0462184873949579,0.0672268907563025,0.042016806722689,0.1092436974789916,1
NP_418819.1,46,0.0652173913043478,0.0217391304347826,0.1521739130434782,0.108695652173913,0
NP_418820.1,228,0.131578947368421,0.0394736842105263,0.0701754385964912,0.131578947368421,1
YP_001165307.1,159,0.0566037735849056,0.050314465408805,0.0566037735849056,0.1069182389937107,1
YP_001165308.1,33,0.0606060606060606,0.0606060606060606,0.0,0.1515151515151515,0
YP_001165309.1,64,0.0625,0.03125,0.015625,0.03125,0
YP_001165313.1,30,0.0,0.0333333333333333,0.1,0.3,0
YP_001165314.1,57,0.0350877192982456,0.0,0.0526315789473684,0.1228070175438596,0
YP_001165315.1,61,0.0327868852459016,0.0,0.0491803278688524,0.081967213114754,0
YP_001165316.1,57,0.0350877192982456,0.0350877192982456,0.0175438596491228,0.0701754385964912,0
YP_001165317.1,57,0.1228070175438596,0.0175438596491228,0.0701754385964912,0.1052631578947368,0
YP_001165318.1,31,0.064516129032258,0.064516129032258,0.1290322580645161,0.0967741935483871,0
YP_001165319.1,31,0.0967741935483871,0.0967741935483871,0.064516129032258,0.1290322580645161,0
YP_001165320.1,27,0.074074074074074,0.037037037037037,0.037037037037037,0.1851851851851851,0
YP_001165321.1,29,0.1034482758620689,0.0689655172413793,0.1379310344827586,0.2068965517241379,0
YP_001165325.1,19,0.0,0.0526315789473684,0.0526315789473684,0.1052631578947368,0
YP_001165328.2,27,0.1111111111111111,0.037037037037037,0.037037037037037,0.3333333333333333,0
YP_001165331.1,29,0.1379310344827586,0.0,0.1034482758620689,0.3103448275862069,0
YP_001165332.1,92,0.0760869565217391,0.0543478260869565,0.0760869565217391,0.0978260869565217,0
YP_001165333.1,67,0.044776119402985,0.0,0.0597014925373134,0.1641791044776119,0
YP_001165334.1,91,0.1318681318681318,0.0329670329670329,0.0659340659340659,0.1208791208791208,0
YP_001491546.1,28,0.0357142857142857,0.0357142857142857,0.1071428571428571,0.0357142857142857,0
YP_001491548.1,41,0.048780487804878,0.0,0.073170731707317,0.1219512195121951,0
YP_002791237.1,43,0.0465116279069767,0.0232558139534883,0.0232558139534883,0.1395348837209302,0
YP_002791238.1,33,0.0606060606060606,0.0,0.1515151515151515,0.0909090909090909,0
YP_002791239.1,34,0.088235294117647,0.0,0.088235294117647,0.0588235294117647,0
YP_002791240.1,21,0.0,0.0,0.0476190476190476,0.0476190476190476,0
YP_002791241.1,84,0.0357142857142857,0.0119047619047619,0.0238095238095238,0.1785714285714285,0
YP_002791242.1,32,0.15625,0.125,0.125,0.03125,0
YP_002791243.1,24,0.0416666666666666,0.125,0.125,0.0833333333333333,0
YP_002791244.1,21,0.0,0.0,0.0476190476190476,0.1428571428571428,0
YP_002791245.1,28,0.0,0.0357142857142857,0.0357142857142857,0.0714285714285714,0
YP_002791246.1,20,0.15,0.05,0.15,0.0,0
YP_002791247.1,19,0.0526315789473684,0.0,0.1578947368421052,0.1578947368421052,0
YP_002791248.1,18,0.0555555555555555,0.0,0.1666666666666666,0.2222222222222222,0
YP_002791249.1,27,0.037037037037037,0.074074074074074,0.1481481481481481,0.1851851851851851,0
YP_002791250.1,23,0.0869565217391304,0.0869565217391304,0.0869565217391304,0.0434782608695652,0
YP_002791251.1,26,0.0384615384615384,0.0,0.0769230769230769,0.2307692307692307,0
YP_002791252.1,46,0.0434782608695652,0.0217391304347826,0.0869565217391304,0.0434782608695652,0
YP_002791253.1,26,0.0384615384615384,0.0,0.0384615384615384,0.1923076923076923,0
YP_002791254.1,41,0.073170731707317,0.0,0.048780487804878,0.1951219512195122,0
YP_002791255.1,19,0.0526315789473684,0.0,0.1052631578947368,0.2631578947368421,0
YP_002791256.1,19,0.1052631578947368,0.0,0.1578947368421052,0.2631578947368421,0
YP_002791257.1,19,0.0,0.0,0.1578947368421052,0.3157894736842105,0
YP_002791258.1,26,0.1538461538461538,0.0384615384615384,0.0384615384615384,0.1153846153846153,0
YP_002791259.1,16,0.0,0.0625,0.0,0.0,0
YP_002791260.1,36,0.1666666666666666,0.0555555555555555,0.1111111111111111,0.1111111111111111,0
YP_002791261.1,17,0.0588235294117647,0.0588235294117647,0.1176470588235294,0.0,0
YP_003933616.1,17,0.0,0.0,0.0,0.1764705882352941,0
YP_004831120.1,29,0.0344827586206896,0.0,0.1724137931034483,0.1034482758620689,0
YP_008592385.1,21,0.1904761904761904,0.0,0.0952380952380952,0.0952380952380952,0
YP_009029994.1,419,0.1336515513126491,0.107398568019093,0.0596658711217183,0.0763723150357995,1
YP_009029995.1,42,0.0,0.0,0.0714285714285714,0.0952380952380952,0
YP_009518733.1,161,0.0559006211180124,0.0124223602484472,0.031055900621118,0.1055900621118012,1
YP_009518734.1,216,0.037037037037037,0.0648148148148148,0.074074074074074,0.1157407407407407,1
YP_009518735.1,52,0.0576923076923076,0.0384615384615384,0.0769230769230769,0.1346153846153846,0
YP_009518736.1,14,0.0,0.0714285714285714,0.0,0.1428571428571428,0
YP_009518737.1,14,0.0714285714285714,0.0,0.0,0.0714285714285714,0
YP_009518738.1,21,0.1428571428571428,0.0952380952380952,0.0,0.0952380952380952,0
YP_009518739.1,167,0.0359281437125748,0.0658682634730539,0.0718562874251497,0.1077844311377245,1
YP_009518740.1,91,0.0769230769230769,0.0989010989010989,0.0549450549450549,0.0549450549450549,0
YP_009518741.1,381,0.0787401574803149,0.0656167979002624,0.0603674540682414,0.1154855643044619,1
YP_009518742.1,116,0.0689655172413793,0.0862068965517241,0.0517241379310344,0.1379310344827586,1
YP_009518743.1,42,0.119047619047619,0.119047619047619,0.0238095238095238,0.119047619047619,0
YP_009518744.1,243,0.102880658436214,0.0493827160493827,0.0823045267489712,0.0987654320987654,1
YP_009518745.1,74,0.0405405405405405,0.027027027027027,0.027027027027027,0.1216216216216216,0
YP_009518746.1,136,0.088235294117647,0.0808823529411764,0.0367647058823529,0.125,1
YP_009518747.1,24,0.0416666666666666,0.0416666666666666,0.125,0.1666666666666666,0
YP_009518748.2,106,0.1698113207547169,0.1226415094339622,0.1226415094339622,0.1132075471698113,1
YP_009518749.1,39,0.1538461538461538,0.0,0.0,0.1025641025641025,0
YP_009518750.1,27,0.1111111111111111,0.0,0.0,0.074074074074074,0
YP_009518751.1,431,0.1183294663573085,0.0510440835266821,0.0672853828306264,0.1322505800464037,1
YP_009518752.1,70,0.0857142857142857,0.0714285714285714,0.0857142857142857,0.0714285714285714,0
YP_009518753.1,123,0.0975609756097561,0.056910569105691,0.089430894308943,0.0975609756097561,1
YP_009518754.1,49,0.0204081632653061,0.0,0.0816326530612244,0.2448979591836734,0
YP_009518755.1,187,0.0909090909090909,0.0481283422459893,0.0909090909090909,0.0855614973262032,1
YP_009518756.1,61,0.0983606557377049,0.0163934426229508,0.0327868852459016,0.081967213114754,0
YP_009518757.1,29,0.1724137931034483,0.0344827586206896,0.0689655172413793,0.1379310344827586,0
YP_009518758.1,84,0.0476190476190476,0.0714285714285714,0.0714285714285714,0.0952380952380952,0
YP_009518759.1,35,0.0,0.0857142857142857,0.1428571428571428,0.0571428571428571,0
YP_009518760.1,21,0.0,0.0,0.0952380952380952,0.0,0
YP_009518761.1,62,0.064516129032258,0.032258064516129,0.032258064516129,0.064516129032258,0
YP_009518762.2,8,0.125,0.0,0.125,0.0,0
YP_009518763.1,103,0.087378640776699,0.0776699029126213,0.1262135922330097,0.0970873786407767,1
YP_009518764.1,455,0.0923076923076923,0.0681318681318681,0.0681318681318681,0.0703296703296703,1
YP_009518765.1,157,0.0828025477707006,0.0764331210191082,0.0764331210191082,0.10828025477707,1
YP_009518766.1,14,0.1428571428571428,0.0,0.0,0.0714285714285714,0
YP_009518767.1,36,0.0,0.0,0.0555555555555555,0.1388888888888889,0
YP_009518768.1,67,0.1194029850746268,0.0298507462686567,0.0149253731343283,0.1194029850746268,0
YP_009518769.1,91,0.1538461538461538,0.1098901098901098,0.0439560439560439,0.1208791208791208,0
YP_009518770.2,326,0.0858895705521472,0.0490797546012269,0.0368098159509202,0.0981595092024539,1
YP_009518771.1,31,0.064516129032258,0.032258064516129,0.0,0.1290322580645161,0
YP_009518772.1,54,0.037037037037037,0.1111111111111111,0.0185185185185185,0.1111111111111111,0
YP_009518773.1,60,0.0833333333333333,0.0666666666666666,0.05,0.0666666666666666,0
YP_009518774.1,21,0.0952380952380952,0.0476190476190476,0.0,0.0476190476190476,0
YP_009518775.1,57,0.0350877192982456,0.0175438596491228,0.0526315789473684,0.0526315789473684,0
YP_009518776.1,186,0.1290322580645161,0.0483870967741935,0.0591397849462365,0.086021505376344,1
YP_009518777.1,119,0.0924369747899159,0.0504201680672268,0.0672268907563025,0.1008403361344537,1
YP_009518778.1,342,0.1520467836257309,0.0614035087719298,0.0467836257309941,0.0906432748538011,1
YP_009518779.1,37,0.027027027027027,0.054054054054054,0.027027027027027,0.1351351351351351,0
YP_009518780.1,61,0.0,0.0,0.0655737704918032,0.1147540983606557,0
YP_009518781.1,318,0.0377358490566037,0.0188679245283018,0.0314465408805031,0.160377358490566,1
YP_009518782.1,96,0.09375,0.1145833333333333,0.0729166666666666,0.0833333333333333,0
YP_009518783.1,13,0.0769230769230769,0.0,0.2307692307692307,0.1538461538461538,0
YP_009518784.1,40,0.0,0.05,0.125,0.1,0
YP_009518785.1,382,0.0549738219895288,0.1073298429319371,0.0602094240837696,0.0706806282722513,1
YP_009518786.1,427,0.1124121779859484,0.0889929742388758,0.0562060889929742,0.1030444964871194,1
YP_009518787.1,37,0.027027027027027,0.054054054054054,0.027027027027027,0.1351351351351351,0
YP_009518788.1,189,0.1111111111111111,0.0634920634920634,0.0529100529100529,0.0899470899470899,1
YP_009518789.1,21,0.0952380952380952,0.0952380952380952,0.0476190476190476,0.1428571428571428,0
YP_009518790.1,62,0.032258064516129,0.032258064516129,0.0161290322580645,0.064516129032258,0
YP_009518791.1,29,0.0689655172413793,0.0344827586206896,0.0689655172413793,0.2068965517241379,0
YP_009518792.1,49,0.0408163265306122,0.0,0.0408163265306122,0.0612244897959183,0
YP_009518793.1,96,0.125,0.0520833333333333,0.0520833333333333,0.0520833333333333,0
YP_009518794.1,36,0.1111111111111111,0.0555555555555555,0.0555555555555555,0.0833333333333333,0
YP_009518795.2,52,0.0576923076923076,0.0192307692307692,0.0384615384615384,0.1346153846153846,0
YP_009518796.1,58,0.1034482758620689,0.0172413793103448,0.0344827586206896,0.1034482758620689,0
YP_009518797.1,64,0.09375,0.046875,0.109375,0.09375,0
YP_009518798.1,118,0.1101694915254237,0.0762711864406779,0.0932203389830508,0.1016949152542373,1
YP_009518799.1,274,0.0948905109489051,0.0401459854014598,0.083941605839416,0.0766423357664233,1
YP_009518800.1,614,0.1172638436482084,0.0521172638436482,0.0602605863192182,0.1205211726384364,0
YP_009518801.1,54,0.0925925925925925,0.0555555555555555,0.0555555555555555,0.0555555555555555,0
YP_009518802.1,47,0.0212765957446808,0.0851063829787234,0.0638297872340425,0.0851063829787234,0
YP_009518803.1,91,0.1208791208791208,0.0659340659340659,0.0329670329670329,0.0989010989010989,0
YP_009518804.1,122,0.0655737704918032,0.0327868852459016,0.0573770491803278,0.0655737704918032,1
YP_009518805.1,46,0.0652173913043478,0.0434782608695652,0.0217391304347826,0.108695652173913,0
YP_009518806.1,51,0.0196078431372549,0.0784313725490196,0.0,0.2156862745098039,0
YP_009518807.1,104,0.0192307692307692,0.048076923076923,0.0288461538461538,0.0865384615384615,1
YP_009518808.1,263,0.0304182509505703,0.0494296577946768,0.0570342205323193,0.0760456273764258,1
YP_009518809.1,160,0.0625,0.05625,0.0625,0.10625,1
YP_009518810.1,48,0.0416666666666666,0.0625,0.0833333333333333,0.125,0
YP_009518811.1,264,0.0833333333333333,0.053030303030303,0.0492424242424242,0.125,1
YP_009518812.1,23,0.0,0.0434782608695652,0.1739130434782608,0.0434782608695652,0
YP_009518813.1,27,0.037037037037037,0.037037037037037,0.074074074074074,0.037037037037037,0
YP_009518814.1,83,0.072289156626506,0.0602409638554216,0.0481927710843373,0.144578313253012,0
YP_009518815.1,390,0.0846153846153846,0.0666666666666666,0.0384615384615384,0.0974358974358974,1
YP_009518816.1,47,0.0851063829787234,0.0638297872340425,0.0425531914893617,0.1063829787234042,0
YP_009518818.1,56,0.1071428571428571,0.0178571428571428,0.0892857142857142,0.125,0
YP_009518819.1,93,0.075268817204301,0.1075268817204301,0.1075268817204301,0.1505376344086021,0
YP_009518820.1,51,0.0392156862745098,0.0196078431372549,0.0392156862745098,0.1372549019607843,0
YP_009518821.1,111,0.1351351351351351,0.036036036036036,0.009009009009009,0.1261261261261261,1
YP_009518822.1,228,0.1096491228070175,0.1008771929824561,0.087719298245614,0.0964912280701754,1
YP_009518824.1,161,0.1055900621118012,0.0683229813664596,0.062111801242236,0.1118012422360248,1
YP_009518825.1,368,0.0978260869565217,0.1114130434782608,0.0788043478260869,0.125,1
YP_009518826.1,26,0.0,0.0384615384615384,0.0384615384615384,0.0769230769230769,0
YP_009518827.1,33,0.0303030303030303,0.0303030303030303,0.0303030303030303,0.0303030303030303,0
YP_009518828.1,161,0.1180124223602484,0.0683229813664596,0.093167701863354,0.0807453416149068,1
YP_009518830.1,33,0.0,0.0303030303030303,0.0909090909090909,0.0909090909090909,0
YP_009518831.1,47,0.0425531914893617,0.0425531914893617,0.0,0.0851063829787234,0
YP_009518832.1,27,0.1851851851851851,0.074074074074074,0.037037037037037,0.0,0
YP_009518833.1,85,0.0470588235294117,0.1058823529411764,0.0705882352941176,0.0823529411764705,0
YP_009518834.1,505,0.0613861386138613,0.0653465346534653,0.0732673267326732,0.099009900990099,1
YP_010051172.1,799,0.0838548185231539,0.078848560700876,0.0688360450563204,0.1038798498122653,0
YP_010051173.1,15,0.0666666666666666,0.0,0.0,0.0666666666666666,0
YP_010051174.1,31,0.032258064516129,0.032258064516129,0.064516129032258,0.0,0
YP_010051175.1,18,0.0555555555555555,0.0555555555555555,0.1666666666666666,0.0,0
YP_010051176.1,34,0.0588235294117647,0.0,0.0,0.0,0
YP_010051177.1,10,0.0,0.0,0.1,0.0,0
YP_010051178.1,19,0.1578947368421052,0.1052631578947368,0.0526315789473684,0.0526315789473684,0
YP_010051179.1,24,0.1666666666666666,0.0,0.125,0.0,0
YP_010051180.1,242,0.1033057851239669,0.0826446280991735,0.0785123966942148,0.0991735537190082,1
YP_010051181.1,17,0.0588235294117647,0.1176470588235294,0.0588235294117647,0.2352941176470588,0
YP_010051182.1,42,0.0952380952380952,0.0476190476190476,0.0,0.0714285714285714,0
YP_010051183.1,15,0.0666666666666666,0.0,0.0,0.1333333333333333,0
YP_010051184.1,22,0.1363636363636363,0.0454545454545454,0.0454545454545454,0.1818181818181818,0
YP_010051185.1,34,0.0,0.088235294117647,0.1176470588235294,0.0294117647058823,0
YP_010051186.1,56,0.0535714285714285,0.0178571428571428,0.0714285714285714,0.0714285714285714,0
YP_010051187.1,33,0.0303030303030303,0.0303030303030303,0.0303030303030303,0.1818181818181818,0
YP_010051188.1,14,0.0714285714285714,0.0714285714285714,0.0,0.0714285714285714,0
YP_010051189.1,11,0.0909090909090909,0.0909090909090909,0.0909090909090909,0.0,0
YP_010051190.1,48,0.0625,0.125,0.0625,0.125,0
YP_010051191.1,9,0.0,0.1111111111111111,0.0,0.2222222222222222,0
YP_010051192.1,13,0.0,0.0,0.1538461538461538,0.0,0
YP_010051193.1,20,0.05,0.15,0.15,0.2,0
YP_010051194.1,709,0.0874471086036671,0.0705218617771509,0.0691114245416079,0.1100141043723554,0
YP_010051195.1,47,0.0851063829787234,0.0638297872340425,0.0,0.1489361702127659,0
YP_010051196.1,27,0.1111111111111111,0.0,0.037037037037037,0.2222222222222222,0
YP_010051197.1,286,0.1153846153846153,0.0489510489510489,0.0699300699300699,0.1188811188811188,1
YP_010051198.1,19,0.0526315789473684,0.1052631578947368,0.0526315789473684,0.1052631578947368,0
YP_010051199.1,331,0.1087613293051359,0.0483383685800604,0.0815709969788519,0.0815709969788519,1
YP_010051200.1,27,0.074074074074074,0.0,0.074074074074074,0.1111111111111111,0
YP_010051201.1,13,0.1538461538461538,0.0,0.0,0.2307692307692307,0
YP_010051202.1,9,0.0,0.1111111111111111,0.1111111111111111,0.1111111111111111,0
YP_010051203.1,37,0.081081081081081,0.054054054054054,0.027027027027027,0.1891891891891892,0
YP_010051204.1,24,0.0833333333333333,0.0416666666666666,0.0416666666666666,0.1666666666666666,0
YP_010051205.1,17,0.0588235294117647,0.0588235294117647,0.2352941176470588,0.1176470588235294,0
YP_010051206.1,23,0.1304347826086956,0.0869565217391304,0.0434782608695652,0.1304347826086956,0
YP_010051207.1,8,0.0,0.0,0.0,0.0,0
YP_010051208.1,80,0.1,0.0125,0.025,0.1375,0
YP_010051209.1,24,0.125,0.0,0.0833333333333333,0.1666666666666666,0
YP_010051210.1,36,0.0833333333333333,0.0277777777777777,0.0277777777777777,0.0833333333333333,0
YP_010051211.1,19,0.0526315789473684,0.0,0.0526315789473684,0.0,0
YP_010051212.1,24,0.0416666666666666,0.0833333333333333,0.0416666666666666,0.0416666666666666,0
YP_010051213.1,18,0.0,0.0,0.0,0.1111111111111111,0
YP_010051214.1,16,0.0625,0.0,0.0,0.0625,0
YP_010051215.1,22,0.0,0.0454545454545454,0.1818181818181818,0.0454545454545454,0
YP_010051216.1,32,0.125,0.0,0.03125,0.125,0
YP_010051217.1,298,0.0402684563758389,0.0604026845637583,0.046979865771812,0.087248322147651,1
YP_010283908.1,10,0.0,0.0,0.1,0.0,0
YP_010283909.1,19,0.1052631578947368,0.1052631578947368,0.0,0.1052631578947368,0
YP_010283910.1,64,0.109375,0.015625,0.0,0.0625,0
YP_010283911.1,654,0.0871559633027523,0.0688073394495412,0.0840978593272171,0.1177370030581039,0
YP_010283912.1,16,0.0,0.0625,0.125,0.0,0
YP_010283913.1,29,0.0344827586206896,0.0344827586206896,0.0689655172413793,0.1379310344827586,0
YP_010283914.1,41,0.024390243902439,0.048780487804878,0.1219512195121951,0.1707317073170731,0
YP_010283915.1,733,0.1159618008185538,0.0859481582537517,0.102319236016371,0.0627557980900409,0
YP_010283916.1,726,0.1170798898071625,0.0867768595041322,0.1033057851239669,0.0633608815426997,0
YP_010283917.1,17,0.0588235294117647,0.0,0.0,0.1764705882352941,0
YP_010283918.1,18,0.0,0.0,0.1111111111111111,0.1111111111111111,0
YP_010283919.1,18,0.0,0.0,0.0555555555555555,0.2222222222222222,0
YP_010283920.1,11,0.0,0.0,0.0,0.0909090909090909,0
YP_010283921.1,17,0.0,0.0,0.0,0.0588235294117647,0
YP_013606033.1,60,0.0666666666666666,0.05,0.05,0.0833333333333333,0
YP_013606034.1,15,0.0,0.1333333333333333,0.0666666666666666,0.2666666666666666,0
YP_025292.1,50,0.14,0.02,0.16,0.06,0
YP_025293.1,392,0.1326530612244898,0.0816326530612244,0.0816326530612244,0.1275510204081632,1
YP_025294.2,574,0.0818815331010452,0.0853658536585365,0.102787456445993,0.0923344947735191,1
YP_025295.1,50,0.1,0.04,0.12,0.18,0
YP_025297.1,35,0.2,0.0285714285714285,0.0285714285714285,0.0857142857142857,0
YP_025298.1,35,0.2,0.0571428571428571,0.0285714285714285,0.0857142857142857,0
YP_025299.1,35,0.2,0.0285714285714285,0.0285714285714285,0.0857142857142857,0
YP_025300.1,337,0.0890207715133531,0.0652818991097922,0.0682492581602373,0.1186943620178041,1
YP_025301.1,49,0.0612244897959183,0.0204081632653061,0.0612244897959183,0.1836734693877551,0
YP_025302.1,483,0.0910973084886128,0.0579710144927536,0.0662525879917184,0.1159420289855072,1
YP_025303.1,41,0.048780487804878,0.048780487804878,0.1463414634146341,0.1219512195121951,0
YP_025304.1,155,0.0774193548387096,0.1677419354838709,0.1612903225806451,0.0580645161290322,1
YP_025305.1,298,0.0906040268456375,0.0604026845637583,0.0704697986577181,0.1174496644295302,1
YP_025306.1,403,0.1339950372208436,0.0694789081885856,0.086848635235732,0.1563275434243176,1
YP_025307.1,457,0.12472647702407,0.0919037199124726,0.0853391684901531,0.1334792122538293,1
YP_025308.1,753,0.0849933598937583,0.0703851261620186,0.0531208499335989,0.0796812749003984,0
YP_025309.2,248,0.125,0.0887096774193548,0.0725806451612903,0.0967741935483871,1
YP_025310.1,222,0.1126126126126126,0.0765765765765765,0.054054054054054,0.0675675675675675,1
YP_026160.1,66,0.1818181818181818,0.0454545454545454,0.0909090909090909,0.1212121212121212,0
YP_026161.1,232,0.1206896551724138,0.0560344827586206,0.0732758620689655,0.0775862068965517,1
YP_026162.2,328,0.1128048780487804,0.1128048780487804,0.1006097560975609,0.1219512195121951,1
YP_026163.2,121,0.1239669421487603,0.0743801652892562,0.0743801652892562,0.1074380165289256,1
YP_026164.1,1039,0.0933589990375361,0.149181905678537,0.0895091434071222,0.0789220404234841,0
YP_026168.2,291,0.0790378006872852,0.0721649484536082,0.0962199312714776,0.1615120274914089,1
YP_026169.1,404,0.0816831683168316,0.0841584158415841,0.0618811881188118,0.0891089108910891,1
YP_026170.1,1295,0.1142857142857142,0.088030888030888,0.0687258687258687,0.0965250965250965,0
YP_026171.3,428,0.058411214953271,0.0537383177570093,0.0981308411214953,0.1144859813084112,1
YP_026172.1,553,0.1066907775768535,0.0632911392405063,0.0397830018083182,0.1374321880650994,1
YP_026173.1,287,0.0801393728222996,0.0557491289198606,0.0940766550522648,0.1080139372822299,1
YP_026174.2,78,0.1538461538461538,0.1153846153846153,0.1666666666666666,0.1025641025641025,0
YP_026180.1,187,0.0641711229946524,0.1016042780748663,0.0588235294117647,0.1390374331550802,1
YP_026181.1,319,0.0971786833855799,0.122257053291536,0.0877742946708464,0.1003134796238244,1
YP_026182.1,485,0.134020618556701,0.0783505154639175,0.090721649484536,0.1175257731958762,1
YP_026183.1,484,0.0661157024793388,0.0888429752066115,0.0764462809917355,0.0661157024793388,1
YP_026185.1,396,0.1035353535353535,0.0656565656565656,0.053030303030303,0.1035353535353535,1
YP_026186.1,455,0.1252747252747252,0.1164835164835164,0.1032967032967032,0.1362637362637362,1
YP_026187.1,425,0.1011764705882353,0.0988235294117647,0.0894117647058823,0.0894117647058823,1
YP_026188.1,663,0.1342383107088989,0.0874811463046757,0.057315233785822,0.0754147812971342,0
YP_026189.1,1520,0.0756578947368421,0.0796052631578947,0.0651315789473684,0.0756578947368421,0
YP_026190.1,407,0.1031941031941031,0.0638820638820638,0.0663390663390663,0.1277641277641277,1
YP_026191.1,350,0.0828571428571428,0.1114285714285714,0.0542857142857142,0.12,1
YP_026192.1,355,0.1183098591549295,0.0901408450704225,0.0845070422535211,0.1183098591549295,1
YP_026195.1,308,0.0974025974025974,0.0357142857142857,0.0681818181818181,0.0811688311688311,1
YP_026196.1,739,0.0825439783491204,0.0649526387009472,0.0527740189445196,0.0690121786197564,0
YP_026197.1,160,0.075,0.06875,0.08125,0.08125,1
YP_026199.1,1030,0.0660194174757281,0.0689320388349514,0.0679611650485436,0.0737864077669902,0
YP_026200.1,477,0.10062893081761,0.0775681341719077,0.0880503144654088,0.1027253668763102,1
YP_026201.1,321,0.0996884735202492,0.0747663551401869,0.1059190031152648,0.1495327102803738,1
YP_026202.1,436,0.1605504587155963,0.0825688073394495,0.0779816513761468,0.0986238532110091,1
YP_026203.3,443,0.0948081264108352,0.0790067720090293,0.0948081264108352,0.1241534988713318,1
YP_026204.1,454,0.1101321585903083,0.0991189427312775,0.079295154185022,0.0748898678414096,1
YP_026205.1,764,0.0903141361256544,0.0693717277486911,0.0589005235602094,0.0903141361256544,0
YP_026207.1,778,0.0655526992287917,0.0565552699228791,0.0822622107969151,0.1246786632390745,0
YP_026208.1,1266,0.089257503949447,0.0868878357030015,0.0521327014218009,0.1192733017377567,0
YP_026209.1,393,0.099236641221374,0.0763358778625954,0.0839694656488549,0.1399491094147582,1
YP_026210.1,180,0.0722222222222222,0.0833333333333333,0.0555555555555555,0.0611111111111111,1
YP_026211.1,374,0.0962566844919786,0.0828877005347593,0.0935828877005347,0.1283422459893048,1
YP_026212.2,268,0.1380597014925373,0.1044776119402985,0.0634328358208955,0.126865671641791,1
YP_026213.1,276,0.0869565217391304,0.0760869565217391,0.0398550724637681,0.1050724637681159,1
YP_026214.1,301,0.0830564784053156,0.0730897009966777,0.0963455149501661,0.1229235880398671,1
YP_026215.2,173,0.0693641618497109,0.0751445086705202,0.0809248554913294,0.0867052023121387,1
YP_026216.2,158,0.0632911392405063,0.0569620253164556,0.0886075949367088,0.0759493670886076,1
YP_026217.1,438,0.1118721461187214,0.1050228310502283,0.0958904109589041,0.1301369863013698,1
YP_026218.1,797,0.1003764115432873,0.0614805520702634,0.0677540777917189,0.1028858218318695,0
YP_026219.1,338,0.1065088757396449,0.1065088757396449,0.0976331360946745,0.1094674556213017,1
YP_026220.1,276,0.1123188405797101,0.0869565217391304,0.072463768115942,0.1195652173913043,1
YP_026221.1,446,0.132286995515695,0.1143497757847533,0.0941704035874439,0.1367713004484305,1
YP_026222.1,331,0.0906344410876132,0.0815709969788519,0.0725075528700906,0.1027190332326284,1
YP_026223.1,367,0.1335149863760218,0.0980926430517711,0.0735694822888283,0.0735694822888283,1
YP_026224.1,1411,0.0644932671863926,0.0928419560595322,0.0446491849751949,0.0900070871722182,0
YP_026225.1,911,0.0834248079034028,0.0713501646542261,0.0680570801317233,0.12403951701427,0
YP_026226.4,1157,0.1244598098530682,0.0717372515125324,0.0475367329299913,0.0942091616248919,0
YP_026227.1,35,0.1714285714285714,0.0571428571428571,0.0571428571428571,0.1142857142857142,0
YP_026228.1,219,0.1324200913242009,0.136986301369863,0.0776255707762557,0.0821917808219178,1
YP_026229.1,50,0.06,0.0,0.02,0.2,0
YP_026230.1,274,0.0985401459854014,0.0437956204379562,0.0437956204379562,0.0766423357664233,1
YP_026231.1,417,0.0671462829736211,0.0863309352517985,0.0359712230215827,0.1199040767386091,1
YP_026232.1,425,0.1129411764705882,0.0847058823529411,0.1011764705882353,0.1388235294117647,1
YP_026233.1,383,0.1618798955613577,0.0704960835509138,0.0704960835509138,0.0809399477806788,1
YP_026237.1,382,0.0968586387434555,0.0916230366492146,0.0680628272251308,0.0890052356020942,1
YP_026238.1,205,0.1756097560975609,0.0926829268292682,0.0829268292682926,0.0780487804878048,1
YP_026239.1,229,0.1222707423580786,0.0262008733624454,0.056768558951965,0.0917030567685589,1
YP_026240.1,218,0.0871559633027523,0.0779816513761468,0.0688073394495412,0.0963302752293578,1
YP_026241.1,804,0.0833333333333333,0.0758706467661691,0.0684079601990049,0.0870646766169154,0
YP_026242.1,240,0.0833333333333333,0.0958333333333333,0.0708333333333333,0.1083333333333333,1
YP_026243.1,483,0.0745341614906832,0.0434782608695652,0.0559006211180124,0.1304347826086956,1
YP_026244.1,622,0.0803858520900321,0.067524115755627,0.0884244372990353,0.1382636655948553,0
YP_026245.1,230,0.108695652173913,0.0391304347826087,0.0565217391304347,0.1130434782608695,1
YP_026246.1,279,0.089605734767025,0.050179211469534,0.039426523297491,0.1541218637992831,1
YP_026247.1,309,0.0906148867313915,0.0970873786407767,0.0809061488673139,0.0679611650485436,1
YP_026248.1,616,0.1136363636363636,0.1022727272727272,0.0633116883116883,0.0892857142857142,0
YP_026251.1,673,0.0772659732540861,0.0594353640416047,0.050520059435364,0.1203566121842496,0
YP_026252.1,494,0.1052631578947368,0.0647773279352226,0.0668016194331983,0.1376518218623481,1
YP_026253.1,376,0.0744680851063829,0.0558510638297872,0.0824468085106382,0.1090425531914893,1
YP_026254.1,420,0.1119047619047619,0.0595238095238095,0.1023809523809523,0.0833333333333333,1
YP_026255.1,355,0.0957746478873239,0.0704225352112676,0.0647887323943662,0.0929577464788732,1
YP_026256.2,224,0.1741071428571428,0.0669642857142857,0.0580357142857142,0.1026785714285714,1
YP_026257.1,359,0.0919220055710306,0.064066852367688,0.0612813370473537,0.116991643454039,1
YP_026258.1,461,0.1149674620390455,0.0997830802603036,0.0932754880694143,0.0954446854663774,1
YP_026259.1,411,0.0875912408759124,0.0705596107055961,0.0754257907542579,0.0948905109489051,1
YP_026260.1,313,0.108626198083067,0.0894568690095846,0.0766773162939297,0.134185303514377,1
YP_026261.1,254,0.0984251968503937,0.0944881889763779,0.0708661417322834,0.1023622047244094,1
YP_026262.1,296,0.1114864864864864,0.0608108108108108,0.0743243243243243,0.1418918918918918,1
YP_026263.3,609,0.0870279146141215,0.0722495894909688,0.0689655172413793,0.1067323481116584,0
YP_026264.1,206,0.1116504854368932,0.1067961165048543,0.0825242718446602,0.1359223300970873,1
YP_026265.1,206,0.1213592233009708,0.0825242718446602,0.0728155339805825,0.1407766990291262,1
YP_026266.1,340,0.0970588235294117,0.0764705882352941,0.0705882352941176,0.0764705882352941,1
YP_026267.1,266,0.0789473684210526,0.075187969924812,0.0714285714285714,0.112781954887218,1
YP_026268.1,271,0.1291512915129151,0.081180811808118,0.059040590405904,0.081180811808118,1
YP_026269.1,251,0.0796812749003984,0.0756972111553784,0.0876494023904382,0.0916334661354581,1
YP_026270.1,171,0.1286549707602339,0.0292397660818713,0.0818713450292397,0.0935672514619883,1
YP_026271.1,260,0.1192307692307692,0.0576923076923076,0.05,0.1076923076923077,1
YP_026272.1,387,0.1472868217054263,0.0956072351421188,0.0723514211886304,0.0930232558139534,1
YP_026273.1,483,0.093167701863354,0.0910973084886128,0.0766045548654244,0.134575569358178,1
YP_026274.1,607,0.0609555189456342,0.0840197693574958,0.0955518945634266,0.0873146622734761,0
YP_026275.1,467,0.0985010706638115,0.0792291220556745,0.0535331905781584,0.1241970021413276,1
YP_026276.1,419,0.1026252983293556,0.0572792362768496,0.0548926014319809,0.107398568019093,1
YP_026277.1,166,0.0903614457831325,0.0240963855421686,0.072289156626506,0.0843373493975903,1
YP_026278.1,833,0.112845138055222,0.0600240096038415,0.04921968787515,0.1236494597839135,0
YP_026279.1,66,0.1363636363636363,0.0757575757575757,0.0606060606060606,0.106060606060606,0
YP_026280.1,257,0.0700389105058365,0.0700389105058365,0.0817120622568093,0.0933852140077821,1
YP_026281.1,109,0.036697247706422,0.036697247706422,0.018348623853211,0.0825688073394495,1
YP_026282.1,252,0.0595238095238095,0.0912698412698412,0.0952380952380952,0.1507936507936507,1
YP_026283.1,41,0.0975609756097561,0.0975609756097561,0.048780487804878,0.1707317073170731,0
YP_026284.1,48,0.1458333333333333,0.1041666666666666,0.1041666666666666,0.0625,0
YP_026285.1,312,0.0576923076923076,0.0576923076923076,0.048076923076923,0.0865384615384615,1
YP_026286.1,500,0.086,0.08,0.062,0.126,1
YP_026287.1,167,0.1017964071856287,0.0898203592814371,0.0658682634730539,0.1077844311377245,1
YP_026288.1,398,0.0603015075376884,0.0678391959798995,0.0753768844221105,0.1381909547738693,1
YP_026290.1,304,0.0657894736842105,0.0296052631578947,0.0427631578947368,0.1118421052631579,1
YP_026291.2,259,0.1042471042471042,0.0656370656370656,0.0617760617760617,0.1312741312741312,1
YP_588435.1,73,0.0547945205479452,0.0684931506849315,0.0547945205479452,0.0410958904109589,0
YP_588437.1,46,0.0434782608695652,0.0434782608695652,0.0869565217391304,0.0652173913043478,0
YP_588439.1,46,0.0652173913043478,0.0869565217391304,0.0434782608695652,0.1521739130434782,0
YP_588440.1,60,0.0166666666666666,0.05,0.1,0.0833333333333333,0
YP_588441.1,72,0.0972222222222222,0.0416666666666666,0.0277777777777777,0.0833333333333333,0
YP_588442.1,65,0.0923076923076923,0.1076923076923077,0.0307692307692307,0.0461538461538461,0
YP_588443.1,29,0.1379310344827586,0.1034482758620689,0.1379310344827586,0.2413793103448276,0
YP_588444.1,37,0.1351351351351351,0.1081081081081081,0.054054054054054,0.1351351351351351,0
YP_588445.1,91,0.0769230769230769,0.0989010989010989,0.0549450549450549,0.0439560439560439,0
YP_588446.1,57,0.087719298245614,0.0350877192982456,0.0350877192982456,0.0526315789473684,0
YP_588447.1,72,0.0555555555555555,0.0277777777777777,0.0833333333333333,0.2083333333333333,0
YP_588449.3,46,0.108695652173913,0.0652173913043478,0.108695652173913,0.1521739130434782,0
YP_588450.2,55,0.0363636363636363,0.0181818181818181,0.0545454545454545,0.0727272727272727,0
YP_588451.1,56,0.0892857142857142,0.0178571428571428,0.0178571428571428,0.0714285714285714,0
YP_588452.1,61,0.0163934426229508,0.0491803278688524,0.0983606557377049,0.081967213114754,0
YP_588453.1,88,0.1931818181818181,0.1136363636363636,0.0454545454545454,0.0909090909090909,0
YP_588454.1,77,0.0519480519480519,0.0259740259740259,0.0389610389610389,0.0519480519480519,0
YP_588455.2,35,0.1142857142857142,0.0571428571428571,0.0857142857142857,0.1428571428571428,0
YP_588456.1,79,0.050632911392405,0.1265822784810126,0.0759493670886076,0.1645569620253164,0
YP_588458.1,84,0.0357142857142857,0.0357142857142857,0.0357142857142857,0.0952380952380952,0
YP_588459.1,105,0.0380952380952381,0.019047619047619,0.0571428571428571,0.0857142857142857,1
YP_588460.1,35,0.1428571428571428,0.2,0.0571428571428571,0.1428571428571428,0
YP_588461.1,84,0.0952380952380952,0.0714285714285714,0.0119047619047619,0.0714285714285714,0
YP_588462.1,111,0.0990990990990991,0.072072072072072,0.1351351351351351,0.1801801801801801,1
YP_588463.1,66,0.0606060606060606,0.0757575757575757,0.0303030303030303,0.106060606060606,0
YP_588464.1,72,0.0416666666666666,0.0694444444444444,0.0138888888888888,0.1805555555555555,0
YP_588465.1,66,0.0303030303030303,0.0151515151515151,0.0909090909090909,0.1212121212121212,0
YP_588466.1,66,0.0757575757575757,0.0606060606060606,0.0606060606060606,0.0303030303030303,0
YP_588467.1,72,0.0555555555555555,0.125,0.0277777777777777,0.0833333333333333,0
YP_588468.1,66,0.1212121212121212,0.0454545454545454,0.0606060606060606,0.0,0
YP_588469.1,99,0.0909090909090909,0.0505050505050505,0.0707070707070707,0.0707070707070707,0
YP_588470.1,69,0.0579710144927536,0.0579710144927536,0.0579710144927536,0.1304347826086956,0
YP_588471.1,97,0.0824742268041237,0.0206185567010309,0.0412371134020618,0.1030927835051546,0
YP_588472.1,85,0.0352941176470588,0.0941176470588235,0.0705882352941176,0.1176470588235294,0
YP_588473.1,67,0.0597014925373134,0.0746268656716417,0.0746268656716417,0.1044776119402985,0
YP_588474.1,57,0.0526315789473684,0.0350877192982456,0.087719298245614,0.1578947368421052,0
YP_588476.1,92,0.0869565217391304,0.0760869565217391,0.0217391304347826,0.1304347826086956,0
YP_588477.1,85,0.0470588235294117,0.0470588235294117,0.0823529411764705,0.1294117647058823,0
YP_588478.1,78,0.0512820512820512,0.1025641025641025,0.0384615384615384,0.2435897435897435,0
YP_588479.2,53,0.1698113207547169,0.1509433962264151,0.0943396226415094,0.1320754716981132,0
